source,rel,exp,init,tau,Re,E_star,lambda_var,point_id,seed,stored_label,stored_id,E_r,modal_coverage,recon_rmse,f1_firstHarm,A10,f2_mode2,A20,ft_temporal,dominant_i,dominant_j,corr_label
P2_maingrid,re1000_e0.1\seed_0,,,,1000,0.1,1.0,re1000_e0.1,0,B1_Mode2,,0.1198878335555686,0.9999999999999999,1.1457099814240254e-16,2.307243617007198e-05,-0.002352064789617442,0.7960823219851423,-0.4368994962567142,0.0718374674979786,1,0,B1
P2_maingrid,re1000_e0.1\seed_1,,,,1000,0.1,1.0,re1000_e0.1,1,B1_Mode2,,0.12240178916385741,0.9999999999999999,1.1047091537098355e-16,0.0006307978431690188,-0.012426647545061398,0.9030156197027424,0.4701717292533125,0.00618763901756228,1,0,B1
P2_maingrid,re1000_e0.1\seed_2,,,,1000,0.1,1.0,re1000_e0.1,2,B1_Mode2,,0.12527418955944508,1.0000000000000002,1.107054277996665e-16,0.001129899384162677,0.01682541111739594,0.8974758724433785,0.47419523947315234,0.004361100490294741,1,0,B1
P2_maingrid,re1000_e0.1\seed_3,,,,1000,0.1,1.0,re1000_e0.1,3,B2_temporal,,0.12160874749679955,0.9999999999999999,1.2125283227668867e-16,0.0018256890549162921,-0.021072245219102115,0.04920989670092536,0.10940158958851029,0.948459643617096,0,1,B2
P2_maingrid,re1000_e0.1\seed_4,,,,1000,0.1,1.0,re1000_e0.1,4,B2_temporal,,0.12525350125653048,0.9999999999999998,1.3034415913338485e-16,8.467249376510067e-05,-0.0046055458534685345,0.08322858270788036,0.14439301498881962,0.9163726287175519,0,1,B2
P2_maingrid,re1000_e0.25\seed_0,,,,1000,0.25,1.0,re1000_e0.25,0,B3_mixed,,0.24023392160360058,1.0000000000000002,1.4888826776377014e-16,0.004949736796023631,0.048766682918041454,0.4358568166428998,-0.45761903876430954,0.5157763426697018,1,0,mixed
P2_maingrid,re1000_e0.25\seed_1,,,,1000,0.25,1.0,re1000_e0.25,1,B1_Mode2,,0.2657723532468718,1.0,1.4448490637628466e-16,9.171566994428492e-05,-0.006982190119254272,0.9364021703006623,0.7055066383618017,0.027107587676507176,1,0,B1
P2_maingrid,re1000_e0.25\seed_2,,,,1000,0.25,1.0,re1000_e0.25,2,B1_Mode2,,0.2641202799460255,1.0000000000000002,1.4101631505701243e-16,0.0033218860541905995,0.041889795286719156,0.9219588850519866,0.6978653721437341,0.006077754494015637,1,0,B1
P2_maingrid,re1000_e0.25\seed_3,,,,1000,0.25,1.0,re1000_e0.25,3,B2_temporal,,0.2636199947252992,1.0,1.5606188822008732e-16,0.0017601567193244092,-0.030463502919526528,0.03174133320850781,0.12936498825417017,0.9659000331101995,0,1,B2
P2_maingrid,re1000_e0.25\seed_4,,,,1000,0.25,1.0,re1000_e0.25,4,B2_temporal,,0.2636872627012806,1.0,1.5911438707831197e-16,0.0001645052821117968,-0.00931428446419387,0.03863871604268883,0.1427482908310196,0.9608426610884531,0,1,B2
P2_maingrid,re1000_e0.5\seed_0,,,,1000,0.5,1.0,re1000_e0.5,0,B3_mixed,,0.4612524248079106,1.0,2.2014678076855826e-16,0.00573000312015165,0.0727045780309169,0.34554078354916656,-0.5645910454161994,0.6300302669891389,0,1,mixed
P2_maingrid,re1000_e0.5\seed_1,,,,1000,0.5,1.0,re1000_e0.5,1,B1_Mode2,,0.5163353921134394,0.9999999999999998,2.2151375026442907e-16,2.8914676473303777e-05,0.005464370195123414,0.9529618927370005,0.9920160810748226,0.03679576698349008,1,0,B1
P2_maingrid,re1000_e0.5\seed_2,,,,1000,0.5,1.0,re1000_e0.5,2,B1_Mode2,,0.5125233301759353,1.0,2.1407723898206887e-16,0.0030341589139647658,0.05576875883266941,0.94899665165733,0.9862889274783803,0.012698399637234431,1,0,B1
P2_maingrid,re1000_e0.5\seed_3,,,,1000,0.5,1.0,re1000_e0.5,3,B2_temporal,,0.5155795965771413,0.9999999999999998,2.438242219612869e-16,0.002268995867060316,-0.04837040363226585,0.015952502648937317,0.1282558761237463,0.9814058986319714,0,1,B2
P2_maingrid,re1000_e0.5\seed_4,,,,1000,0.5,1.0,re1000_e0.5,4,B2_temporal,,0.49650104380512444,0.9999999999999999,2.2954880608547307e-16,8.036934200401394e-05,0.008933472135169387,0.0029454809579224014,-0.054082055621372055,0.9965200800066294,0,1,B2
P2_maingrid,re1000_e1\seed_0,,,,1000,1.0,1.0,re1000_e1,0,B3_mixed,,0.8873212338197111,1.0,2.5333708199740417e-16,0.05031197153979251,0.29880723104567225,0.002282971301635067,0.06365106302555865,0.1058707323049584,2,0,mixed
P2_maingrid,re1000_e1\seed_1,,,,1000,1.0,1.0,re1000_e1,1,B1_Mode2,,1.0315441347611314,1.0,2.872886219680143e-16,0.0007386048877725024,0.039035971613055276,0.9619079827988997,1.408723207614694,0.01968657188217764,1,0,B1
P2_maingrid,re1000_e1\seed_10,,,,1000,1.0,1.0,re1000_e1,10,B3_mixed,,1.0634055285520774,1.0,2.9232144109259284e-16,0.06113562673726818,0.36058830669867037,0.1943401201013425,-0.6429033490894915,0.4715137750470634,1,1,mixed
P2_maingrid,re1000_e1\seed_11,,,,1000,1.0,1.0,re1000_e1,11,B3_mixed,,0.9713227560237374,0.9999999999999999,2.8139496074669636e-16,0.060814870777720825,0.3437175232397768,0.21546588815714052,-0.6469728283535501,0.37121276223980576,2,0,mixed
P2_maingrid,re1000_e1\seed_12,,,,1000,1.0,1.0,re1000_e1,12,B2_temporal,,0.9710409873822505,0.9999999999999999,3.005748340619964e-16,0.004024021306064509,0.08840237126104813,0.00025397339435482294,-0.022208943046580536,0.9889894055571954,0,1,B2
P2_maingrid,re1000_e1\seed_13,,,,1000,1.0,1.0,re1000_e1,13,B1_Mode2,,0.9868065318854764,1.0,2.8104449019157976e-16,0.0009114974681378126,0.04241395184029584,0.9490486942988104,1.3685959598153494,0.023063972798479264,1,0,B1
P2_maingrid,re1000_e1\seed_14,,,,1000,1.0,1.0,re1000_e1,14,B1_Mode2,,0.9861407113146506,1.0,2.8438964597676855e-16,0.01277360128266516,0.15872345922980102,0.6814558160979889,1.159319906856064,0.15400685313071003,1,0,B1
P2_maingrid,re1000_e1\seed_15,,,,1000,1.0,1.0,re1000_e1,15,B1_Mode2,,1.0386203946853396,1.0000000000000004,3.174897038352739e-16,0.0022981596589098964,-0.06909291558455066,0.801656822492544,1.2904395571892557,0.14587498843703225,1,0,B1
P2_maingrid,re1000_e1\seed_16,,,,1000,1.0,1.0,re1000_e1,16,B1_Mode2,,0.9793124540066185,0.9999999999999997,3.184221585752674e-16,0.00030844020964631034,0.024578825790628978,0.8306298558397629,1.2754968933663475,0.10371433154679804,1,0,B1
P2_maingrid,re1000_e1\seed_17,,,,1000,1.0,1.0,re1000_e1,17,B3_mixed,,0.9863082972192319,0.9999999999999999,2.908772658796647e-16,0.0069136750608847445,0.11678197700697057,0.6172579070086964,-1.103455114816053,0.3145849099713328,1,0,mixed
P2_maingrid,re1000_e1\seed_18,,,,1000,1.0,1.0,re1000_e1,18,B1_Mode2,,1.0185195647982814,1.0,3.0010759869092373e-16,0.00030431511051625884,0.024897826970422976,0.9739341495166413,-1.4085247503028648,0.010091740688648914,1,0,B1
P2_maingrid,re1000_e1\seed_19,,,,1000,1.0,1.0,re1000_e1,19,B1_Mode2,,0.992703987702219,1.0000000000000002,2.8621822224618723e-16,0.0004134137451274418,0.028649519135891977,0.6988016810815407,-1.177882180375151,0.26494945154928057,1,0,B1
P2_maingrid,re1000_e1\seed_2,,,,1000,1.0,1.0,re1000_e1,2,B1_Mode2,,1.0233997098471064,1.0,2.837581996209765e-16,0.001323463323629482,0.05204674785989416,0.9314312597688821,1.3807436264491673,0.05580546778723318,1,0,B1
P2_maingrid,re1000_e1\seed_3,,,,1000,1.0,1.0,re1000_e1,3,B2_temporal,,0.9716031639646439,1.0,3.044575112449214e-16,0.0034720799295829808,-0.08213992750326679,0.005716213724375011,0.10539346602613353,0.9907783171966493,0,1,B2
P2_maingrid,re1000_e1\seed_4,,,,1000,1.0,1.0,re1000_e1,4,B2_temporal,,0.9660651486653913,1.0000000000000002,3.1855387612549385e-16,0.00031097980696936196,0.024512313373151517,0.01972693445735787,-0.1952306526612041,0.9796166469945581,0,1,B2
P2_maingrid,re1000_e1\seed_5,,,,1000,1.0,1.0,re1000_e1,5,B1_Mode2,,0.9885575245294067,0.9999999999999999,2.951813544030986e-16,0.01568135375108295,0.1760790745400514,0.6497546834845984,1.1334194999707061,0.2276328306713945,1,0,B1
P2_maingrid,re1000_e1\seed_6,,,,1000,1.0,1.0,re1000_e1,6,B1_Mode2,,0.9984626559132546,1.0,2.7939263326225737e-16,0.008749742762729402,-0.1321838976383476,0.9184901455590243,1.354310237844354,0.03809311309557255,1,0,B1
P2_maingrid,re1000_e1\seed_7,,,,1000,1.0,1.0,re1000_e1,7,B1_Mode2,,0.9726758845028187,0.9999999999999999,2.7267312451554275e-16,0.005957640393955667,-0.10765549813865105,0.9433421373342182,1.354670548746329,0.02098118478389886,1,0,B1
P2_maingrid,re1000_e1\seed_8,,,,1000,1.0,1.0,re1000_e1,8,B2_temporal,,0.9441719531169351,1.0000000000000002,2.941358779211899e-16,0.03968314029265441,0.2737433399223764,0.1349536589442671,0.5048157282527663,0.5391022998539291,0,1,B2
P2_maingrid,re1000_e1\seed_9,,,,1000,1.0,1.0,re1000_e1,9,B3_mixed,,1.0105153121522044,1.0000000000000002,2.986388552916374e-16,0.03386096580708222,0.2615990230574985,0.47707939740780736,0.981932824782771,0.3479392772189248,1,0,mixed
P2_maingrid,re1000_e2\seed_0,,,,1000,2.0,1.0,re1000_e2,0,B3_mixed,,1.809155930002079,1.0000000000000002,4.1209663520896826e-16,0.08013786564528479,0.5384828592441487,0.015759460439723774,0.2387941427596558,0.12858346435133858,2,0,mixed
P2_maingrid,re1000_e2\seed_1,,,,1000,2.0,1.0,re1000_e2,1,B1_Mode2,,2.0449611696521623,0.9999999999999998,4.353337471074344e-16,0.0025959031869640043,0.10303903355056943,0.9364599127597913,1.957050923471142,0.04274591518380589,1,0,B1
P2_maingrid,re1000_e2\seed_2,,,,1000,2.0,1.0,re1000_e2,2,B1_Mode2,,1.9341492802603089,1.0,3.90249819143837e-16,0.049271475256443875,0.436573907613853,0.5544639696761411,1.46452455621569,0.1170574913253319,1,0,B1
P2_maingrid,re1000_e2\seed_3,,,,1000,2.0,1.0,re1000_e2,3,B2_temporal,,1.9414250657555665,1.0000000000000002,4.185644221382739e-16,0.01132083825473082,0.20965952949054767,0.011754071445227636,-0.21363355976272402,0.9695801988550597,0,1,B2
P2_maingrid,re1000_e2\seed_4,,,,1000,2.0,1.0,re1000_e2,4,B2_temporal,,1.9381533499037227,1.0,4.634051530338347e-16,3.2754588516172785e-05,0.011267955933294937,0.16400012114087595,0.7973172319394647,0.8348732006841472,0,1,B2
P2_maingrid,re100_e0.1\seed_0,,,,100,0.1,1.0,re100_e0.1,0,B2_temporal,,0.1099528188029679,1.0,1.0676825949093302e-16,0.004009327106618324,0.029692989639840312,0.016347207663626736,-0.059957010635508484,0.9793951939240073,0,1,B2
P2_maingrid,re100_e0.1\seed_1,,,,100,0.1,1.0,re100_e0.1,1,B2_temporal,,0.11143475213256519,1.0,1.0349237469392545e-16,0.00029466316139574504,-0.008103791255052527,0.004744328781455527,-0.032517167828606836,0.9949254499839845,0,1,B2
P2_maingrid,re100_e0.1\seed_2,,,,100,0.1,1.0,re100_e0.1,2,B3_mixed,,0.1129073101525107,0.9999999999999999,1.1253955813701751e-16,0.003607556536625683,0.028541881674953154,0.3626454860720208,0.2861654289789095,0.6181916776892651,0,1,mixed
P2_maingrid,re100_e0.1\seed_3,,,,100,0.1,1.0,re100_e0.1,3,B2_temporal,,0.12540934005513235,0.9999999999999996,1.298835527203182e-16,0.002121581483974996,-0.023067992274079362,0.006792338418908013,0.04127523903132179,0.9909591824545849,0,1,B2
P2_maingrid,re100_e0.1\seed_4,,,,100,0.1,1.0,re100_e0.1,4,B2_temporal,,0.11944213428367152,1.0,1.1366680374293877e-16,0.00012764871359113744,0.005522071131358336,1.2630803661860416e-05,0.0017370377929628485,0.9992288710822025,0,1,B2
P2_maingrid,re100_e0.25\seed_0,,,,100,0.25,1.0,re100_e0.25,0,B2_temporal,,0.23712213607932345,1.0,1.4286998443809225e-16,0.003029871979277226,0.03790645633063327,0.006769478349683352,-0.056660271203368764,0.990148096314359,0,1,B2
P2_maingrid,re100_e0.25\seed_1,,,,100,0.25,1.0,re100_e0.25,1,B2_temporal,,0.23990386734639035,0.9999999999999998,1.606666263319045e-16,0.0008734282096663802,-0.020471385168004556,0.01107424168333487,-0.07289380505585691,0.9875226455571441,0,1,B2
P2_maingrid,re100_e0.25\seed_2,,,,100,0.25,1.0,re100_e0.25,2,B3_mixed,,0.24520148204094633,1.0000000000000002,1.6299264098945586e-16,0.003384899085950449,0.04074266246661096,0.4769009460256578,0.48360483610530747,0.49773895152839753,1,0,mixed
P2_maingrid,re100_e0.25\seed_3,,,,100,0.25,1.0,re100_e0.25,3,B2_temporal,,0.266915289407796,0.9999999999999998,1.8066936736658363e-16,0.001983714970981879,-0.032541784080846146,0.03498102739107429,0.13665263297771202,0.9626284450568656,0,1,B2
P2_maingrid,re100_e0.25\seed_4,,,,100,0.25,1.0,re100_e0.25,4,B2_temporal,,0.2561799870087757,1.0,1.521564303849121e-16,5.132270951370842e-05,0.0051279335129225286,4.352035480994836e-06,0.0014932544277402884,0.9998748179043735,0,1,B2
P2_maingrid,re100_e0.5\seed_0,,,,100,0.5,1.0,re100_e0.5,0,B2_temporal,,0.46279775433336356,0.9999999999999998,2.3111929093982514e-16,0.0027164506876415817,0.050143140667450126,0.00010867805981428836,-0.010029552535119363,0.9969028031231417,0,1,B2
P2_maingrid,re100_e0.5\seed_1,,,,100,0.5,1.0,re100_e0.5,1,B2_temporal,,0.4675152962879402,1.0000000000000004,2.4824450126527865e-16,0.0020022078033456393,-0.0432680661553336,0.030032800914195957,-0.16757561766412823,0.9662109040571187,0,1,B2
P2_maingrid,re100_e0.5\seed_2,,,,100,0.5,1.0,re100_e0.5,2,B1_Mode2,,0.49546487706474085,1.0,2.2144061941888484e-16,0.002342804226855437,0.04818251152120828,0.7940427505890043,0.8870403528642085,0.15275426226339564,1,0,B1
P2_maingrid,re100_e0.5\seed_3,,,,100,0.5,1.0,re100_e0.5,3,B1_Mode2,,0.490678668760896,1.0,1.913577734605495e-16,1.5677232614423318e-05,-0.003922367557764095,0.9181974099935692,0.9492522138982318,0.0051121229762116065,1,0,B1
P2_maingrid,re100_e0.5\seed_4,,,,100,0.5,1.0,re100_e0.5,4,B2_temporal,,0.4931505599887517,1.0,2.1913872677463101e-16,4.5921313654277426e-05,0.0067299511950720745,0.0055729321721539405,-0.07413898598547253,0.9938228831859657,0,1,B2
P2_maingrid,re100_e1\seed_0,,,,100,1.0,1.0,re100_e1,0,B2_temporal,,0.9126890298320953,1.0000000000000002,2.6385423170032836e-16,0.0013960574257938737,0.050481012223165714,0.047020770247955174,-0.2929687395595785,0.9459043692772524,0,1,B2
P2_maingrid,re100_e1\seed_1,,,,100,1.0,1.0,re100_e1,1,B2_temporal,,0.9212740902225713,1.0,2.943102850552023e-16,0.0026281308105794016,-0.06958776934925343,0.1490283015686134,-0.5240151008225609,0.8426244164343761,0,1,B2
P2_maingrid,re100_e1\seed_2,,,,100,1.0,1.0,re100_e1,2,B1_Mode2,,1.0114888204496144,1.0,2.7435333460879574e-16,0.0024948804176285625,0.0710428553872936,0.8874802048711626,1.3399076875647176,0.048474404161769576,1,0,B1
P2_maingrid,re100_e1\seed_3,,,,100,1.0,1.0,re100_e1,3,B1_Mode2,,0.9828584323772356,1.0000000000000002,2.8496043345625026e-16,0.00039614638362811907,0.02790540498199745,0.9121462271639627,1.3390374236212983,0.0015555014179809367,1,0,B1
P2_maingrid,re100_e1\seed_4,,,,100,1.0,1.0,re100_e1,4,B2_temporal,,0.9809893262738214,1.0000000000000002,3.040608778914881e-16,9.805027712237404e-05,0.0138698432071339,0.0010103462691639447,-0.04452277857210637,0.9984947904166757,0,1,B2
P2_maingrid,re100_e2\seed_0,,,,100,2.0,1.0,re100_e2,0,B2_temporal,,1.8832452475445978,1.0000000000000002,4.689640380773196e-16,0.07207712002271814,0.5210353034862139,0.22828273579685796,-0.9272673587330805,0.5616582329055922,1,1,B2
P2_maingrid,re100_e2\seed_1,,,,100,2.0,1.0,re100_e2,1,B1_Mode2,,1.8983450442098866,1.0000000000000002,4.1564751867695e-16,0.0124971255722319,0.2178249590699609,0.5706555518018549,-1.471938272288556,0.2813242430201998,1,0,B1
P2_maingrid,re100_e2\seed_2,,,,100,2.0,1.0,re100_e2,2,B1_Mode2,,1.9865460116801126,0.9999999999999998,4.326308510965282e-16,0.018315239167535805,0.2697556869511212,0.8443132729502871,1.8315387874615023,0.042658485096043454,1,0,B1
P2_maingrid,re100_e2\seed_3,,,,100,2.0,1.0,re100_e2,3,B1_Mode2,,1.894760892513845,0.9999999999999999,3.722232948507867e-16,0.008868668718004706,0.18332488459309726,0.884205312084934,1.8304959143857888,0.011116640071834315,1,0,B1
P2_maingrid,re100_e2\seed_4,,,,100,2.0,1.0,re100_e2,4,B2_temporal,,1.8634760918797724,0.9999999999999999,4.1803170499940756e-16,0.06025457354977801,0.4738838617982736,0.1354958446606137,-0.7106240455741828,0.6232297540022562,0,1,B2
P2_maingrid,re300_e0.1\seed_0,,,,300,0.1,1.0,re300_e0.1,0,B2_temporal,,0.10857757016227222,1.0,1.0684817951076561e-16,0.003483186312129284,0.027502578286171045,0.08974430264613294,-0.139600990807549,0.9053038674112754,0,1,B2
P2_maingrid,re300_e0.1\seed_1,,,,300,0.1,1.0,re300_e0.1,1,B1_Mode2,,0.12276995860097445,1.0,1.0070574535328602e-16,2.8822301983628448e-05,-0.0026602679644407434,0.890092977027381,0.46749690467567734,0.011719187457039365,1,0,B1
P2_maingrid,re300_e0.1\seed_2,,,,300,0.1,1.0,re300_e0.1,2,B1_Mode2,,0.12031745294060753,1.0000000000000002,9.930119174143134e-17,0.0027392453075069326,0.02567407324047921,0.8779404219977456,0.4596336702383124,0.04262801017920121,1,0,B1
P2_maingrid,re300_e0.1\seed_3,,,,300,0.1,1.0,re300_e0.1,3,B2_temporal,,0.12411493305985413,1.0000000000000002,1.0698247663595291e-16,0.0006282791970152915,-0.012488300963738166,0.20560095821785862,0.2259121473770341,0.7916104678386177,0,1,B2
P2_maingrid,re300_e0.1\seed_4,,,,300,0.1,1.0,re300_e0.1,4,B2_temporal,,0.11735207294468591,0.9999999999999996,1.2852814676628513e-16,0.0013420098820792687,0.01774754301723231,0.0912802972091408,-0.14636893178881713,0.9013904461930462,0,1,B2
P2_maingrid,re300_e0.25\seed_0,,,,300,0.25,1.0,re300_e0.25,0,B2_temporal,,0.23335326189106617,0.9999999999999999,1.5422334567789996e-16,0.003181511655445899,0.03853352105745714,0.061818440043221345,-0.16985602508655973,0.9325274807618578,0,1,B2
P2_maingrid,re300_e0.25\seed_1,,,,300,0.25,1.0,re300_e0.25,1,B3_mixed,,0.24254077257174234,0.9999999999999997,1.563703188415108e-16,0.004013709975120129,-0.04412455820163064,0.5101312521568665,-0.497448747131032,0.45336031043289265,1,0,mixed
P2_maingrid,re300_e0.25\seed_2,,,,300,0.25,1.0,re300_e0.25,2,B1_Mode2,,0.2554394238621135,1.0,1.5810641639198693e-16,0.0024240748227999116,0.03519102942895147,0.826998430542898,0.6499969271200441,0.1294029145329411,1,0,B1
P2_maingrid,re300_e0.25\seed_3,,,,300,0.25,1.0,re300_e0.25,3,B2_temporal,,0.2650293909661162,0.9999999999999998,1.6510867691608097e-16,0.0017237376692686795,-0.03022717799172231,0.15889140224366244,0.29020989496014793,0.8382212888249753,0,1,B2
P2_maingrid,re300_e0.25\seed_4,,,,300,0.25,1.0,re300_e0.25,4,B2_temporal,,0.25096447390033716,0.9999999999999998,1.6534201484831797e-16,0.0028436599994251365,0.03777982624912832,0.19968286484397013,-0.3165858655167002,0.7773779249164868,0,1,B2
P2_maingrid,re300_e0.5\seed_0,,,,300,0.5,1.0,re300_e0.5,0,B2_temporal,,0.4561319800215807,1.0,2.1991996933367709e-16,0.0029513041455286786,0.05188803722527757,0.052642043726878474,-0.21914250905528898,0.9426389376328788,0,1,B2
P2_maingrid,re300_e0.5\seed_1,,,,300,0.5,1.0,re300_e0.5,1,B1_Mode2,,0.47929575069551167,0.9999999999999998,2.3117247142716693e-16,0.001174391179288029,-0.033552368079974415,0.7382784791089665,-0.8412535145446618,0.24387704291387605,1,0,B1
P2_maingrid,re300_e0.5\seed_2,,,,300,0.5,1.0,re300_e0.5,2,B1_Mode2,,0.4992658131699752,1.0,2.1791855745520575e-16,0.0013033183038127743,0.0360749850387328,0.8760858597777401,0.9353071358528708,0.09632528466978799,1,0,B1
P2_maingrid,re300_e0.5\seed_3,,,,300,0.5,1.0,re300_e0.5,3,B2_temporal,,0.509754932511193,0.9999999999999998,2.517861698517489e-16,0.0018111118425054632,-0.04297029660234136,0.16039738547030616,0.4043843676637061,0.8365720004776167,0,1,B2
P2_maingrid,re300_e0.5\seed_4,,,,300,0.5,1.0,re300_e0.5,4,B2_temporal,,0.4875573316635348,1.0,2.2018606595047058e-16,0.002742404496699304,0.051712269699807065,0.09528062863337125,-0.304810659445206,0.8932661190876117,0,1,B2
P2_maingrid,re300_e1\seed_0,,,,300,1.0,1.0,re300_e1,0,B2_temporal,,0.9030929475464151,1.0000000000000002,2.7357545913162737e-16,0.007962989722415775,0.1199276436831665,0.27739021720950907,-0.7078264602009109,0.7089511973354885,0,1,B2
P2_maingrid,re300_e1\seed_1,,,,300,1.0,1.0,re300_e1,1,B3_mixed,,0.9300723548402481,0.9999999999999999,2.7973964537590894e-16,0.00023641693582512403,0.020970686980973652,0.6277720786689167,-1.0806233900027862,0.3600848587978898,1,0,mixed
P2_maingrid,re300_e1\seed_2,,,,300,1.0,1.0,re300_e1,2,B1_Mode2,,0.9930279122426873,1.0,3.27546875140965e-16,0.004425741925956246,0.09375377608243052,0.8940846245749553,1.3325546803864783,0.06597517072259516,1,0,B1
P2_maingrid,re300_e1\seed_3,,,,300,1.0,1.0,re300_e1,3,B1_Mode2,,0.9856953308588853,0.9999999999999997,3.4191268229413933e-16,0.0008476530063904095,-0.04087854230736521,0.8704953483767017,1.3099948094777274,0.06548350116710455,1,0,B1
P2_maingrid,re300_e1\seed_4,,,,300,1.0,1.0,re300_e1,4,B2_temporal,,0.9660931977679694,1.0000000000000002,3.4303431175384303e-16,0.0019772104756376895,0.061808892419604855,0.04202020035793566,-0.2849400980369342,0.9539370458731848,0,1,B2
P2_maingrid,re300_e2\seed_0,,,,300,2.0,1.0,re300_e2,0,B2_temporal,,1.8000642715589863,1.0000000000000002,4.585103552789417e-16,0.02318573387452838,0.2889145588488522,0.18842775987371532,-0.8236286521467924,0.7720968537170445,0,1,B2
P2_maingrid,re300_e2\seed_1,,,,300,2.0,1.0,re300_e2,1,B2_temporal,,1.9683920740263843,0.9999999999999999,4.1588748656957726e-16,0.05697573413207247,0.47360444144329134,0.2306213158972407,-0.9528411938131806,0.5520977110261119,1,0,B2
P2_maingrid,re300_e2\seed_2,,,,300,2.0,1.0,re300_e2,2,B1_Mode2,,1.9719323347971787,1.0000000000000002,4.357334091700951e-16,0.0487445802008886,0.4384541340761804,0.7382901925162628,1.7063752829236907,0.07881653054038139,1,0,B1
P2_maingrid,re300_e2\seed_3,,,,300,2.0,1.0,re300_e2,3,B1_Mode2,,1.909510028580696,1.0,4.203687410846442e-16,0.03435267394302272,0.36220650298625134,0.66931322054963,1.5987872321864232,0.22168705240876843,1,0,B1
P2_maingrid,re300_e2\seed_4,,,,300,2.0,1.0,re300_e2,4,B2_temporal,,1.8667388686501711,0.9999999999999999,4.137621557684106e-16,0.0518348604888586,0.4399139661925076,0.20233531324244847,-0.8691457803270821,0.6591363490019028,0,1,B2
P2_maingrid,re500_e0.1\seed_0,,,,500,0.1,1.0,re500_e0.1,0,B1_Mode2,,0.12195393413448255,0.9999999999999999,1.1721444539721488e-16,3.278715443113469e-05,-0.002827904691446198,0.8446090699471357,-0.4538797172946144,0.0356536616918016,1,0,B1
P2_maingrid,re500_e0.1\seed_1,,,,500,0.1,1.0,re500_e0.1,1,B1_Mode2,,0.12300899190516326,0.9999999999999999,1.153440711234863e-16,0.00011207967175554581,-0.005251058452485802,0.887264442260108,0.4672076724449478,0.007144101348421501,1,0,B1
P2_maingrid,re500_e0.1\seed_2,,,,500,0.1,1.0,re500_e0.1,2,B1_Mode2,,0.12145940457397504,1.0,1.0285266113382021e-16,0.0022551636067031622,0.023405590310311086,0.8836210134602593,0.4633013752708608,0.01796425250274566,1,0,B1
P2_maingrid,re500_e0.1\seed_3,,,,500,0.1,1.0,re500_e0.1,3,B2_temporal,,0.12600744215471918,0.9999999999999998,1.0951759913328664e-16,0.0033585091406469762,-0.02909285638318003,0.01666395397410514,0.0648040464239843,0.9793471014708357,0,1,B2
P2_maingrid,re500_e0.1\seed_4,,,,500,0.1,1.0,re500_e0.1,4,B1_Mode2,,0.11633205264701309,1.0000000000000002,1.0675120344793016e-16,0.003629834890312901,0.029060837687852198,0.6509605797780328,-0.38917240507998063,0.3123112469383494,1,0,B1
P2_maingrid,re500_e0.25\seed_0,,,,500,0.25,1.0,re500_e0.25,0,B3_mixed,,0.23977908637841713,1.0000000000000002,1.5594120796487347e-16,0.0062510097398587585,0.05475146398711034,0.5197384058346477,-0.49924422902384524,0.44818351205858187,1,0,mixed
P2_maingrid,re500_e0.25\seed_1,,,,500,0.25,1.0,re500_e0.25,1,B1_Mode2,,0.2673907959861444,1.0,1.4888567434222693e-16,1.5911648034072913e-05,0.002917062986389607,0.9112083368595743,0.6980669344727515,0.013257343517027266,1,0,B1
P2_maingrid,re500_e0.25\seed_10,,,,500,0.25,1.0,re500_e0.25,10,B2_temporal,,0.2934122393796295,1.0,1.8502230534157e-16,0.00577695841165649,-0.05822422699129836,0.012608026658289974,0.08601568852211704,0.9794438792902291,0,1,B2
P2_maingrid,re500_e0.25\seed_11,,,,500,0.25,1.0,re500_e0.25,11,B1_Mode2,,0.26680399830556467,0.9999999999999998,1.6286538805383068e-16,0.01070551346662965,0.07558139713991607,0.8706004177652991,0.6815859041768348,0.014995751500610556,1,0,B1
P2_maingrid,re500_e0.25\seed_12,,,,500,0.25,1.0,re500_e0.25,12,B1_Mode2,,0.23806584483358598,0.9999999999999997,1.6683362975451083e-16,0.0005729454343776916,-0.016516581902964733,0.7555423902359694,0.5997813558941507,0.2292090074361509,1,0,B1
P2_maingrid,re500_e0.25\seed_13,,,,500,0.25,1.0,re500_e0.25,13,B1_Mode2,,0.2557005511413487,1.0000000000000002,1.4717742357796413e-16,0.00047346123266887353,-0.01556048187798137,0.886293927560412,0.673239698399356,0.04980516399036909,1,0,B1
P2_maingrid,re500_e0.25\seed_14,,,,500,0.25,1.0,re500_e0.25,14,B2_temporal,,0.24976408865988156,1.0,1.643472040646212e-16,0.001157668699501325,0.0240476222400893,0.019012611531400683,0.09745427227356065,0.975371179424271,0,1,B2
P2_maingrid,re500_e0.25\seed_2,,,,500,0.25,1.0,re500_e0.25,2,B1_Mode2,,0.257142822540791,0.9999999999999996,1.6340733316567812e-16,0.002922694404344346,0.03876983075942636,0.8900072382117812,0.6765485545258545,0.04650058997368275,1,0,B1
P2_maingrid,re500_e0.25\seed_3,,,,500,0.25,1.0,re500_e0.25,3,B2_temporal,,0.2680492003360613,1.0,1.6810033728545944e-16,0.0019731187450988436,-0.032523619164903456,0.016167606315366605,0.09309902195170766,0.9817392035407252,0,1,B2
P2_maingrid,re500_e0.25\seed_4,,,,500,0.25,1.0,re500_e0.25,4,B3_mixed,,0.25005488146467353,1.0,1.566056391502684e-16,0.002634349618990434,0.036296886415040086,0.34311455841158106,-0.414240196582639,0.6372618676384598,0,1,mixed
P2_maingrid,re500_e0.25\seed_5,,,,500,0.25,1.0,re500_e0.25,5,B2_temporal,,0.24528839951515705,0.9999999999999998,1.7070772577258548e-16,9.284200662206858e-05,0.0067487876262485565,4.1637148076696275e-06,-0.0014292032334212255,0.9976833193414727,0,1,B2
P2_maingrid,re500_e0.25\seed_6,,,,500,0.25,1.0,re500_e0.25,6,B1_Mode2,,0.26425312232597764,1.0,1.5766734879843827e-16,0.01591196880404669,-0.09170373426227407,0.8676499494036684,0.6771694148673519,0.009500161977007099,1,0,B1
P2_maingrid,re500_e0.25\seed_7,,,,500,0.25,1.0,re500_e0.25,7,B1_Mode2,,0.25074650259701725,1.0,1.4789920974594056e-16,0.007478537037337237,-0.061240787170880995,0.9296377314721606,0.6827933945914669,0.009019476863488377,1,0,B1
P2_maingrid,re500_e0.25\seed_8,,,,500,0.25,1.0,re500_e0.25,8,B2_temporal,,0.2509590419958604,1.0,1.6922500389569963e-16,0.00020844941043315216,-0.01022861323414917,0.03407215714743377,0.13077244294156462,0.9625302914286836,0,1,B2
P2_maingrid,re500_e0.25\seed_9,,,,500,0.25,1.0,re500_e0.25,9,B2_temporal,,0.2648087990449823,1.0000000000000002,1.611415385891296e-16,0.002907047637578463,-0.03923803750632046,0.00024539528824633634,-0.011400248380786234,0.9962712754214983,0,1,B2
P2_maingrid,re500_e0.5\seed_0,,,,500,0.5,1.0,re500_e0.5,0,B2_temporal,,0.4529077895961976,1.0,2.1619069687443147e-16,0.003891574736930463,0.05937212329286498,0.22228110473337154,-0.4487155977092666,0.7649349673579731,0,1,B2
P2_maingrid,re500_e0.5\seed_1,,,,500,0.5,1.0,re500_e0.5,1,B1_Mode2,,0.5161933571754658,1.0,2.0874466863036484e-16,2.1189156649850482e-07,-0.00046771149027585723,0.9245964853844563,0.9770062065547372,0.025358406911248542,1,0,B1
P2_maingrid,re500_e0.5\seed_2,,,,500,0.5,1.0,re500_e0.5,2,B1_Mode2,,0.5035725659536491,1.0,2.0349970592387012e-16,0.0012293979587085424,0.03518781279491634,0.9254676669529859,0.9654430358697008,0.04287633234416344,1,0,B1
P2_maingrid,re500_e0.5\seed_3,,,,500,0.5,1.0,re500_e0.5,3,B2_temporal,,0.5181453323708552,1.0,2.2797938857195397e-16,0.0024934431566480003,-0.050832389932979005,0.07033011678485612,0.26996748595773656,0.9266917420996847,0,1,B2
P2_maingrid,re500_e0.5\seed_4,,,,500,0.5,1.0,re500_e0.5,4,B2_temporal,,0.49011493656516375,1.0,2.1388900420122518e-16,0.0028126681826962847,0.05250772682074599,0.049237473442666504,-0.21969078803163972,0.9398584192329259,0,1,B2
P2_maingrid,re500_e1\seed_0,,,,500,1.0,1.0,re500_e1,0,B2_temporal,,0.9187824373230504,0.9999999999999999,3.0440834743961117e-16,0.004475729591516945,0.09068871752200314,0.2821822850605332,-0.7200890606547283,0.7071723313712911,0,1,B2
P2_maingrid,re500_e1\seed_1,,,,500,1.0,1.0,re500_e1,1,B1_Mode2,,1.0094493673674467,1.0,3.026982364508225e-16,0.01936259923721756,0.1977147619708689,0.6429251471381171,1.1392983656998679,0.1891587662835144,1,0,B1
P2_maingrid,re500_e1\seed_2,,,,500,1.0,1.0,re500_e1,2,B1_Mode2,,1.0006198776892579,1.0000000000000002,3.1211535667319753e-16,0.0011794886389604488,0.04858435504671177,0.9610348246861738,1.386816893993289,0.018933616820983084,1,0,B1
P2_maingrid,re500_e1\seed_3,,,,500,1.0,1.0,re500_e1,3,B1_Mode2,,0.972010138873104,1.0,2.862462137016159e-16,9.657980272789372e-05,0.013702302540951061,0.9593410838015773,1.3656421640332033,0.02177207395993154,1,0,B1
P2_maingrid,re500_e1\seed_4,,,,500,1.0,1.0,re500_e1,4,B2_temporal,,0.9630108893825451,1.0000000000000002,3.6127663100051154e-16,0.0032433973894513686,0.0790370420073599,0.010476262198946347,-0.14204755948351988,0.9796870587560582,0,1,B2
P2_maingrid,re500_e2\seed_0,,,,500,2.0,1.0,re500_e2,0,B2_temporal,,1.8350547955035537,1.0000000000000002,4.334977421896079e-16,0.020404008092805865,0.2736511388545523,0.23975852630710126,-0.9380512069846838,0.7277437880537425,0,1,B2
P2_maingrid,re500_e2\seed_1,,,,500,2.0,1.0,re500_e2,1,B2_temporal,,2.0354754131969695,1.0,4.363677086371661e-16,0.07411768864410367,0.5492990677546454,0.1265833248536943,0.7178540874863354,0.6168105559410217,1,1,B2
P2_maingrid,re500_e2\seed_2,,,,500,2.0,1.0,re500_e2,2,B1_Mode2,,1.9713307141136283,0.9999999999999999,4.1391784161738847e-16,0.03178955020726296,0.3540274472733286,0.865804493991701,1.8475859879439704,0.021090802291995947,1,0,B1
P2_maingrid,re500_e2\seed_3,,,,500,2.0,1.0,re500_e2,3,B1_Mode2,,1.9065894871333788,0.9999999999999998,4.472686117087219e-16,0.028200810398922155,0.3279248957771479,0.6518621049952632,1.5765997820909425,0.26706280839418,1,0,B1
P2_maingrid,re500_e2\seed_4,,,,500,2.0,1.0,re500_e2,4,B2_temporal,,1.8866560498188258,1.0,4.1445552200480696e-16,0.04252333416901953,0.4005668625047466,0.26273263086364296,-0.9956767623116534,0.5882618945815726,0,1,B2
P2_maingrid,re700_e0.1\seed_0,,,,700,0.1,1.0,re700_e0.1,0,B1_Mode2,,0.1252713074864889,1.0,1.0381929152868594e-16,0.0015344558285687602,0.019607309245537607,0.9198729011539257,-0.4800701637238916,0.007133278619517159,1,0,B1
P2_maingrid,re700_e0.1\seed_1,,,,700,0.1,1.0,re700_e0.1,1,B1_Mode2,,0.12406053150555896,0.9999999999999997,1.0906386605741598e-16,5.365766079787943e-06,0.0011538455631435185,0.9081355916631395,0.47468681081497166,0.008720751879297136,1,0,B1
P2_maingrid,re700_e0.1\seed_2,,,,700,0.1,1.0,re700_e0.1,2,B1_Mode2,,0.1243489985166315,0.9999999999999998,1.0896727817618313e-16,0.0011621653578614574,0.017000829295113512,0.8886148084765105,0.47010288554975366,0.006504090498340819,1,0,B1
P2_maingrid,re700_e0.1\seed_3,,,,700,0.1,1.0,re700_e0.1,3,B2_temporal,,0.12216729554267361,0.9999999999999998,1.2353617871239607e-16,0.0024302790139191428,-0.024368037038079916,0.008334097946136307,0.04512547411091042,0.9892131887530319,0,1,B2
P2_maingrid,re700_e0.1\seed_4,,,,700,0.1,1.0,re700_e0.1,4,B2_temporal,,0.12255279355616114,1.0,1.134182895096245e-16,1.153497384780114e-05,-0.0016814536976350498,0.014629594671728155,0.05988151126373842,0.9853051519091783,0,1,B2
P2_maingrid,re700_e0.25\seed_0,,,,700,0.25,1.0,re700_e0.25,0,B3_mixed,,0.24459653480332832,0.9999999999999998,1.5548437917356586e-16,0.0041979423540365966,0.045316711114145924,0.5379309745696688,-0.5129835325682849,0.40945921335712643,1,0,mixed
P2_maingrid,re700_e0.25\seed_1,,,,700,0.25,1.0,re700_e0.25,1,B1_Mode2,,0.26808709615579884,1.0,1.3950196517053614e-16,0.00013739047774225828,0.008582845008198614,0.9196324093644257,0.7021988068307575,0.014138876990898734,1,0,B1
P2_maingrid,re700_e0.25\seed_2,,,,700,0.25,1.0,re700_e0.25,2,B1_Mode2,,0.26291421413289706,1.0,1.479488187380543e-16,0.0026942804488946028,0.03763946404705448,0.8966859439001441,0.6866607317511632,0.013083340192867785,1,0,B1
P2_maingrid,re700_e0.25\seed_3,,,,700,0.25,1.0,re700_e0.25,3,B2_temporal,,0.26552560540601905,1.0000000000000002,1.554182998166685e-16,0.004409215726644842,-0.04838924829304774,0.006993069954820012,0.06093995624219345,0.9872930214928767,0,1,B2
P2_maingrid,re700_e0.25\seed_4,,,,700,0.25,1.0,re700_e0.25,4,B2_temporal,,0.2578494885818957,0.9999999999999998,1.8234585629423217e-16,1.9868207697742068e-06,0.0010122259820713629,0.000240315358548895,-0.011132402463099102,0.9996553679601385,0,1,B2
P2_maingrid,re700_e0.5\seed_0,,,,700,0.5,1.0,re700_e0.5,0,B3_mixed,,0.46128056149388075,0.9999999999999999,2.362751639994465e-16,0.005708484304126821,0.07257014324206099,0.3748656626540983,-0.5880786399009204,0.6058513335763124,0,1,mixed
P2_maingrid,re700_e0.5\seed_1,,,,700,0.5,1.0,re700_e0.5,1,B1_Mode2,,0.518823730659613,1.0000000000000004,2.1827714770688564e-16,5.747451862855569e-05,0.007722583009943329,0.9388144284100693,0.9869946343772942,0.027081515624389586,1,0,B1
P2_maingrid,re700_e0.5\seed_2,,,,700,0.5,1.0,re700_e0.5,2,B1_Mode2,,0.5108083501110141,0.9999999999999998,2.1458914976228962e-16,0.0014387184745217165,0.038338216188150254,0.9256091914907747,0.972428818940484,0.017184930244471285,1,0,B1
P2_maingrid,re700_e0.5\seed_3,,,,700,0.5,1.0,re700_e0.5,3,B2_temporal,,0.5198723895301882,1.0000000000000002,2.190338330673627e-16,0.004349231102169117,-0.06724648936121012,0.0027207647595751793,-0.05318741349059712,0.9924588979741171,0,1,B2
P2_maingrid,re700_e0.5\seed_4,,,,700,0.5,1.0,re700_e0.5,4,B2_temporal,,0.49181424688419595,1.0,2.2926806991335303e-16,0.00039453181268399583,0.01969956173761417,0.025618308210508783,-0.158741607393894,0.973027578677945,0,1,B2
P2_maingrid,re700_e1\seed_0,,,,700,1.0,1.0,re700_e1,0,B2_temporal,,0.9717899425840325,1.0000000000000002,2.8119780092784184e-16,0.05710740641958293,0.3331558290218243,0.14063602782986995,-0.5228167507072353,0.5051774807055821,1,1,B2
P2_maingrid,re700_e1\seed_1,,,,700,1.0,1.0,re700_e1,1,B1_Mode2,,1.0056024592897799,1.0,2.85406454082112e-16,3.2841418998740203e-05,-0.008127165768175182,0.7843501138979891,1.255981212821304,0.18161624383764027,1,0,B1
P2_maingrid,re700_e1\seed_2,,,,700,1.0,1.0,re700_e1,2,B1_Mode2,,1.030206347508963,1.0000000000000002,2.9110523801733053e-16,0.001327852308390491,0.05230605847620928,0.9470677227256382,1.3969074267629984,0.021448305580671928,1,0,B1
P2_maingrid,re700_e1\seed_3,,,,700,1.0,1.0,re700_e1,3,B1_Mode2,,0.9348762326428869,1.0000000000000004,3.146436915538662e-16,0.014944151805095651,0.16715820254831182,0.7733095796758795,1.2024547779555292,0.13642304062075755,1,0,B1
P2_maingrid,re700_e1\seed_4,,,,700,1.0,1.0,re700_e1,4,B2_temporal,,0.9707998497443284,1.0000000000000002,3.404881819592015e-16,0.0017338437780386664,0.05802094930626482,0.022365322897466084,-0.20838547026289267,0.9737026590863004,0,1,B2
P2_maingrid,re700_e2\seed_0,,,,700,2.0,1.0,re700_e2,0,B3_mixed,,1.9328896917895604,1.0,3.9004506279343934e-16,0.0960606060223319,0.6093842058465636,0.0732600455348132,-0.532172127857659,0.43242254128414603,2,0,mixed
P2_maingrid,re700_e2\seed_1,,,,700,2.0,1.0,re700_e2,1,B3_mixed,,1.972914351834668,1.0000000000000002,4.473798470140993e-16,0.06412847488042994,0.5030307912103775,0.3215247927695367,1.1263577390205,0.4757354415148719,1,0,mixed
P2_maingrid,re700_e2\seed_10,,,,700,2.0,1.0,re700_e2,10,B3_mixed,,2.0071542368723376,1.0,4.3100539220397696e-16,0.022323852359861243,0.2993573611836129,0.36368470027467653,-1.2082808341126356,0.5909908170038781,0,1,mixed
P2_maingrid,re700_e2\seed_11,,,,700,2.0,1.0,re700_e2,11,B2_temporal,,1.907482053052358,0.9999999999999999,4.544663939131443e-16,0.059002640409038465,0.47443962242406085,0.0001333637110678298,0.022556102739185485,0.8313833571121737,1,1,B2
P2_maingrid,re700_e2\seed_12,,,,700,2.0,1.0,re700_e2,12,B2_temporal,,2.039721377159428,1.0,4.4170479425706937e-16,0.007873256135193157,0.17921634326592595,0.31605433699178603,-1.1354847312985725,0.6421227764359362,0,1,B2
P2_maingrid,re700_e2\seed_13,,,,700,2.0,1.0,re700_e2,13,B1_Mode2,,1.9579701831345508,1.0,4.12911031620954e-16,0.00637401463222082,0.15798816789083736,0.9428177902091074,1.9214625270133365,0.04193204097041132,1,0,B1
P2_maingrid,re700_e2\seed_14,,,,700,2.0,1.0,re700_e2,14,B3_mixed,,1.8184537956022357,1.0,4.015626988596613e-16,0.05617162550432425,0.4519856316377453,0.39218298058280715,1.194291948906467,0.3553104395874032,1,0,mixed
P2_maingrid,re700_e2\seed_2,,,,700,2.0,1.0,re700_e2,2,B1_Mode2,,1.9614577711461703,1.0,4.1761155383503443e-16,0.0656286333027183,0.5074008135612696,0.6794641708382188,1.6326299507886122,0.05352739464578884,1,0,B1
P2_maingrid,re700_e2\seed_3,,,,700,2.0,1.0,re700_e2,3,B2_temporal,,2.044248108170293,1.0,4.389721717735304e-16,0.08035448179028708,0.5731744889347372,0.18756114065062704,0.8756957313374395,0.654982541364093,1,1,B2
P2_maingrid,re700_e2\seed_4,,,,700,2.0,1.0,re700_e2,4,B2_temporal,,1.909826207238409,1.0,4.3774014586811087e-16,0.018435415465185626,0.26536178924909204,0.019541905338311284,0.2732092346699835,0.9422362407766216,0,1,B2
P2_maingrid,re700_e2\seed_5,,,,700,2.0,1.0,re700_e2,5,B3_mixed,,1.8863055058465836,0.9999999999999999,4.1863887253964484e-16,0.04253392059425963,0.4005795017276679,0.3204525496184756,1.0995193574538886,0.5614793157247117,1,0,mixed
P2_maingrid,re700_e2\seed_6,,,,700,2.0,1.0,re700_e2,6,B3_mixed,,2.132160977263037,1.0,4.380038031174955e-16,0.0014098576511876928,0.07753764849875344,0.5190183172295117,1.4877033323088933,0.408293084652839,1,0,mixed
P2_maingrid,re700_e2\seed_7,,,,700,2.0,1.0,re700_e2,7,B1_Mode2,,1.888019272105007,0.9999999999999998,4.204637101380928e-16,0.005964624272046781,-0.1500754848500555,0.7470371094756018,1.6795359238001157,0.22880718511880935,1,0,B1
P2_maingrid,re700_e2\seed_8,,,,700,2.0,1.0,re700_e2,8,B2_temporal,,1.8696972007720962,0.9999999999999999,3.87298180645841e-16,0.07896960880537984,0.5434137586213403,0.0880734473262957,0.5738827021758431,0.6068631847842578,1,1,B2
P2_maingrid,re700_e2\seed_9,,,,700,2.0,1.0,re700_e2,9,B2_temporal,,1.941758345049457,1.0,4.2034274119777385e-16,0.0686611442968333,0.516378446333735,0.17902243064619583,0.8338084895925304,0.5301536938420062,1,1,B2
P2_maingrid,re900_e0.1\seed_0,,,,900,0.1,1.0,re900_e0.1,0,B1_Mode2,,0.11812695960355622,1.0000000000000002,1.0366801448372366e-16,0.0036221173539977016,0.029253024129311023,0.7320270731791217,-0.4158656814456793,0.18182119026072996,1,0,B1
P2_maingrid,re900_e0.1\seed_1,,,,900,0.1,1.0,re900_e0.1,1,B1_Mode2,,0.12238252286249647,0.9999999999999999,9.546718736828525e-17,0.0005491125177021298,-0.011593254525952917,0.9031142277678411,0.47016039311546365,0.005470451528177465,1,0,B1
P2_maingrid,re900_e0.1\seed_2,,,,900,0.1,1.0,re900_e0.1,2,B1_Mode2,,0.12692590831656766,1.0,9.532511275378623e-17,0.00024333467959642154,0.007859449755892173,0.8946777359153333,0.4765664366731336,0.006122710832199772,1,0,B1
P2_maingrid,re900_e0.1\seed_3,,,,900,0.1,1.0,re900_e0.1,3,B2_temporal,,0.1229284708573843,0.9999999999999998,1.2356276819964416e-16,0.002950104819807941,-0.026931463917432688,0.0019434567463931045,0.021858918821001723,0.9949641258487985,0,1,B2
P2_maingrid,re900_e0.1\seed_4,,,,900,0.1,1.0,re900_e0.1,4,B2_temporal,,0.12389170884391985,0.9999999999999999,1.1871917801741738e-16,9.249683015644995e-05,-0.0047873981139505,0.07120195759125603,0.13282569178448136,0.9286508046472837,0,1,B2
P2_maingrid,re900_e0.25\seed_0,,,,900,0.25,1.0,re900_e0.25,0,B3_mixed,,0.24035865209989518,1.0,1.6865581190758067e-16,0.004302461607826663,0.04547821176714767,0.41891073565679576,-0.4487512000488532,0.5366164203065246,0,1,mixed
P2_maingrid,re900_e0.25\seed_1,,,,900,0.25,1.0,re900_e0.25,1,B1_Mode2,,0.26583018225242605,1.0,1.4811405558054815e-16,3.807459055291262e-05,-0.004499194449202493,0.946886364046457,0.7095223389391017,0.021955732263732954,1,0,B1
P2_maingrid,re900_e0.25\seed_2,,,,900,0.25,1.0,re900_e0.25,2,B1_Mode2,,0.2695914499498154,1.0000000000000002,1.5419099660836081e-16,0.000778435445746363,0.020487046664226294,0.9154879489362167,0.7025777160788651,0.014360293290045723,1,0,B1
P2_maingrid,re900_e0.25\seed_3,,,,900,0.25,1.0,re900_e0.25,3,B2_temporal,,0.26854842269574297,1.0000000000000002,1.5266764331584705e-16,0.003213641485146605,-0.041545597888241435,0.0002637095321111849,0.011901157834285796,0.9964807608380521,0,1,B2
P2_maingrid,re900_e0.25\seed_4,,,,900,0.25,1.0,re900_e0.25,4,B2_temporal,,0.26247647543170216,1.0,1.480572744018361e-16,4.3315189521447385e-06,-0.0015079269397584028,0.020549015918312544,0.10386176651519673,0.97941615241402,0,1,B2
P2_maingrid,re900_e0.5\seed_0,,,,900,0.5,1.0,re900_e0.5,0,B3_mixed,,0.4634119571915175,1.0,2.132626383549799e-16,0.005474384553678643,0.07123054485877856,0.36096610186981065,-0.5784047160030451,0.612004855467187,0,1,mixed
P2_maingrid,re900_e0.5\seed_1,,,,900,0.5,1.0,re900_e0.5,1,B1_Mode2,,0.5165765580660007,0.9999999999999998,2.3456300290772464e-16,0.0002879961024674451,0.01724946580906528,0.9432964384655397,0.9872029451115363,0.04807713267219522,1,0,B1
P2_maingrid,re900_e0.5\seed_2,,,,900,0.5,1.0,re900_e0.5,2,B1_Mode2,,0.5225298568913237,1.0,1.9736135865046384e-16,0.0012050144470047088,0.035486787021237864,0.9251646003176659,0.9832864549101739,0.03751207714754133,1,0,B1
P2_maingrid,re900_e0.5\seed_3,,,,900,0.5,1.0,re900_e0.5,3,B2_temporal,,0.5224911835919483,0.9999999999999998,2.4293686378717283e-16,0.0034860894285955236,-0.060356457676942143,2.5052898666802842e-05,-0.005116623628297661,0.996467870300489,0,1,B2
P2_maingrid,re900_e0.5\seed_4,,,,900,0.5,1.0,re900_e0.5,4,B2_temporal,,0.49667357733599726,1.0000000000000004,2.3796218502663567e-16,0.000105363543937209,0.010230472940005474,0.0001149536060281854,-0.010685917717603079,0.9994650968018927,0,1,B2
P2_maingrid,re900_e1\seed_0,,,,900,1.0,1.0,re900_e1,0,B3_mixed,,0.9613757585869398,1.0000000000000002,2.861793252018861e-16,0.06011212966906921,0.3399715995811353,0.19251950235161364,-0.608413646487425,0.3758962611108,2,0,mixed
P2_maingrid,re900_e1\seed_1,,,,900,1.0,1.0,re900_e1,1,B1_Mode2,,1.0306545776264404,1.0,2.9214130409787904e-16,0.0010163560510005958,0.04577143249805704,0.969942666087829,1.413984334311109,0.01791577673356541,1,0,B1
P2_maingrid,re900_e1\seed_2,,,,900,1.0,1.0,re900_e1,2,B1_Mode2,,1.023683303230914,0.9999999999999996,3.4364637181577364e-16,0.0020917213392681057,0.06544096897235807,0.8767254946448895,1.3397680772319047,0.0805226983425193,1,0,B1
P2_maingrid,re900_e1\seed_3,,,,900,1.0,1.0,re900_e1,3,B2_temporal,,0.990988778910759,0.9999999999999996,3.2705126404776583e-16,0.007492332048645722,-0.12185907424628967,0.11372260521290166,-0.47475851898514415,0.865355723437636,0,1,B2
P2_maingrid,re900_e1\seed_4,,,,900,1.0,1.0,re900_e1,4,B2_temporal,,0.9530052909141088,0.9999999999999999,3.04733795594808e-16,5.05163131774343e-05,0.009812473055817172,0.054549478151711524,0.3224467127920043,0.9436211130308204,0,1,B2
P2_maingrid,re900_e2\seed_0,,,,900,2.0,1.0,re900_e2,0,B3_mixed,,1.8236357763242852,1.0,3.7033232387283355e-16,0.0924317394233655,0.5806235043129638,0.020484265590698544,0.27333437245588554,0.1505551466424697,2,0,mixed
P2_maingrid,re900_e2\seed_1,,,,900,2.0,1.0,re900_e2,1,B1_Mode2,,2.0033937536523254,1.0,4.2575601146161743e-16,0.014791401265255856,0.24344609630297498,0.7391694359049157,1.7209575420576888,0.19392598070092104,1,0,B1
P2_maingrid,re900_e2\seed_2,,,,900,2.0,1.0,re900_e2,2,B1_Mode2,,2.067307236461615,1.0000000000000002,4.308065069255674e-16,0.012574876412874423,0.22801812649851227,0.7174057001189282,1.7222647852956128,0.21961393449176816,1,0,B1
P2_maingrid,re900_e2\seed_3,,,,900,2.0,1.0,re900_e2,3,B2_temporal,,1.9581567903445891,1.0,3.781290817498162e-16,0.12238262988531297,0.692306836207984,0.04632584226371449,0.4259419270208672,0.639901066930709,1,1,B2
P2_maingrid,re900_e2\seed_4,,,,900,2.0,1.0,re900_e2,4,B2_temporal,,1.9040587820136712,0.9999999999999999,4.687841670001714e-16,0.005004910779411194,0.13805538252985844,0.08574529728720734,0.5714264367634387,0.9090473237561774,0,1,B2
P2_maingrid,seed_0,,,,1000,2.0,1.0,re1000_e2,0,B3_mixed,,1.809155930002079,1.0000000000000002,4.1209663520896826e-16,0.08013786564528479,0.5384828592441487,0.015759460439723774,0.2387941427596558,0.12858346435133858,2,0,mixed
P2_lambdavar,re1000_e1_l0\seed_0,,,,1000,1.0,0.0,re1000_e1,0,B3_mixed,,0.9723567652062344,0.9999999999999999,2.879772651955278e-16,0.9682142708612067,1.372187812539607,0.006150859016086263,0.10936936843669931,0.022011395572656547,0,0,B_first
P2_lambdavar,re1000_e1_l0\seed_1,,,,1000,1.0,0.0,re1000_e1,1,B3_mixed,,0.9874676471703816,1.0,3.048184523437206e-16,0.9708641363859044,1.3846999129624393,0.010157873090603758,-0.1416373611801196,0.018222396337399322,0,0,B_first
P2_lambdavar,re1000_e1_l0\seed_2,,,,1000,1.0,0.0,re1000_e1,2,B3_mixed,,0.9697644441054634,0.9999999999999998,3.1223037884478595e-16,0.8680352526716618,1.2975282072240892,0.001228464772754365,0.04881232339180919,0.12115479045026722,0,0,B_first
P2_lambdavar,re1000_e1_l0\seed_3,,,,1000,1.0,0.0,re1000_e1,3,B3_mixed,,1.020579599690913,1.0,3.145915554541345e-16,0.9720541189965043,1.4085869541092275,0.007286112098551186,0.12195128018059087,0.02027303380317286,0,0,B_first
P2_lambdavar,re1000_e1_l0\seed_4,,,,1000,1.0,0.0,re1000_e1,4,B3_mixed,,1.0081289087657352,0.9999999999999996,3.4782614043443796e-16,0.9610130170951617,1.3919949742968272,0.000468337292740409,-0.030729281275834852,0.032152280483125295,0,0,B_first
P2_lambdavar,re1000_e1_l0.25\seed_0,,,,1000,1.0,0.25,re1000_e1_l0.25,0,B3_mixed,,0.9780505046964743,1.0,3.0367621346318154e-16,0.23333312871537434,0.6755909772968838,0.12892513809055978,0.502185814967995,0.28066340038503745,2,0,mixed
P2_lambdavar,re1000_e1_l0.25\seed_1,,,,1000,1.0,0.25,re1000_e1_l0.25,1,B2_temporal,,1.0430862273350838,1.0000000000000002,2.9771603671815173e-16,0.274549619077028,0.7568076722382531,0.013556376666924821,0.16816937767522344,0.574532647354747,1,1,B2
P2_lambdavar,re1000_e1_l0.25\seed_2,,,,1000,1.0,0.25,re1000_e1_l0.25,2,B3_mixed,,0.9617273832345523,1.0000000000000002,3.049800600551604e-16,0.17533018965089314,0.5807234186684247,0.19266493289055334,0.6087546989549937,0.41945733861411905,1,1,mixed
P2_lambdavar,re1000_e1_l0.25\seed_3,,,,1000,1.0,0.25,re1000_e1_l0.25,3,B2_temporal,,1.0050754186057906,0.9999999999999998,3.1477629549875414e-16,0.2687681209724011,0.7350268453522332,0.01823394170620611,-0.19144966227809695,0.6518452349732232,1,1,B2
P2_lambdavar,re1000_e1_l0.25\seed_4,,,,1000,1.0,0.25,re1000_e1_l0.25,4,B2_temporal,,1.0393228981718874,0.9999999999999998,3.1094806723135436e-16,0.2905068826813593,0.7770848798519643,0.03575297557547144,0.272612861741216,0.5941740489214212,1,1,B2
P2_lambdavar,re1000_e1_l0.5\seed_0,,,,1000,1.0,0.5,re1000_e1_l0.5,0,B3_mixed,,0.9758569769448875,1.0,2.9035567693299073e-16,0.06999995776812311,0.369621285030693,0.24321992470099044,0.6889816549828764,0.1670151727942031,2,0,mixed
P2_lambdavar,re1000_e1_l0.5\seed_1,,,,1000,1.0,0.5,re1000_e1_l0.5,1,B1_Mode2,,1.0032562071703426,1.0,3.104209544644921e-16,0.021570037796166595,0.2080397765231593,0.6901424903800245,1.1767665336044852,0.19913944878241424,1,0,B1
P2_lambdavar,re1000_e1_l0.5\seed_2,,,,1000,1.0,0.5,re1000_e1_l0.5,2,B1_Mode2,,1.016418155500658,1.0,2.766539064883047e-16,0.014328672202091202,0.1706688171308578,0.6480511333785187,1.1477725712515567,0.21762801507465854,1,0,B1
P2_lambdavar,re1000_e1_l0.5\seed_3,,,,1000,1.0,0.5,re1000_e1_l0.5,3,B2_temporal,,0.9488213368779193,1.0000000000000002,3.3833304627214743e-16,0.006691554544971725,0.11268619905872758,0.019946349418568522,-0.1945534472640374,0.9708075235973127,0,1,B2
P2_lambdavar,re1000_e1_l0.5\seed_4,,,,1000,1.0,0.5,re1000_e1_l0.5,4,B2_temporal,,0.9592574338552662,1.0,3.0418184007742074e-16,0.04038632972464618,0.27835548140640864,0.10728228629027625,-0.45367682472204024,0.7855286816410781,0,1,B2
P2_lambdavar,re1000_e1_l1\seed_0,,,,1000,1.0,1.0,re1000_e1_l1,0,B3_mixed,,0.9009060514588008,1.0,2.5446743778825065e-16,0.04671375129914944,0.2901196347431354,0.031787275228752465,0.23932132630824832,0.09455203776290343,2,0,mixed
P2_lambdavar,re1000_e1_l1\seed_1,,,,1000,1.0,1.0,re1000_e1_l1,1,B1_Mode2,,1.0270978737094505,1.0,3.0854711590058657e-16,0.00045920196177595907,0.03071303822624183,0.9628607322255497,1.4063798994206271,0.028076942911334373,1,0,B1
P2_lambdavar,re1000_e1_l1\seed_2,,,,1000,1.0,1.0,re1000_e1_l1,2,B1_Mode2,,1.0214730006488888,1.0,2.8614788333508033e-16,0.002411046579942167,0.07018288943492945,0.9020875288463157,1.3575404634401047,0.0682962618262188,1,0,B1
P2_lambdavar,re1000_e1_l1\seed_3,,,,1000,1.0,1.0,re1000_e1_l1,3,B2_temporal,,0.978116824770757,1.0,2.9416733472269946e-16,0.003706012311393808,-0.08514590999668564,0.0037519897102198823,0.0856724490362313,0.9925018093526663,0,1,B2
P2_lambdavar,re1000_e1_l1\seed_4,,,,1000,1.0,1.0,re1000_e1_l1,4,B2_temporal,,0.963886791966761,0.9999999999999998,3.3220390158005047e-16,0.00021104520428269998,0.020170457848845247,0.01655206081113283,-0.17862985638286544,0.9829781598107503,0,1,B2
P2_lambdavar,re1000_e1_l2\seed_0,,,,1000,1.0,2.0,re1000_e1_l2,0,B3_mixed,,1.0449609912513074,0.9999999999999998,2.9141776894498755e-16,0.025867506663969416,0.23251036710125972,0.4683612015311988,0.9893626083652999,0.0850147219797569,1,0,mixed
P2_lambdavar,re1000_e1_l2\seed_1,,,,1000,1.0,2.0,re1000_e1_l2,1,B1_Mode2,,1.029329542819584,1.0,2.9069402858334353e-16,0.000407292953463607,0.02895647318242789,0.9634107289893913,1.4083090038895103,0.030457739180803824,1,0,B1
P2_lambdavar,re1000_e1_l2\seed_2,,,,1000,1.0,2.0,re1000_e1_l2,2,B1_Mode2,,1.0102217241500797,1.0,2.910845161451055e-16,0.0028927492544780172,0.07645022092044784,0.9627640618809241,1.3947079769923747,0.01569188087613609,1,0,B1
P2_lambdavar,re1000_e1_l2\seed_3,,,,1000,1.0,2.0,re1000_e1_l2,3,B2_temporal,,1.0066803466502507,1.0,3.021801649780257e-16,0.003699620643111127,-0.08630568221712326,0.001960901954854214,0.06283313552035732,0.9941485051424326,0,1,B2
P2_lambdavar,re1000_e1_l2\seed_4,,,,1000,1.0,2.0,re1000_e1_l2,4,B2_temporal,,0.9830823100586051,1.0000000000000004,3.2700212267355394e-16,1.5108025115677432e-07,-0.0005450216918828753,5.519549037110915e-06,0.0032942893066288965,0.9998900214187907,0,1,B2
P2_lambdavar,re1000_e1_l5\seed_0,,,,1000,1.0,5.0,re1000_e1_l5,0,B2_temporal,,0.9714316998500954,0.9999999999999999,3.0832150183830473e-16,0.003224366286106434,0.07914861492473146,0.0652013566350741,0.35591758795693795,0.9295956794129325,0,1,B2
P2_lambdavar,re1000_e1_l5\seed_1,,,,1000,1.0,5.0,re1000_e1_l5,1,B1_Mode2,,1.0385603695216283,1.0000000000000002,2.774031503945304e-16,0.0005776651326844552,0.03463928733852728,0.9611282506712898,1.4129329150209864,0.030745790358189865,1,0,B1
P2_lambdavar,re1000_e1_l5\seed_2,,,,1000,1.0,5.0,re1000_e1_l5,2,B1_Mode2,,1.0181038399005167,1.0,3.1326768112227295e-16,0.0037018031732786337,0.0868195833354537,0.9637080629877218,1.4008246710212442,0.008702490093348364,1,0,B1
P2_lambdavar,re1000_e1_l5\seed_3,,,,1000,1.0,5.0,re1000_e1_l5,3,B2_temporal,,1.0373142510917908,1.0000000000000002,2.871022793044861e-16,0.003991590601701037,-0.09100037159999448,0.003948499475629634,0.09050784249443893,0.9915514336993471,0,1,B2
P2_lambdavar,re1000_e1_l5\seed_4,,,,1000,1.0,5.0,re1000_e1_l5,4,B2_temporal,,1.0031662602696718,1.0,3.2382533799526367e-16,1.6717918319830164e-06,0.0018314394120689803,0.01577840836035464,0.1779233931098701,0.9840008675073387,0,1,B2
P2_lambdavar,re500_e0.25_l0\seed_0,,,,500,0.25,0.0,re500_e0.25_l0,0,B3_mixed,,0.2504047967755841,1.0000000000000004,1.9113247771240283e-16,0.8987971004717309,0.6709144584611484,0.0030819251513904706,0.0392868639932355,0.054093987105720054,0,0,B_first
P2_lambdavar,re500_e0.25_l0\seed_1,,,,500,0.25,0.0,re500_e0.25_l0,1,B3_mixed,,0.24685084648355277,1.0,1.428647922526709e-16,0.9356707043932849,0.679663306953295,0.00016474086842579216,-0.009018472467257677,0.030062422445103914,0,0,B_first
P2_lambdavar,re500_e0.25_l0\seed_2,,,,500,0.25,0.0,re500_e0.25_l0,2,B3_mixed,,0.24563375159597253,1.0,1.4767106487885552e-16,0.9106789468356067,0.6688699218991676,0.00019001120321924045,0.00966159041690412,0.046746295660544765,0,0,B_first
P2_lambdavar,re500_e0.25_l0\seed_3,,,,500,0.25,0.0,re500_e0.25_l0,3,B3_mixed,,0.2602311158230922,0.9999999999999998,1.4755673416083267e-16,0.9289796277982216,0.6953407871236263,0.0006826850931889339,0.018849716366903135,0.03429620818965947,0,0,B_first
P2_lambdavar,re500_e0.25_l0\seed_4,,,,500,0.25,0.0,re500_e0.25_l0,4,B3_mixed,,0.2519319336067786,1.0000000000000002,1.4396348161219115e-16,0.9250753088276038,0.6827239724586007,0.0001604766570185247,0.008992129280813166,0.03993622174008579,0,0,B_first
P2_lambdavar,re500_e0.25_l0.25\seed_0,,,,500,0.25,0.25,re500_e0.25_l0.25,0,B1_Mode2,,0.251725160740351,0.9999999999999998,1.676407574260074e-16,2.4621547356902577e-05,-0.0035207564431787852,0.8160061264067222,-0.6409512826024195,0.08666339562877287,1,0,B1
P2_lambdavar,re500_e0.25_l0.25\seed_1,,,,500,0.25,0.25,re500_e0.25_l0.25,1,B1_Mode2,,0.2561720558882653,1.0,1.4401779032287305e-16,0.0004656790994466333,-0.015446292259920502,0.8828312384182951,0.672542479473227,0.020287291011547984,1,0,B1
P2_lambdavar,re500_e0.25_l0.25\seed_2,,,,500,0.25,0.25,re500_e0.25_l0.25,2,B1_Mode2,,0.2540732754563022,1.0,1.4500404877276586e-16,0.0028620683748703884,0.03813594332341119,0.9129618257128329,0.6811155576338352,0.013818232499363732,1,0,B1
P2_lambdavar,re500_e0.25_l0.25\seed_3,,,,500,0.25,0.25,re500_e0.25_l0.25,3,B2_temporal,,0.2627440395465961,1.0000000000000002,1.5329047374862406e-16,0.003002679101170794,-0.03972243790362713,0.0021582476816292017,0.033676897547527514,0.994768661116126,0,1,B2
P2_lambdavar,re500_e0.25_l0.25\seed_4,,,,500,0.25,0.25,re500_e0.25_l0.25,4,B2_temporal,,0.24708264008492847,0.9999999999999999,1.5829966660425124e-16,0.01013348211693229,0.07076450402150841,0.2257754972960119,-0.3340215739690664,0.7393178179577642,0,1,B2
P2_lambdavar,re500_e0.25_l0.5\seed_0,,,,500,0.25,0.5,re500_e0.25_l0.5,0,B3_mixed,,0.24069363357884457,0.9999999999999999,1.3881229942180944e-16,0.004887813360460008,0.04850702130587575,0.6188557947958635,-0.5458106813002842,0.3464404162308462,1,0,mixed
P2_lambdavar,re500_e0.25_l0.5\seed_1,,,,500,0.25,0.5,re500_e0.25_l0.5,1,B1_Mode2,,0.2613037156719736,1.0,1.345865912166679e-16,1.527908129187965e-05,-0.0028257674050148895,0.904257060680357,0.6874383316027621,0.013539084184440492,1,0,B1
P2_lambdavar,re500_e0.25_l0.5\seed_2,,,,500,0.25,0.5,re500_e0.25_l0.5,2,B1_Mode2,,0.25367566636514743,1.0,1.3960426983053984e-16,0.0031759791421246968,0.04014146547499958,0.9011429100927703,0.6761627440313636,0.03293074698364745,1,0,B1
P2_lambdavar,re500_e0.25_l0.5\seed_3,,,,500,0.25,0.5,re500_e0.25_l0.5,3,B2_temporal,,0.26562448758984275,1.0,1.6653815415879223e-16,0.0016546554463796365,-0.0296485077223908,0.01911832630187869,0.10077991493856243,0.978966813920566,0,1,B2
P2_lambdavar,re500_e0.25_l0.5\seed_4,,,,500,0.25,0.5,re500_e0.25_l0.5,4,B3_mixed,,0.24653308387823986,1.0000000000000002,1.5901218545541603e-16,0.003344767595441855,0.04061024181558848,0.33369638582451755,-0.40562839909538206,0.6468318762740667,0,1,mixed
P2_lambdavar,re500_e0.25_l1\seed_0,,,,500,0.25,1.0,re500_e0.25_l1,0,B3_mixed,,0.23977908637841713,1.0000000000000002,1.5594120796487347e-16,0.0062510097398587585,0.05475146398711034,0.5197384058346477,-0.49924422902384524,0.44818351205858187,1,0,mixed
P2_lambdavar,re500_e0.25_l1\seed_1,,,,500,0.25,1.0,re500_e0.25_l1,1,B1_Mode2,,0.2673907959861444,1.0,1.4888567434222693e-16,1.5911648034072913e-05,0.002917062986389607,0.9112083368595743,0.6980669344727515,0.013257343517027266,1,0,B1
P2_lambdavar,re500_e0.25_l1\seed_2,,,,500,0.25,1.0,re500_e0.25_l1,2,B1_Mode2,,0.257142822540791,0.9999999999999996,1.6340733316567812e-16,0.002922694404344346,0.03876983075942636,0.8900072382117812,0.6765485545258545,0.04650058997368275,1,0,B1
P2_lambdavar,re500_e0.25_l1\seed_3,,,,500,0.25,1.0,re500_e0.25_l1,3,B2_temporal,,0.2680492003360613,1.0,1.6810033728545944e-16,0.0019731187450988436,-0.032523619164903456,0.016167606315366605,0.09309902195170766,0.9817392035407252,0,1,B2
P2_lambdavar,re500_e0.25_l1\seed_4,,,,500,0.25,1.0,re500_e0.25_l1,4,B3_mixed,,0.25005488146467353,1.0,1.566056391502684e-16,0.002634349618990434,0.036296886415040086,0.34311455841158106,-0.414240196582639,0.6372618676384598,0,1,mixed
P2_lambdavar,re500_e0.25_l2\seed_0,,,,500,0.25,2.0,re500_e0.25_l2,0,B3_mixed,,0.243362781595969,1.0,1.440164555964625e-16,0.006434652820289838,0.05596347038828242,0.40674739376201496,-0.4449430910865677,0.5618010954504814,0,1,mixed
P2_lambdavar,re500_e0.25_l2\seed_1,,,,500,0.25,2.0,re500_e0.25_l2,1,B1_Mode2,,0.27703240615905944,1.0,1.388942736521995e-16,4.259973660179053e-05,0.004858293431347305,0.9110204015248712,0.7104676965132581,0.014103424983453242,1,0,B1
P2_lambdavar,re500_e0.25_l2\seed_2,,,,500,0.25,2.0,re500_e0.25_l2,2,B1_Mode2,,0.266552198613237,1.0,1.459628405689055e-16,0.002301619266686514,0.03502860762022597,0.8953196482045069,0.6908681794532748,0.04676873325757247,1,0,B1
P2_lambdavar,re500_e0.25_l2\seed_3,,,,500,0.25,2.0,re500_e0.25_l2,3,B2_temporal,,0.2776518482680614,0.9999999999999998,1.6091323636579e-16,0.0017376549029541424,-0.031063261112036403,0.029193393729507525,0.12732320861661472,0.9689555888302254,0,1,B2
P2_lambdavar,re500_e0.25_l2\seed_4,,,,500,0.25,2.0,re500_e0.25_l2,4,B2_temporal,,0.2638219913012332,0.9999999999999998,1.7244367266526796e-16,6.930947559149954e-05,0.00604737362275453,0.021007467978041157,-0.10528278144277638,0.9783318070824112,0,1,B2
P2_lambdavar,re500_e0.25_l5\seed_0,,,,500,0.25,5.0,re500_e0.25_l5,0,B2_temporal,,0.2629195496206229,0.9999999999999998,1.6635365567031132e-16,0.0048313645416924655,0.050403575058815625,0.3253604245764865,-0.4136269243993299,0.6510686032744732,0,1,B2
P2_lambdavar,re500_e0.25_l5\seed_1,,,,500,0.25,5.0,re500_e0.25_l5,1,B1_Mode2,,0.3024562922272038,0.9999999999999997,1.8416059428107254e-16,1.8130400991158014e-05,0.0033116925764261618,0.9155247673912857,0.744185765232501,0.0135700362974488,1,0,B1
P2_lambdavar,re500_e0.25_l5\seed_2,,,,500,0.25,5.0,re500_e0.25_l5,2,B1_Mode2,,0.2897450122693905,0.9999999999999997,1.7254363378080874e-16,0.002164108574614715,0.03541298252065289,0.888989951809002,0.7177470369068257,0.05688560568818575,1,0,B1
P2_lambdavar,re500_e0.25_l5\seed_3,,,,500,0.25,5.0,re500_e0.25_l5,3,B2_temporal,,0.30227364498688447,0.9999999999999994,2.0040842780480224e-16,0.0020172968024739007,-0.034922074895520544,0.026293887115078438,0.12607893637835335,0.9715686254697529,0,1,B2
P2_lambdavar,re500_e0.25_l5\seed_4,,,,500,0.25,5.0,re500_e0.25_l5,4,B2_temporal,,0.2860463132623474,1.0,1.6777359047388234e-16,2.6889282492653703e-05,-0.0039221372039471986,0.0008381174614289818,-0.02189705048277315,0.998119807771734,0,1,B2
P2_lambdavar,re700_e2_l0\seed_0,,,,700,2.0,0.0,re700_e2_l0,0,B3_mixed,,1.9502916502073422,1.0,4.033929865098639e-16,0.9861522270673554,1.9612671690939194,0.0011471640615969242,0.06689251812797037,0.011192996441541281,0,0,B_first
P2_lambdavar,re700_e2_l0\seed_1,,,,700,2.0,0.0,re700_e2_l0,1,B3_mixed,,1.9823962063814728,1.0,3.8676775993869075e-16,0.9817133556961565,1.9728886598518864,0.0041269095971660005,-0.1279153620915109,0.013546934026152853,0,0,B_first
P2_lambdavar,re700_e2_l0\seed_2,,,,700,2.0,0.0,re700_e2_l0,2,B3_mixed,,1.9755917988236191,1.0,4.472473023185345e-16,0.9306461947593183,1.9175906705931367,0.02406790673237588,0.3083775580528958,0.044591432167230674,0,0,B_first
P2_lambdavar,re700_e2_l0\seed_3,,,,700,2.0,0.0,re700_e2_l0,3,B3_mixed,,2.031681533059528,0.9999999999999998,4.654520466019562e-16,0.9538625171091357,1.9687279451911628,0.022182993992958627,0.3002291766083519,0.019339687929901078,0,0,B_first
P2_lambdavar,re700_e2_l0\seed_4,,,,700,2.0,0.0,re700_e2_l0,4,B3_mixed,,2.000838602149791,0.9999999999999998,4.621654540602033e-16,0.9767504667814029,1.9770280921646297,0.0019501155789361949,0.08833874041426248,0.019119658305381104,0,0,B_first
P2_lambdavar,re700_e2_l0.25\seed_0,,,,700,2.0,0.25,re700_e2_l0.25,0,B3_mixed,,2.0177197384654617,1.0,4.4042103425608294e-16,0.6455868268906747,1.614071425625644,0.004739795720864653,0.13830097166891303,0.1711857431500948,0,0,B_first
P2_lambdavar,re700_e2_l0.25\seed_1,,,,700,2.0,0.25,re700_e2_l0.25,1,B3_mixed,,1.9748938950954544,1.0,4.269236786286245e-16,0.5801027603619204,1.5136983847297836,0.0988421602537031,-0.6248244215186932,0.2677128363009708,0,0,B_first
P2_lambdavar,re700_e2_l0.25\seed_2,,,,700,2.0,0.25,re700_e2_l0.25,2,B3_mixed,,1.9000348341195359,0.9999999999999999,4.469004395938788e-16,0.5443288910879661,1.438223803366357,0.18969463979265694,0.8490305335520107,0.1765795084682008,0,0,B_first
P2_lambdavar,re700_e2_l0.25\seed_3,,,,700,2.0,0.25,re700_e2_l0.25,3,B3_mixed,,2.0401823161889436,1.0,4.584495954574507e-16,0.6029335894577862,1.5684989302183792,0.051663205725433224,0.45913474867115045,0.3214284081186181,0,0,B_first
P2_lambdavar,re700_e2_l0.25\seed_4,,,,700,2.0,0.25,re700_e2_l0.25,4,B3_mixed,,2.0644558469171432,0.9999999999999998,5.096552302143484e-16,0.6396669470110002,1.6251548657506447,0.007863640352109702,0.1801895574275405,0.31226847635001587,0,0,B_first
P2_lambdavar,re700_e2_l0.5\seed_0,,,,700,2.0,0.5,re700_e2_l0.5,0,B3_mixed,,1.9722201797252514,0.9999999999999997,4.986532933108157e-16,0.3724617081945453,1.212086215643277,0.01955404937775451,0.27772249018814243,0.27367735853836483,0,0,mixed
P2_lambdavar,re700_e2_l0.5\seed_1,,,,700,2.0,0.5,re700_e2_l0.5,1,B2_temporal,,2.0925647074609044,1.0000000000000002,4.413790086731451e-16,0.29144630934744203,1.1044186353554437,0.011346235335589278,-0.2179115950370698,0.6354651594077242,1,1,B2
P2_lambdavar,re700_e2_l0.5\seed_2,,,,700,2.0,0.5,re700_e2_l0.5,2,B3_mixed,,1.9587710486473828,1.0000000000000004,4.700965149330919e-16,0.2812550592184319,1.0496802058557355,0.4219465684649595,1.285687926664378,0.11122525027446929,1,0,mixed
P2_lambdavar,re700_e2_l0.5\seed_3,,,,700,2.0,0.5,re700_e2_l0.5,3,B2_temporal,,2.028146493675581,1.0000000000000002,4.335753029018297e-16,0.3386909942573623,1.1721049035325855,0.023993421556390324,0.31196850418230726,0.5785729076092766,1,1,B2
P2_lambdavar,re700_e2_l0.5\seed_4,,,,700,2.0,0.5,re700_e2_l0.5,4,B2_temporal,,1.9500646376125301,1.0000000000000002,4.406967899961689e-16,0.394703471875039,1.2407234041851596,0.004903822075615307,-0.13829511935568145,0.5186141863258286,0,0,B2
P2_lambdavar,re700_e2_l1\seed_0,,,,700,2.0,1.0,re700_e2_l1,0,B3_mixed,,1.9246331534994336,1.0,3.8944319367945965e-16,0.10816118122778966,0.6452450624571482,0.09111064169686497,-0.5922069936202953,0.40573510605042007,2,0,mixed
P2_lambdavar,re700_e2_l1\seed_1,,,,700,2.0,1.0,re700_e2_l1,1,B3_mixed,,1.972914351834668,1.0000000000000002,4.473798470140993e-16,0.06412847488042994,0.5030307912103775,0.3215247927695367,1.1263577390205,0.4757354415148719,1,0,mixed
P2_lambdavar,re700_e2_l1\seed_2,,,,700,2.0,1.0,re700_e2_l1,2,B1_Mode2,,1.9614577711461703,1.0,4.1761155383503443e-16,0.0656286333027183,0.5074008135612696,0.6794641708382188,1.6326299507886122,0.05352739464578884,1,0,B1
P2_lambdavar,re700_e2_l1\seed_3,,,,700,2.0,1.0,re700_e2_l1,3,B2_temporal,,2.044248108170293,1.0,4.389721717735304e-16,0.08035448179028708,0.5731744889347372,0.18756114065062704,0.8756957313374395,0.654982541364093,1,1,B2
P2_lambdavar,re700_e2_l1\seed_4,,,,700,2.0,1.0,re700_e2_l1,4,B2_temporal,,1.909826207238409,1.0,4.3774014586811087e-16,0.018435415465185626,0.26536178924909204,0.019541905338311284,0.2732092346699835,0.9422362407766216,0,1,B2
P2_lambdavar,re700_e2_l2\seed_0,,,,700,2.0,2.0,re700_e2_l2,0,B3_mixed,,1.8702966764793998,0.9999999999999999,4.083803147855113e-16,0.044258731947377006,0.40688317553413744,0.09355513644482873,0.5915671741405872,0.18228168475292522,2,0,mixed
P2_lambdavar,re700_e2_l2\seed_1,,,,700,2.0,2.0,re700_e2_l2,1,B1_Mode2,,2.00595212472063,1.0,4.077181736463843e-16,0.004063413204736605,0.12767938245197819,0.8056393757834761,1.7978175756241044,0.14866242018421658,1,0,B1
P2_lambdavar,re700_e2_l2\seed_2,,,,700,2.0,2.0,re700_e2_l2,2,B1_Mode2,,1.9842085229025177,0.9999999999999998,4.476071716107982e-16,0.004231805454570752,0.12959000308839141,0.9444950086627394,1.936013970005121,0.017871779399411244,1,0,B1
P2_lambdavar,re700_e2_l2\seed_3,,,,700,2.0,2.0,re700_e2_l2,3,B1_Mode2,,1.9179029560208671,1.0,4.241868100657814e-16,0.02585607289536332,0.31492678081455167,0.579526162303236,1.4909560287096364,0.28672001949260084,1,0,B1
P2_lambdavar,re700_e2_l2\seed_4,,,,700,2.0,2.0,re700_e2_l2,4,B2_temporal,,1.926184943897606,1.0,4.4361446323189106e-16,9.521184920394538e-06,-0.006056329423294093,0.025681521133019514,0.3145388985254777,0.9736987738802805,0,1,B2
P2_lambdavar,re700_e2_l5\seed_0,,,,700,2.0,5.0,re700_e2_l5,0,B3_mixed,,1.9304813568941441,1.0,3.9188803436625804e-16,0.03767132901949847,0.38137592572569956,0.11337166495650022,0.6616069612671451,0.4199237598347237,2,0,mixed
P2_lambdavar,re700_e2_l5\seed_1,,,,700,2.0,5.0,re700_e2_l5,1,B1_Mode2,,2.0440997504607905,1.0,3.908749458396515e-16,7.349917700101268e-05,0.01733433871636547,0.9846929383790715,2.006395070578655,0.011797751952411069,1,0,B1
P2_lambdavar,re700_e2_l5\seed_2,,,,700,2.0,5.0,re700_e2_l5,2,B1_Mode2,,1.9927163318307197,0.9999999999999998,4.391922102429182e-16,0.0020794498225758353,0.09103574707409567,0.962194488349512,1.9582546674687518,0.02102479682131999,1,0,B1
P2_lambdavar,re700_e2_l5\seed_3,,,,700,2.0,5.0,re700_e2_l5,3,B1_Mode2,,1.8614025209691936,0.9999999999999999,3.762434205813098e-16,0.007840963116463272,0.17085191548127987,0.9275453285157778,1.8582439090778518,0.027848177805873196,1,0,B1
P2_lambdavar,re700_e2_l5\seed_4,,,,700,2.0,5.0,re700_e2_l5,4,B2_temporal,,1.9506073753912045,1.0000000000000002,4.724844242756898e-16,0.00023873037259072947,-0.03051783824275131,0.007943706276004412,0.17604006390543947,0.9893759617828126,0,1,B2
P2_09,expA_m1\re500_e0.25\seed_0,A,m1,1.0,500,0.25,1.0,,0,B3_mixed,3.0,0.2618681455808538,1.0000000000000002,5.99417877070276e-17,1.0000000000000002,0.7236962699653133,0.0,0.0,0.0,0,0,B_first
P2_09,expA_m1\re500_e0.25\seed_1,A,m1,1.0,500,0.25,1.0,,1,B3_mixed,3.0,0.261654684849023,1.0,1.4686870114880517e-17,1.0,0.7234012508269847,0.0,0.0,0.0,0,0,B_first
P2_09,expA_m1\re500_e0.25\seed_10,A,m1,1.0,500,0.25,1.0,,10,B3_mixed,3.0,0.25262080563608214,1.0,1.5202354861220293e-17,1.0,0.7108034969470566,0.0,0.0,0.0,0,0,B_first
P2_09,expA_m1\re500_e0.25\seed_11,A,m1,1.0,500,0.25,1.0,,11,B3_mixed,3.0,0.24653374982869986,1.0000000000000002,1.8410966031475738e-17,1.0000000000000002,0.7021876527377847,0.0,0.0,0.0,0,0,B_first
P2_09,expA_m1\re500_e0.25\seed_2,A,m1,1.0,500,0.25,1.0,,2,B3_mixed,3.0,0.25164614473406594,1.0,1.7109685898544714e-17,1.0,0.7094309617349188,0.0,0.0,0.0,0,0,B_first
P2_09,expA_m1\re500_e0.25\seed_3,A,m1,1.0,500,0.25,1.0,,3,B3_mixed,3.0,0.2573318954037159,0.9999999999999998,5.986442495887688e-17,0.9999999999999998,0.7174007184324753,0.0,0.0,0.0,0,0,B_first
P2_09,expA_m1\re500_e0.25\seed_4,A,m1,1.0,500,0.25,1.0,,4,B3_mixed,3.0,0.255335110074086,1.0,1.962615573354719e-17,1.0,0.7146119367518093,0.0,0.0,0.0,0,0,B_first
P2_09,expA_m1\re500_e0.25\seed_5,A,m1,1.0,500,0.25,1.0,,5,B3_mixed,3.0,0.2720067042207589,1.0000000000000004,8.329328556453434e-17,1.0000000000000004,0.7375726462129124,0.0,0.0,0.0,0,0,B_first
P2_09,expA_m1\re500_e0.25\seed_6,A,m1,1.0,500,0.25,1.0,,6,B3_mixed,3.0,0.2566130918506036,1.0000000000000004,8.226120180790856e-17,1.0000000000000004,0.7163980623237387,0.0,0.0,0.0,0,0,B_first
P2_09,expA_m1\re500_e0.25\seed_7,A,m1,1.0,500,0.25,1.0,,7,B3_mixed,3.0,0.264424988615844,1.0,2.0770370905276124e-17,1.0,0.7272207211237095,0.0,0.0,0.0,0,0,B_first
P2_09,expA_m1\re500_e0.25\seed_8,A,m1,1.0,500,0.25,1.0,,8,B3_mixed,3.0,0.25942904908576503,0.9999999999999996,8.646878771343567e-17,0.9999999999999996,0.720318053481606,0.0,0.0,0.0,0,0,B_first
P2_09,expA_m1\re500_e0.25\seed_9,A,m1,1.0,500,0.25,1.0,,9,B3_mixed,3.0,0.26354395534810104,1.0000000000000002,1.8410966031475738e-17,1.0000000000000002,0.7260082029124755,0.0,0.0,0.0,0,0,B_first
P2_09,expB_m2\re500_e0.25\seed_0,B,m2,1.0,500,0.25,1.0,,0,B1_Mode2,1.0,0.26518615031941084,0.9999999999999998,5.5359766369456406e-17,0.0003864909796517016,0.01431726615153972,0.9996135090203482,0.7281258933239276,0.0,1,0,B1
P2_09,expB_m2\re500_e0.25\seed_1,B,m2,1.0,500,0.25,1.0,,1,B1_Mode2,1.0,0.2724202524016902,1.0,4.0152759614940105e-17,0.004174645473404779,0.04769188554780579,0.9958253545265952,0.7365907879252057,0.0,1,0,B1
P2_09,expB_m2\re500_e0.25\seed_10,B,m2,1.0,500,0.25,1.0,,10,B1_Mode2,1.0,0.26470884627762176,1.0,5.2582441712143087e-17,0.02395447044402692,-0.11261403317908258,0.976045529555973,0.7188433571275344,0.0,1,0,B1
P2_09,expB_m2\re500_e0.25\seed_11,B,m2,1.0,500,0.25,1.0,,11,B1_Mode2,1.0,0.2624770614968377,1.0000000000000002,4.006272416353777e-17,0.001337728402477469,0.02649992528906997,0.9986622715975227,0.724052399314683,0.0,1,0,B1
P2_09,expB_m2\re500_e0.25\seed_2,B,m2,1.0,500,0.25,1.0,,2,B1_Mode2,1.0,0.257592561687379,1.0000000000000002,3.121104527791384e-17,1.5522318703647096e-05,-0.002827873348719978,0.9999844776812966,0.7177584039961369,0.0,1,0,B1
P2_09,expB_m2\re500_e0.25\seed_3,B,m2,1.0,500,0.25,1.0,,3,B1_Mode2,1.0,0.25811086047055504,1.0000000000000002,3.7949231989210754e-17,0.01968762531463063,-0.10081259753206634,0.9803123746853695,0.7113779172282112,0.0,1,0,B1
P2_09,expB_m2\re500_e0.25\seed_4,B,m2,1.0,500,0.25,1.0,,4,B1_Mode2,1.0,0.27473278920078015,0.9999999999999998,4.682243289787147e-17,0.005550568130848153,0.055225411981023265,0.9944494318691517,0.7391993860069734,0.0,1,0,B1
P2_09,expB_m2\re500_e0.25\seed_5,B,m2,1.0,500,0.25,1.0,,5,B1_Mode2,1.0,0.26419826032353744,1.0,2.835994358896608e-17,0.0003693288339681264,-0.013969683992252624,0.9996306711660319,0.7267746339658749,0.0,1,0,B1
P2_09,expB_m2\re500_e0.25\seed_6,B,m2,1.0,500,0.25,1.0,,6,B1_Mode2,1.0,0.2590733750594776,1.0000000000000004,9.602223304075139e-17,0.007701923198387285,0.06317219700873289,0.9922980768016131,0.7170467374195668,0.0,1,0,B1
P2_09,expB_m2\re500_e0.25\seed_7,B,m2,1.0,500,0.25,1.0,,7,B1_Mode2,1.0,0.25536888292993326,1.0,2.4207940244692e-17,0.003513510107924228,0.04236133027712041,0.9964864898920758,0.7134026097212003,0.0,1,0,B1
P2_09,expB_m2\re500_e0.25\seed_8,B,m2,1.0,500,0.25,1.0,,8,B1_Mode2,1.0,0.2675290552644969,0.9999999999999998,1.141883622222712e-16,3.168609452302787e-07,0.00041175116108560506,0.9999996831390546,0.7314765484894065,0.0,1,0,B1
P2_09,expB_m2\re500_e0.25\seed_9,B,m2,1.0,500,0.25,1.0,,9,B1_Mode2,1.0,0.25297184319839894,1.0000000000000002,3.154145188315737e-17,0.0034981447134604052,0.04206975435960647,0.9965018552865398,0.7100519855369185,0.0,1,0,B1
P2_09,expC_init\re500_e0.25\init_k1\seed_0,C,k1,1.0,500,0.25,1.0,,0,B1_Mode2,1.0,0.2573088774996798,1.0,1.5040925305184318e-16,2.915415375592386e-06,-0.0012248773471160157,0.8134756735441502,-0.6470154749817677,0.09248643887524552,1,0,B1
P2_09,expC_init\re500_e0.25\init_k1\seed_1,C,k1,1.0,500,0.25,1.0,,1,B1_Mode2,1.0,0.26458574960981746,1.0,1.4279217422256318e-16,0.0008188083003880231,-0.020815619517319472,0.9444884584783603,-0.7069627808934752,0.013027883291932144,1,0,B1
P2_09,expC_init\re500_e0.25\init_k1\seed_10,C,k1,1.0,500,0.25,1.0,,10,B1_Mode2,1.0,0.26760201901566,0.9999999999999998,1.6394773333018858e-16,0.0031328113550941144,-0.04094744543480999,0.8428635258953221,-0.6716427343227145,0.12086562855321217,1,0,B1
P2_09,expC_init\re500_e0.25\init_k1\seed_11,C,k1,1.0,500,0.25,1.0,,11,B1_Mode2,1.0,0.26560082229978,1.0000000000000004,1.6784830070814019e-16,0.009278946574239388,0.07020677802311837,0.875833316277182,0.6820880427052842,0.02261542417505913,1,0,B1
P2_09,expC_init\re500_e0.25\init_k1\seed_2,C,k1,1.0,500,0.25,1.0,,2,B1_Mode2,1.0,0.2671906992167047,1.0,1.4381559928506492e-16,0.0010439630100788563,0.023619365216675292,0.9187917788885779,0.7007033863708653,0.007261081863108346,1,0,B1
P2_09,expC_init\re500_e0.25\init_k1\seed_3,C,k1,1.0,500,0.25,1.0,,3,B2_temporal,2.0,0.26835432413850246,0.9999999999999998,1.5483501758388846e-16,0.00334900926839901,0.0423962526352223,0.00016224018779255247,-0.00933143675359525,0.9957773548408745,0,1,B2
P2_09,expC_init\re500_e0.25\init_k1\seed_4,C,k1,1.0,500,0.25,1.0,,4,B2_temporal,2.0,0.2477544102640351,1.0000000000000002,1.6299057159073975e-16,0.0006046631280886006,0.01730941689994195,0.1945841733352234,-0.3105127601609411,0.7965029752329318,0,1,B2
P2_09,expC_init\re500_e0.25\init_k1\seed_5,C,k1,1.0,500,0.25,1.0,,5,B2_temporal,2.0,0.2502340203511283,1.0,1.5011885591627466e-16,0.0004853449005681574,-0.015585236971319277,0.14369890527030113,-0.26817290983931763,0.836272538844271,0,1,B2
P2_09,expC_init\re500_e0.25\init_k1\seed_6,C,k1,1.0,500,0.25,1.0,,6,B2_temporal,2.0,0.25150676845843367,0.9999999999999998,1.7839337300223831e-16,0.002297206012540269,-0.03399302459909348,0.10887798002814045,-0.23402371210268197,0.8789039952704588,0,1,B2
P2_09,expC_init\re500_e0.25\init_k1\seed_7,C,k1,1.0,500,0.25,1.0,,7,B2_temporal,2.0,0.24141342277061817,0.9999999999999998,1.72141890928068e-16,0.0005119864385248901,-0.015722620553612073,0.027533746895356835,0.11529974917325687,0.9713446720003269,0,1,B2
P2_09,expC_init\re500_e0.25\init_k1\seed_8,C,k1,1.0,500,0.25,1.0,,8,B1_Mode2,1.0,0.25073941747729867,0.9999999999999998,1.5951536417835265e-16,0.013651107998119284,-0.0827389976657697,0.8705438319886964,-0.660726347773874,0.03250863520122574,1,0,B1
P2_09,expC_init\re500_e0.25\init_k1\seed_9,C,k1,1.0,500,0.25,1.0,,9,B1_Mode2,1.0,0.2548721618604325,1.0,1.4514103787539207e-16,0.0023319437261974576,-0.03447745752902376,0.9300694367082455,-0.688547468246228,0.014401418313486899,1,0,B1
P2_09,expC_init\re500_e0.25\init_k2\seed_0,C,k2,1.0,500,0.25,1.0,,0,B1_Mode2,1.0,0.2699700621677641,0.9999999999999998,1.8057023216155885e-16,0.00435221172030445,-0.04847611512276667,0.9201164329114533,0.7048459272701891,0.00769649093518265,1,0,B1
P2_09,expC_init\re500_e0.25\init_k2\seed_1,C,k2,1.0,500,0.25,1.0,,1,B1_Mode2,1.0,0.2691860024742708,1.0000000000000002,1.441663580478129e-16,1.8415978920151445e-05,0.0031487533238302445,0.9005840656425728,0.6963111725692048,0.020028085282548076,1,0,B1
P2_09,expC_init\re500_e0.25\init_k2\seed_10,C,k2,1.0,500,0.25,1.0,,10,B1_Mode2,1.0,0.28343343569896107,1.0,1.4359183836036604e-16,0.006067487494155037,0.05864688954290487,0.8862353063777099,0.7087858882968194,0.017856594508638277,1,0,B1
P2_09,expC_init\re500_e0.25\init_k2\seed_11,C,k2,1.0,500,0.25,1.0,,11,B1_Mode2,1.0,0.26587715237967546,1.0,1.4136782019788498e-16,0.009882499582781696,0.07249180432936303,0.8829069648423795,0.6851930963290189,0.006082540187382464,1,0,B1
P2_09,expC_init\re500_e0.25\init_k2\seed_2,C,k2,1.0,500,0.25,1.0,,2,B1_Mode2,1.0,0.25623595853523,1.0000000000000002,1.7286010673335245e-16,0.0027404442074944833,0.037475334510039204,0.8983737330058547,0.6785214139577733,0.04875353747736268,1,0,B1
P2_09,expC_init\re500_e0.25\init_k2\seed_3,C,k2,1.0,500,0.25,1.0,,3,B1_Mode2,1.0,0.2411026672486958,0.9999999999999999,1.4378405653250573e-16,0.0062314353715859,0.05481634225077825,0.915156601802377,0.6642991760416472,0.014560021065753374,1,0,B1
P2_09,expC_init\re500_e0.25\init_k2\seed_4,C,k2,1.0,500,0.25,1.0,,4,B1_Mode2,1.0,0.2554073836605131,1.0,1.5396103163352882e-16,0.003555744499123091,-0.04261838569177134,0.9139664376517549,0.6832770691222619,0.027417128471101625,1,0,B1
P2_09,expC_init\re500_e0.25\init_k2\seed_5,C,k2,1.0,500,0.25,1.0,,5,B1_Mode2,1.0,0.26571123633756155,1.0,1.4006696856426823e-16,0.0007443626678716507,0.019888968035758015,0.8617829132978134,0.6767354037538565,0.07844651229555615,1,0,B1
P2_09,expC_init\re500_e0.25\init_k2\seed_6,C,k2,1.0,500,0.25,1.0,,6,B1_Mode2,1.0,0.2625218331792682,1.0000000000000004,1.6020199989536406e-16,0.005150146711708407,-0.052000499149524926,0.9073622040169865,0.6902208185155247,0.016757663922464746,1,0,B1
P2_09,expC_init\re500_e0.25\init_k2\seed_7,C,k2,1.0,500,0.25,1.0,,7,B1_Mode2,1.0,0.2527491602460188,1.0,1.6866246206886766e-16,0.0027585195531507197,-0.037342027277079304,0.924994429499228,0.6838005049547348,0.009266595733850446,1,0,B1
P2_09,expC_init\re500_e0.25\init_k2\seed_8,C,k2,1.0,500,0.25,1.0,,8,B1_Mode2,1.0,0.25676854989923226,1.0000000000000004,1.8528895403188948e-16,0.002102432938216685,0.032858443566495366,0.9147063429152948,0.6853726304047896,0.040145036229608876,1,0,B1
P2_09,expC_init\re500_e0.25\init_k2\seed_9,C,k2,1.0,500,0.25,1.0,,9,B1_Mode2,1.0,0.25725147970369333,1.0,1.4800914214153305e-16,0.002047763069250637,0.03245889953918041,0.8830059141808261,0.6740245960054128,0.021603585592918216,1,0,B1
P2_09,expD_traj\re500_e0.25\seed_4,D,default,1.0,500,0.25,1.0,,4,B3_mixed,3.0,0.25005488146467353,1.0,1.566056391502684e-16,0.002634349618990434,0.036296886415040086,0.34311455841158106,-0.414240196582639,0.6372618676384598,0,1,mixed
P2_09,expD_traj\re500_e0.25\seed_7,D,default,1.0,500,0.25,1.0,,7,B1_Mode2,1.0,0.2503518947521894,1.0,1.432178278468905e-16,0.007979257584275904,-0.06320794657223489,0.9274013187426869,0.6814347765456512,0.011292546272897552,1,0,B1
P2_09,expD_traj\re500_e0.25\seed_8,D,default,1.0,500,0.25,1.0,,8,B2_temporal,2.0,0.2509590419958604,1.0,1.6922500389569963e-16,0.00020844941043315216,-0.01022861323414917,0.03407215714743377,0.13077244294156462,0.9625302914286836,0,1,B2
P2_09,expT_temporal\re500_e0.25_tau2\seed_10,T,tau2,2.0,500,0.25,1.0,,10,B2_temporal,2.0,0.2954602108023172,1.0,1.8426742459320455e-16,0.0031738154782151693,-0.043306724425685006,0.022849733860308735,0.11619971758264874,0.973770498159113,0,1,B2
P2_09,expT_temporal\re500_e0.25_tau2\seed_5,T,tau2,2.0,500,0.25,1.0,,5,B2_temporal,2.0,0.24712791004137932,0.9999999999999999,1.6814190718829013e-16,0.00010150669532424867,0.007083097835084396,0.0005471935148412669,-0.016445472915724787,0.998476661748497,0,1,B2
P2_09,expT_temporal\re500_e0.25_tau2\seed_8,T,tau2,2.0,500,0.25,1.0,,8,B2_temporal,2.0,0.25286709991531536,1.0,1.8366228334086692e-16,0.0004735396277480507,-0.015475308873403953,0.05139580554090531,0.16122225835746268,0.9466320591801048,0,1,B2
C1,re500_e0.25\seed_0,baseline,default,1.0,500,0.25,1.0,,0,B3_mixed,3.0,0.2389164768125805,1.0,1.4382426476027802e-16,0.005510586967225356,0.051314131063066926,0.4941418410836702,-0.48591898031954367,0.4719580779138602,1,0,mixed
C1,re500_e0.25\seed_1,baseline,default,1.0,500,0.25,1.0,,1,B1_Mode2,1.0,0.2671071859104311,1.0000000000000002,1.4739824694514453e-16,3.4523834764232716e-06,0.001358054811170073,0.9108764919030197,0.6975695756900255,0.012506321562187095,1,0,B1
C1,re500_e0.25\seed_10,baseline,default,1.0,500,0.25,1.0,,10,B2_temporal,2.0,0.2932224993340582,0.9999999999999997,1.9466772722911757e-16,0.005909865830464325,-0.058871141139571925,0.012023005361101773,0.08396922866728077,0.9798591442754027,0,1,B2
C1,re500_e0.25\seed_11,baseline,default,1.0,500,0.25,1.0,,11,B1_Mode2,1.0,0.2667109761508976,1.0,1.4450804414609368e-16,0.010818613693270245,0.07596634805927654,0.8684832194233701,0.6806379466692718,0.015254666995599866,1,0,B1
C1,re500_e0.25\seed_12,baseline,default,1.0,500,0.25,1.0,,12,B1_Mode2,1.0,0.23821259705179293,1.0000000000000002,1.4063926005883854e-16,0.001139312052927175,-0.02329800347584282,0.7897832258943244,0.6134106509480086,0.19428582288772697,1,0,B1
C1,re500_e0.25\seed_13,baseline,default,1.0,500,0.25,1.0,,13,B1_Mode2,1.0,0.2551789100785887,0.9999999999999998,1.7065392089351566e-16,0.0011148222580027944,-0.02385284589848785,0.8793264634214791,0.669903826738067,0.041092801541776525,1,0,B1
C1,re500_e0.25\seed_14,baseline,default,1.0,500,0.25,1.0,,14,B2_temporal,2.0,0.24978077366985196,1.0000000000000002,1.5282214567802865e-16,0.0011864108896000355,0.024345128050377314,0.03552863268075914,0.13322439234938926,0.958585209127636,0,1,B2
C1,re500_e0.25\seed_15,baseline,default,1.0,500,0.25,1.0,,15,B3_mixed,3.0,0.2741974315572189,1.0,1.5979197616498726e-16,1.8384148247367208e-05,0.003175180697470692,0.5786663386241127,0.563327300562207,0.3998372088017537,1,0,mixed
C1,re500_e0.25\seed_16,baseline,default,1.0,500,0.25,1.0,,16,B2_temporal,2.0,0.25385194715850856,1.0000000000000002,1.5404347581696565e-16,0.0038440414414338715,0.044177311028762,1.9176725022792615e-06,-0.000986716675359163,0.9959891269191304,0,1,B2
C1,re500_e0.25\seed_17,baseline,default,1.0,500,0.25,1.0,,17,B2_temporal,2.0,0.2528254048357828,1.0,1.7565579037926507e-16,0.001043268590871613,-0.022968012706351945,9.015966427890154e-05,-0.00675198542966016,0.998721435984215,0,1,B2
C1,re500_e0.25\seed_18,baseline,default,1.0,500,0.25,1.0,,18,B2_temporal,2.0,0.24131665701441826,1.0,1.4503972848283168e-16,0.00032472263017211127,0.012518864131386934,0.0636064633381946,0.17521015437059165,0.9330987369819652,0,1,B2
C1,re500_e0.25\seed_19,baseline,default,1.0,500,0.25,1.0,,19,B1_Mode2,1.0,0.25734277708995246,1.0,1.396976481078897e-16,0.0011490693478944877,-0.02431891021637722,0.8918629606767541,0.6775167763003702,0.009499893325813092,1,0,B1
C1,re500_e0.25\seed_2,baseline,default,1.0,500,0.25,1.0,,2,B1_Mode2,1.0,0.25736682323294036,1.0,1.4364107254927692e-16,0.0028536939665265476,0.03832613078942215,0.8938169795857812,0.6782902573200568,0.04354944392780096,1,0,B1
C1,re500_e0.25\seed_20,baseline,default,1.0,500,0.25,1.0,,20,B1_Mode2,1.0,0.25895418276756665,1.0,1.535530678895509e-16,0.0006107121659352722,-0.017784626497960476,0.8845171709035948,0.6768299951024932,0.03491181415099432,1,0,B1
C1,re500_e0.25\seed_21,baseline,default,1.0,500,0.25,1.0,,21,B1_Mode2,1.0,0.2584426161862293,1.0000000000000002,1.560118538679751e-16,0.0012157937671564078,0.025068423242270876,0.9128929162438476,0.6869212961787344,0.0356853312981435,1,0,B1
C1,re500_e0.25\seed_22,baseline,default,1.0,500,0.25,1.0,,22,B1_Mode2,1.0,0.24839168038021567,1.0,1.4081557778996591e-16,2.794135162199961e-09,-3.725694373263311e-05,0.8817556488381963,0.6618470628471006,0.0571481804093236,1,0,B1
C1,re500_e0.25\seed_23,baseline,default,1.0,500,0.25,1.0,,23,B2_temporal,2.0,0.24592759648258528,1.0000000000000002,1.6179732586288244e-16,4.915043750044773e-05,-0.004916797526958505,0.1800562665307827,0.2975930270001068,0.818675407844435,0,1,B2
C1,re500_e0.25\seed_24,baseline,default,1.0,500,0.25,1.0,,24,B1_Mode2,1.0,0.26094067050917624,0.9999999999999998,1.4274580439722753e-16,0.0006901717399381397,-0.018978613046581827,0.6677717758278452,0.5903368782849692,0.2904681266800076,1,0,B1
C1,re500_e0.25\seed_25,baseline,default,1.0,500,0.25,1.0,,25,B1_Mode2,1.0,0.23981927311040996,1.0,1.40651951875834e-16,0.0005804267255877965,-0.016685173983169654,0.7451369030192279,0.5978263802306039,0.21795616150129857,1,0,B1
C1,re500_e0.25\seed_26,baseline,default,1.0,500,0.25,1.0,,26,B1_Mode2,1.0,0.26180917391713365,1.0,1.4011471140272006e-16,0.002279573126742602,-0.034548897441052384,0.9028858093157357,0.6875809594199878,0.025311288392291645,1,0,B1
C1,re500_e0.25\seed_27,baseline,default,1.0,500,0.25,1.0,,27,B1_Mode2,1.0,0.2415102548581797,1.0000000000000002,1.4467860104256436e-16,0.00995181924144582,0.06933204744278243,0.8976473030607225,0.6584694813504309,0.014690315653074331,1,0,B1
C1,re500_e0.25\seed_28,baseline,default,1.0,500,0.25,1.0,,28,B2_temporal,2.0,0.2724643346275625,1.0,1.6449890502935138e-16,0.00781930692636052,-0.06527606389695245,0.05692903411518588,-0.17613137938018839,0.9291520415448862,0,1,B2
C1,re500_e0.25\seed_29,baseline,default,1.0,500,0.25,1.0,,29,B2_temporal,2.0,0.2577052066784311,1.0,1.5192803142918504e-16,7.152213759236298e-05,0.006071511714609977,0.026354014597042626,0.11654670118486632,0.967788624440245,0,1,B2
C1,re500_e0.25\seed_3,baseline,default,1.0,500,0.25,1.0,,3,B2_temporal,2.0,0.2679149954965574,1.0000000000000002,1.5564649878185483e-16,0.001736547630229733,-0.030504004672585412,0.020459694816609707,0.10470395450653168,0.9775970679627246,0,1,B2
C1,re500_e0.25\seed_30,baseline,default,1.0,500,0.25,1.0,,30,B1_Mode2,1.0,0.23841760655835603,1.0,1.572145059198065e-16,7.97376211247304e-05,0.006166174305226091,0.654946829152659,0.5588396110326495,0.2995600548480238,1,0,B1
C1,re500_e0.25\seed_31,baseline,default,1.0,500,0.25,1.0,,31,B1_Mode2,1.0,0.24933793246844105,1.0,1.6155151342711586e-16,0.00022609170322749405,0.01061821433490695,0.8822590688993038,0.6632957894346749,0.06265625345831591,1,0,B1
C1,re500_e0.25\seed_32,baseline,default,1.0,500,0.25,1.0,,32,B1_Mode2,1.0,0.26637578342602297,1.0000000000000004,1.6596940719535084e-16,0.00437698638272477,-0.04828919499729406,0.8816974154877666,0.6853653621175402,0.017065330867107237,1,0,B1
C1,re500_e0.25\seed_33,baseline,default,1.0,500,0.25,1.0,,33,B1_Mode2,1.0,0.2596277696936826,1.0,1.4881619962537707e-16,0.018562593178722317,-0.09817703057969152,0.8128735911706154,0.6496838577624062,0.01833619814139305,1,0,B1
C1,re500_e0.25\seed_34,baseline,default,1.0,500,0.25,1.0,,34,B2_temporal,2.0,0.2581021828572351,1.0,1.5428415360006622e-16,0.0016071772917557673,0.028803332003111824,0.040798263463455886,0.14512147226859673,0.955744657615539,0,1,B2
C1,re500_e0.25\seed_35,baseline,default,1.0,500,0.25,1.0,,35,B1_Mode2,1.0,0.2665557429818258,1.0000000000000002,1.6141438726131292e-16,4.132151743141968e-06,0.0014842161419462152,0.8777206770556134,0.6840489561472486,0.05953516850188051,1,0,B1
C1,re500_e0.25\seed_36,baseline,default,1.0,500,0.25,1.0,,36,B1_Mode2,1.0,0.2645028633953249,1.0000000000000002,1.4726990246455672e-16,0.0010587646028417167,-0.023666274278527577,0.9201397610722107,0.697681304791077,0.014691329760266662,1,0,B1
C1,re500_e0.25\seed_37,baseline,default,1.0,500,0.25,1.0,,37,B1_Mode2,1.0,0.25075795089986996,1.0000000000000002,1.368817804779603e-16,0.007773956358890672,-0.0624400731412198,0.87439573714424,0.6622109683807282,0.014150419899201131,1,0,B1
C1,re500_e0.25\seed_38,baseline,default,1.0,500,0.25,1.0,,38,B1_Mode2,1.0,0.2592085847795601,1.0,1.3896756535757195e-16,0.00723385863645107,-0.06123852153097559,0.8792498786321349,0.6751431206904736,0.019040282969938902,1,0,B1
C1,re500_e0.25\seed_39,baseline,default,1.0,500,0.25,1.0,,39,B1_Mode2,1.0,0.272692209666401,1.0,1.49900168088029e-16,0.015540969042579537,0.09206412100898098,0.88433099470322,0.6944784705404587,0.014831222316449498,1,0,B1
C1,re500_e0.25\seed_4,baseline,default,1.0,500,0.25,1.0,,4,B3_mixed,3.0,0.250331372894504,1.0,1.5725536976158988e-16,0.003228623590776666,0.04020511848107666,0.5015278719525549,-0.5010951221689193,0.4711693642379821,1,0,mixed
C1,re500_e0.25\seed_40,baseline,default,1.0,500,0.25,1.0,,40,B1_Mode2,1.0,0.24148450598513316,0.9999999999999999,1.5529959368252856e-16,0.001125117493219444,-0.02331087480234617,0.9037009675307083,0.6606508634709258,0.009337224966654355,1,0,B1
C1,re500_e0.25\seed_41,baseline,default,1.0,500,0.25,1.0,,41,B1_Mode2,1.0,0.26025295793726205,1.0000000000000002,1.7241947176851373e-16,0.0011638397595311865,0.024612709724164183,0.8975744686872565,0.6835150480345329,0.008831880223194418,1,0,B1
C1,re500_e0.25\seed_42,baseline,default,1.0,500,0.25,1.0,,42,B1_Mode2,1.0,0.25368689684825974,1.0,1.6357356031510515e-16,1.058467356864374e-05,-0.0023174093258555017,0.9239640413801266,0.6846861623504616,0.012078445544153478,1,0,B1
C1,re500_e0.25\seed_43,baseline,default,1.0,500,0.25,1.0,,43,B1_Mode2,1.0,0.2540957538449069,1.0,1.4192119816843367e-16,0.001308750853248068,0.025789456553065748,0.8760565847220801,0.6672364772788603,0.09691415375743898,1,0,B1
C1,re500_e0.25\seed_44,baseline,default,1.0,500,0.25,1.0,,44,B1_Mode2,1.0,0.24136283179412704,0.9999999999999998,1.5349726194990348e-16,0.0013801998578893918,0.025811971879034556,0.8863528640041028,0.6541141142413379,0.060744116035287385,1,0,B1
C1,re500_e0.25\seed_45,baseline,default,1.0,500,0.25,1.0,,45,B2_temporal,2.0,0.2815915933914337,0.9999999999999996,2.0869797688011225e-16,0.0005166127472584678,-0.0170571865597371,0.00012523182816616873,-0.008398122413567652,0.9992267830360109,0,1,B2
C1,re500_e0.25\seed_46,baseline,default,1.0,500,0.25,1.0,,46,B2_temporal,2.0,0.24763229258722613,1.0,1.7203695503778943e-16,0.0006508121612611144,0.017953390071891007,0.03939107674378508,-0.1396746408017065,0.9577729655499354,0,1,B2
C1,re500_e0.25\seed_47,baseline,default,1.0,500,0.25,1.0,,47,B1_Mode2,1.0,0.24752122976679153,1.0000000000000002,1.4413975854911502e-16,0.00011301110075864373,-0.007479658633531117,0.9144115749844344,0.6728094493289105,0.024659880096962,1,0,B1
C1,re500_e0.25\seed_48,baseline,default,1.0,500,0.25,1.0,,48,B1_Mode2,1.0,0.2511862225893824,1.0,1.4282903988670244e-16,0.0005870512217047458,0.017173187173410598,0.8918939657719545,0.669375046162495,0.021019643534416557,1,0,B1
C1,re500_e0.25\seed_49,baseline,default,1.0,500,0.25,1.0,,49,B2_temporal,2.0,0.24893872967903613,1.0000000000000002,1.6324240141794906e-16,0.003846782738896226,0.04376329988408255,0.14042681424575418,0.2644151007458236,0.8508669594311863,0,1,B2
C1,re500_e0.25\seed_5,baseline,default,1.0,500,0.25,1.0,,5,B2_temporal,2.0,0.2450568972570939,0.9999999999999999,1.584607185391516e-16,9.87381261473828e-05,0.0069565018270186865,3.9553603272791076e-05,0.004402927047628251,0.9980349069868832,0,1,B2
C1,re500_e0.25\seed_6,baseline,default,1.0,500,0.25,1.0,,6,B1_Mode2,1.0,0.2647335363480681,1.0,1.3960281936642767e-16,0.015632433661802846,-0.0909772438032242,0.8695219480813784,0.6785154681329595,0.009040331170392976,1,0,B1
C1,re500_e0.25\seed_7,baseline,default,1.0,500,0.25,1.0,,7,B1_Mode2,1.0,0.24948878726248702,1.0,1.498446505809339e-16,0.009576631921419308,-0.0691268729819905,0.9069728593777449,0.6727251426342615,0.015635049046610474,1,0,B1
C1,re500_e0.25\seed_8,baseline,default,1.0,500,0.25,1.0,,8,B2_temporal,2.0,0.2504911795056795,1.0,1.5954407303495895e-16,0.00020118279690362062,-0.010039374093302779,0.02629388479828192,0.11477269899159899,0.9701904128516237,0,1,B2
C1,re500_e0.25\seed_9,baseline,default,1.0,500,0.25,1.0,,9,B2_temporal,2.0,0.2643807034825562,1.0,1.5892323317840984e-16,0.003199154062330538,-0.041128933892043085,0.0018208302586107128,-0.03102877324980235,0.9943593057378544,0,1,B2
C2,lambda_0\seed_0,lambda_sweep,default,1.0,500,0.25,0.0,,0,B3_mixed,3.0,0.25026792915689644,0.9999999999999998,1.3969316468504046e-16,0.9028162189029212,0.672229046551982,0.0032063013286279863,0.040060813615520385,0.052004709808362956,0,0,B_first
C2,lambda_0\seed_1,lambda_sweep,default,1.0,500,0.25,0.0,,1,B3_mixed,3.0,0.24682762856436546,1.0000000000000002,1.379118290069709e-16,0.9364333094037102,0.6799082483229608,0.00013383584071916712,-0.008128269579883551,0.029745806533393655,0,0,B_first
C2,lambda_0\seed_2,lambda_sweep,default,1.0,500,0.25,0.0,,2,B3_mixed,3.0,0.24557199824317594,1.0,1.3757902981907385e-16,0.9098210738736076,0.668470760998406,0.00024446933449416883,0.010957629577688088,0.04717331960345714,0,0,B_first
C2,lambda_0\seed_3,lambda_sweep,default,1.0,500,0.25,0.0,,3,B3_mixed,3.0,0.26022765174568985,1.0,1.4733299149241755e-16,0.9284901381210837,0.6951529447715529,0.0005034726775119975,0.016187495951323794,0.03389571105386546,0,0,B_first
C2,lambda_0\seed_4,lambda_sweep,default,1.0,500,0.25,0.0,,4,B3_mixed,3.0,0.2522519046241636,0.9999999999999998,1.50822289637757e-16,0.9257508476070211,0.6834067815237201,1.3023335150343246e-05,-0.002563263972451102,0.040344047347366206,0,0,B_first
C2,lambda_0\seed_5,lambda_sweep,default,1.0,500,0.25,0.0,,5,B3_mixed,3.0,0.2481199289248165,1.0000000000000004,1.6376121229446883e-16,0.9074352265106677,0.6710480815943096,0.002970672012793034,0.03839486759120675,0.04433589741084757,0,0,B_first
C2,lambda_0\seed_6,lambda_sweep,default,1.0,500,0.25,0.0,,6,B3_mixed,3.0,0.25117595328965014,1.0,1.4830085900255166e-16,0.898695585722647,0.6719088040219243,0.005166121078936087,0.05094321126139434,0.05416365099219361,0,0,B_first
C2,lambda_0.0001\seed_0,lambda_sweep,default,1.0,500,0.25,0.0001,,0,B3_mixed,3.0,0.2501397080106587,1.0,1.4554061896653823e-16,0.9007610643532468,0.6712914562612745,0.002770141004506131,0.037226932777641414,0.05229985797929578,0,0,B_first
C2,lambda_0.0001\seed_1,lambda_sweep,default,1.0,500,0.25,0.0001,,1,B3_mixed,3.0,0.24695140306642216,1.0000000000000002,1.5210481156271585e-16,0.933372023080904,0.6789661710023176,9.124711445667365e-05,-0.00671321129428204,0.031304896078429324,0,0,B_first
C2,lambda_0.0001\seed_2,lambda_sweep,default,1.0,500,0.25,0.0001,,2,B3_mixed,3.0,0.24568620509523006,0.9999999999999999,1.6044112888479478e-16,0.9102761791355081,0.6687933911760624,0.00027685176812316213,0.011663503786091406,0.0466643375210832,0,0,B_first
C2,lambda_0.0001\seed_3,lambda_sweep,default,1.0,500,0.25,0.0001,,3,B3_mixed,3.0,0.2599881886182855,0.9999999999999998,1.719781718154962e-16,0.9314443848604465,0.6959375523975418,0.0007605887324043082,0.01988688446294562,0.0322491405381707,0,0,B_first
C2,lambda_0.0001\seed_4,lambda_sweep,default,1.0,500,0.25,0.0001,,4,B3_mixed,3.0,0.2521351771309377,1.0000000000000002,1.6872657611756993e-16,0.9308053261603652,0.685111327867032,4.102474665014089e-05,-0.004548358333153868,0.03785334294045471,0,0,B_first
C2,lambda_0.0001\seed_5,lambda_sweep,default,1.0,500,0.25,0.0001,,5,B3_mixed,3.0,0.24806472331146945,0.9999999999999998,1.666866229225603e-16,0.904949850317235,0.670053929515678,0.0036021975279268504,0.04227477103612587,0.044373522261562486,0,0,B_first
C2,lambda_0.0001\seed_6,lambda_sweep,default,1.0,500,0.25,0.0001,,6,B3_mixed,3.0,0.2509909779857856,0.9999999999999998,1.566043120608883e-16,0.8959668847450282,0.6706408944361092,0.005210100517223644,0.05114075134806312,0.056323506339468525,0,0,B_first
C2,lambda_0.001\seed_0,lambda_sweep,default,1.0,500,0.25,0.001,,0,B3_mixed,3.0,0.2506825881507759,1.0,1.490843568831091e-16,0.8900417283000602,0.6680089281026845,0.003681727883882343,0.04296382373109975,0.05908053290630875,0,0,B_first
C2,lambda_0.001\seed_1,lambda_sweep,default,1.0,500,0.25,0.001,,1,B3_mixed,3.0,0.24686063303216857,1.0000000000000002,1.4782903622653797e-16,0.927541596374715,0.6767178225002358,0.00024300702113838073,-0.010953434810093338,0.0337490512834093,0,0,B_first
C2,lambda_0.001\seed_2,lambda_sweep,default,1.0,500,0.25,0.001,,2,B3_mixed,3.0,0.24521920243839423,1.0000000000000002,1.5082947134510697e-16,0.9035917009099768,0.6656996863858305,0.0005278927081153398,0.01609033429466819,0.049029130733881675,0,0,B_first
C2,lambda_0.001\seed_3,lambda_sweep,default,1.0,500,0.25,0.001,,3,B3_mixed,3.0,0.2602319864663716,1.0000000000000002,1.6783759454796031e-16,0.9278040074577463,0.6949018346675875,0.0007378877800364247,0.019597040735179372,0.034083020111897865,0,0,B_first
C2,lambda_0.001\seed_4,lambda_sweep,default,1.0,500,0.25,0.001,,4,B3_mixed,3.0,0.25237411892524686,1.0,1.5716647486534622e-16,0.9221177277972769,0.6822296520940561,0.00029973188330679855,-0.012299965037621707,0.04155224483134868,0,0,B_first
C2,lambda_0.001\seed_5,lambda_sweep,default,1.0,500,0.25,0.001,,5,B3_mixed,3.0,0.24803755101609826,1.0000000000000002,1.6299851842187992e-16,0.9000715532883211,0.6682088652762559,0.003357751848339028,0.040812952487703946,0.046795788944173224,0,0,B_first
C2,lambda_0.001\seed_6,lambda_sweep,default,1.0,500,0.25,0.001,,6,B3_mixed,3.0,0.25092954475868057,1.0000000000000002,1.56400195069436e-16,0.8905151965441916,0.6685156286423242,0.0051229984812934445,0.05070525962285127,0.05912527040953134,0,0,B_first
C2,lambda_0.01\seed_0,lambda_sweep,default,1.0,500,0.25,0.01,,0,B3_mixed,3.0,0.25226483964896984,1.0,1.4493797103258386e-16,0.800038338248913,0.635329116460737,0.0024603045861989106,0.03523204058595225,0.10537598692794378,0,0,B_first
C2,lambda_0.01\seed_1,lambda_sweep,default,1.0,500,0.25,0.01,,1,B3_mixed,3.0,0.24673859129063722,1.0000000000000002,1.4434723498846855e-16,0.8646958210019215,0.6532286410881187,0.0022931109043336792,-0.03363923168588995,0.054982886905752835,0,0,B_first
C2,lambda_0.01\seed_2,lambda_sweep,default,1.0,500,0.25,0.01,,2,B3_mixed,3.0,0.24141355360972305,0.9999999999999999,1.5997463693572308e-16,0.8336716053564698,0.6344440476395503,0.0026382356091587825,0.035690498278021676,0.07995130865064351,0,0,B_first
C2,lambda_0.01\seed_3,lambda_sweep,default,1.0,500,0.25,0.01,,3,B3_mixed,3.0,0.2625360194980738,0.9999999999999998,1.5952567601654176e-16,0.864589036951953,0.6737740930950652,0.007180946093696665,0.061404511294681996,0.06217315998735441,0,0,B_first
C2,lambda_0.01\seed_4,lambda_sweep,default,1.0,500,0.25,0.01,,4,B3_mixed,3.0,0.2539230927154428,1.0,1.4831782787583393e-16,0.8579784618602218,0.6600917277451461,0.0033310017711707745,-0.04112950939596291,0.06927384843390692,0,0,B_first
C2,lambda_0.01\seed_5,lambda_sweep,default,1.0,500,0.25,0.01,,5,B3_mixed,3.0,0.24549239768695175,1.0000000000000002,1.396543590206245e-16,0.8303712640584228,0.6385136374174747,0.006411392013621522,0.05610611371205318,0.07714338055970503,0,0,B_first
C2,lambda_0.01\seed_6,lambda_sweep,default,1.0,500,0.25,0.01,,6,B3_mixed,3.0,0.24960766146219715,1.0,1.4734508816740329e-16,0.8110442603124289,0.6363063117067485,0.0075518165098151235,0.06140018336791128,0.09475766470916054,0,0,B_first
C2,lambda_0.1\seed_0,lambda_sweep,default,1.0,500,0.25,0.1,,0,B1_Mode2,1.0,0.255767989274606,1.0,1.6568874862269483e-16,0.09201931044669263,0.2169589546775441,0.600220719775264,-0.5541069330334643,0.10836582361389342,1,0,B1
C2,lambda_0.1\seed_1,lambda_sweep,default,1.0,500,0.25,0.1,,1,B1_Mode2,1.0,0.24865905628916676,0.9999999999999999,1.508781435230368e-16,0.003275987548167013,0.040363448121840895,0.9057495193867623,-0.6711524725799327,0.03210562456806169,1,0,B1
C2,lambda_0.1\seed_2,lambda_sweep,default,1.0,500,0.25,0.1,,2,B1_Mode2,1.0,0.2622087812593985,1.0,1.3821560605351803e-16,0.0030061110128145278,0.03970462706034533,0.901559631953139,0.6875999597543683,0.015168599960535352,1,0,B1
C2,lambda_0.1\seed_3,lambda_sweep,default,1.0,500,0.25,0.1,,3,B1_Mode2,1.0,0.2404649692249776,1.0,1.4926544602402748e-16,0.0018040163985417622,0.02945514378700942,0.9132257121389583,0.662719839396638,0.015292807666194237,1,0,B1
C2,lambda_0.1\seed_4,lambda_sweep,default,1.0,500,0.25,0.1,,4,B1_Mode2,1.0,0.2462939298699395,1.0000000000000002,1.527786652049391e-16,0.007135947160071212,-0.059288118023735126,0.8367279215828639,0.641998454886848,0.026820824641303677,1,0,B1
C2,lambda_0.1\seed_5,lambda_sweep,default,1.0,500,0.25,0.1,,5,B1_Mode2,1.0,0.2609905336991548,1.0000000000000004,1.5417514456449382e-16,0.0006884725388558614,0.01895704699330586,0.8835130007759552,0.6791001834820225,0.025557574396476386,1,0,B1
C2,lambda_0.1\seed_6,lambda_sweep,default,1.0,500,0.25,0.1,,6,B1_Mode2,1.0,0.2572051529857253,1.0,1.591908229189885e-16,0.012248955714495578,-0.0793787695604084,0.853641464421264,0.6626627852104414,0.019071184634193616,1,0,B1
C2,lambda_1\seed_0,lambda_sweep,default,1.0,500,0.25,1.0,,0,B3_mixed,3.0,0.24004561722723428,1.0000000000000002,1.4428056636626735e-16,0.00511058193045149,0.04953327757953391,0.5095100285303777,-0.49458194322486193,0.45230785375611227,1,0,mixed
C2,lambda_1\seed_1,lambda_sweep,default,1.0,500,0.25,1.0,,1,B1_Mode2,1.0,0.2671071859104311,1.0000000000000002,1.4739824694514453e-16,3.4523834764232716e-06,0.001358054811170073,0.9108764919030197,0.6975695756900255,0.012506321562187095,1,0,B1
C2,lambda_1\seed_2,lambda_sweep,default,1.0,500,0.25,1.0,,2,B1_Mode2,1.0,0.25736682323294036,1.0,1.4364107254927692e-16,0.0028536939665265476,0.03832613078942215,0.8938169795857812,0.6782902573200568,0.04354944392780096,1,0,B1
C2,lambda_1\seed_3,lambda_sweep,default,1.0,500,0.25,1.0,,3,B2_temporal,2.0,0.2679149954965574,1.0000000000000002,1.5564649878185483e-16,0.001736547630229733,-0.030504004672585412,0.020459694816609707,0.10470395450653168,0.9775970679627246,0,1,B2
C2,lambda_1\seed_4,lambda_sweep,default,1.0,500,0.25,1.0,,4,B3_mixed,3.0,0.250331372894504,1.0,1.5725536976158988e-16,0.003228623590776666,0.04020511848107666,0.5015278719525549,-0.5010951221689193,0.4711693642379821,1,0,mixed
C2,lambda_1\seed_5,lambda_sweep,default,1.0,500,0.25,1.0,,5,B2_temporal,2.0,0.2450568972570939,0.9999999999999999,1.584607185391516e-16,9.87381261473828e-05,0.0069565018270186865,3.9553603272791076e-05,0.004402927047628251,0.9980349069868832,0,1,B2
C2,lambda_1\seed_6,lambda_sweep,default,1.0,500,0.25,1.0,,6,B1_Mode2,1.0,0.2647335363480681,1.0,1.3960281936642767e-16,0.015632433661802846,-0.0909772438032242,0.8695219480813784,0.6785154681329595,0.009040331170392976,1,0,B1
C2,lambda_10\seed_0,lambda_sweep,default,1.0,500,0.25,10.0,,0,B2_temporal,2.0,0.2918253587192291,0.9999999999999998,1.8569515206322847e-16,0.004634839976191569,0.052010841920859696,0.25786132481601604,-0.38794451565719945,0.7252921400865939,0,1,B2
C2,lambda_10\seed_1,lambda_sweep,default,1.0,500,0.25,10.0,,1,B1_Mode2,1.0,0.3382364240441505,1.0,1.5915599030523142e-16,1.615078276851223e-05,0.0033053843979590214,0.9175129007064556,0.7878277509066652,0.015586876209996214,1,0,B1
C2,lambda_10\seed_2,lambda_sweep,default,1.0,500,0.25,10.0,,2,B1_Mode2,1.0,0.3228066587253149,1.0,1.5946031393670005e-16,0.0019298616275357583,0.03529793715748886,0.8838908425311464,0.7554149185121813,0.06889388835422568,1,0,B1
C2,lambda_10\seed_3,lambda_sweep,default,1.0,500,0.25,10.0,,3,B2_temporal,2.0,0.3364935267574848,0.9999999999999997,2.1341114063724082e-16,0.0018673069737064375,-0.035449589817692535,0.030814901314659977,0.1440070471890441,0.9672286502294272,0,1,B2
C2,lambda_10\seed_4,lambda_sweep,default,1.0,500,0.25,10.0,,4,B2_temporal,2.0,0.319919570493605,1.0,1.69557826248266e-16,1.2736000546546777e-05,0.0028546438743414435,0.004104655933605875,-0.05124762947304429,0.9956324941615674,0,1,B2
