point_id,study,Re,E_star,seed,branch_id,label_beh,E_total,modal_coverage,dominant_i,dominant_j,reconstruction_rmse,A10,A20,A30,A40,A50,A60,A70,A80,Efrac_0_0,Efrac_0_1,Efrac_0_2,Efrac_0_3,Efrac_0_4,Efrac_1_0,Efrac_1_1,Efrac_1_2,Efrac_1_3,Efrac_1_4,Efrac_2_0,Efrac_2_1,Efrac_2_2,Efrac_2_3,Efrac_2_4,Efrac_3_0,Efrac_3_1,Efrac_3_2,Efrac_3_3,Efrac_3_4,Efrac_4_0,Efrac_4_1,Efrac_4_2,Efrac_4_3,Efrac_4_4,Efrac_5_0,Efrac_5_1,Efrac_5_2,Efrac_5_3,Efrac_5_4,c_0_0,c_0_1,c_0_2,c_0_3,c_0_4,c_1_0,c_1_1,c_1_2,c_1_3,c_1_4,c_2_0,c_2_1,c_2_2,c_2_3,c_2_4,c_3_0,c_3_1,c_3_2,c_3_3,c_3_4,c_4_0,c_4_1,c_4_2,c_4_3,c_4_4,c_5_0,c_5_1,c_5_2,c_5_3,c_5_4
re1000_e0.1,phase1_re_estarmap,1000,0.1,0,1,B1_Mode2,0.11988783355556862,0.9999999999999999,1,0,1.053580891727679e-16,-0.0023520647896174422,-0.4368994962567142,0.1384622836182738,0.09691808069255962,-0.05362493313243913,0.014951139645999612,0.0,0.0,2.3072436170071983e-05,0.05536149439098048,4.5805806348766234e-05,5.579069711162187e-05,5.019809972617299e-06,0.7960823219851422,0.0007026109147506688,0.00040248395408342297,0.00012785800706451692,1.844850661377551e-05,0.07995725427760386,0.004519576797559633,0.0016457032183190634,7.343927780206575e-11,4.597795572143072e-05,0.03917459381220589,0.007339622058296441,3.4813159146009736e-06,1.6969788771571953e-05,2.7393960815606266e-06,0.011993016172594765,0.0011695729074544619,0.0001289435464646126,9.321124527994313e-07,6.500047108273178e-06,0.0009322738183043863,4.65588827463966e-05,0.00018706444597927196,4.531348475857135e-08,4.267551258565975e-06,-0.0023520647896174422,0.16293765218553277,0.004686815075259315,-0.0051724755424331454,-0.0015515336186853654,-0.4368994962567142,-0.018355871039202033,0.013892865693720722,0.00783035617828398,0.0029743916959681857,0.1384622836182738,-0.046555011367088686,-0.028092688979141845,-5.934467428025947e-06,-0.004695613912048643,0.09691808069255962,0.059327274931040744,0.0012920795995975383,0.002852697819061371,-0.0011461592585132615,-0.05362493313243913,-0.023682699344458435,0.00786352654643302,0.0006685774228802257,0.0017655328553385914,0.014951139645999612,-0.004725185111816565,-0.009471378181389996,0.00014741147198991535,-0.0014305627913192977
re1000_e0.1,phase1_re_estarmap,1000,0.1,1,1,B1_Mode2,0.12240178916385741,0.9999999999999999,1,0,1.1014640742544614e-16,-0.012426647545061365,0.4701717292533125,0.10065446941573505,-0.10392171895621623,-0.033050399087229426,-0.007040655690551478,0.0,0.0,0.0006307978431690154,0.002524723624360956,5.707838147189059e-05,3.822058122360571e-05,3.2231521188354494e-06,0.9030156197027424,0.0024880109955938545,0.00010623615813586807,7.6121128777606385e-06,6.344142608895078e-06,0.04138551520599301,3.866532890538855e-05,6.128059881871332e-05,6.793422879254557e-08,3.028119604097507e-06,0.04411587340589182,0.0005274686035824646,0.00013322941262894757,6.71578093156349e-06,6.6216717252231325e-06,0.00446206255352547,0.0001524951584951294,1.4859364101063836e-05,6.607082162494682e-07,4.180220910659848e-07,0.00020249227111596865,8.719232261046312e-06,1.8386528920964098e-06,3.068501033052928e-08,9.059567843610146e-08,-0.012426647545061365,0.03515853744205181,0.005286396131481854,0.004325860619415227,0.0012562158828684454,0.4701717292533125,0.03490197686779578,-0.007212072054472207,0.0019305297050862921,-0.0017624237924397407,0.10065446941573505,0.0043509564174459715,-0.005477537744805808,-0.0001823762171959317,-0.0012176161256220064,-0.10392171895621623,0.0160702334527231,0.00807651372190576,0.001813310344817884,0.0018005604310025675,-0.033050399087229426,0.008640759281134927,0.0026972673221669426,0.0005687595899295086,0.00045240093658830316,-0.007040655690551478,0.0020661554916194423,0.0009487979840701633,0.0001225707985609661,0.00021060933627066312
re1000_e0.1,phase1_re_estarmap,1000,0.1,2,1,B1_Mode2,0.12527418955944505,1.0000000000000002,1,0,1.230952804861059e-16,0.016825411117396053,0.47419523947315223,-0.03276198856526913,-0.15209171093866516,0.007510504429299729,0.007060364991892284,0.0,0.0,0.0011298993841626923,5.814327158005627e-06,5.724621872587681e-07,1.5653495719242506e-08,2.2684500701013363e-07,0.8974758724433782,0.002714156368070669,3.1659957091276807e-05,4.378846644636721e-05,8.596101765646645e-07,0.004283994566340821,0.00038900457444581186,1.4878385661784211e-05,4.6332205772820687e-07,1.6499665866222643e-06,0.09232503765380157,0.0008807262655360699,0.00010300355783540291,2.7345856256761304e-06,7.2826188994994144e-06,0.00022513686570594136,8.417947853857776e-05,5.3291712796728077e-08,7.203451251468412e-07,4.057004363530186e-07,0.00019895859631597902,7.676469477869052e-05,9.913536979644965e-07,6.679452142923747e-07,4.807145094532878e-07,0.016825411117396053,-0.0017069096315301831,0.0005355921454325836,-8.856588485416599e-05,0.0003371517427438341,0.47419523947315223,0.03687892294238865,-0.003983051827981408,0.0046842564601522856,-0.0006563138523791489,-0.03276198856526913,0.013961695140435618,-0.002730478130828287,0.0004818393727661347,-0.0009092815338260599,-0.15209171093866516,0.021007833694957487,0.007184340534682227,0.0011705947172911473,0.001910313252328096,0.007510504429299729,-0.006494772036478887,0.00016341451748048356,-0.0006008016370013236,-0.0004508826604252491,0.007060364991892284,-0.006202139929146591,0.000704814957500935,-0.0005785371047412158,0.0004907998393692761
re1000_e0.1,phase1_re_estarmap,1000,0.1,3,2,B2_temporal,0.12160874749679955,0.9999999999999997,0,1,1.2220717336657468e-16,-0.021072245219102156,0.1094015895885103,-0.006378634132677436,0.007002097911810054,-0.0047975291191400295,0.0031680298682797378,0.0,0.0,0.001825689054916299,0.9397337997644697,0.0024297071329035364,0.0009627427692763086,1.814674469097444e-07,0.049209896700925376,0.003667503490707918,0.00023036922058843482,0.00044213615680376543,7.486377253071997e-05,0.0001672863763341877,0.00014209184823519693,0.00040466153631694876,3.198769133413824e-05,1.9264336997977257e-06,0.00020158654774347153,0.0002425288582590616,2.1545612660256875e-05,2.469826505034253e-05,5.588573774264426e-09,9.463252489136212e-05,1.3653642690915316e-05,1.3708149932231855e-06,5.551027171580936e-06,6.3044056395537494e-06,4.126517809328093e-05,1.3244142493947411e-05,5.911671305437473e-07,5.532198128502002e-06,2.646609990586631e-06,-0.021072245219102156,0.6761060578630113,0.03437869347234935,0.021640512224371414,0.00029710623642149273,0.1094015895885103,0.042237448121075216,-0.010585823043594388,0.014665282029603724,-0.006034596791947632,-0.006378634132677436,-0.008313750463752836,-0.014030022464933517,0.003944608005091903,-0.0009680313824830825,0.007002097911810054,-0.010861607741897756,-0.00323736619471139,0.0034661362224333507,5.213902404079918e-05,-0.0047975291191400295,0.0025771320388455407,-0.0008165858053522737,0.0016432327426833479,0.0017511948761207486,0.0031680298682797378,-0.002538191151476251,-0.0005362502934514894,0.0016404434587162912,-0.0011346381380294894
re1000_e0.1,phase1_re_estarmap,1000,0.1,4,2,B2_temporal,0.12525350125653048,1.0000000000000002,0,1,1.083772701187577e-16,-0.004605545853468511,0.14439301498881962,-0.003617249667272091,-0.007350454117205169,-0.0033680577394290846,0.00048041026458438973,0.0,0.0,8.46724937650998e-05,0.8994028145877845,0.0012252985392745633,0.00023901071912060066,7.819019841240818e-05,0.08322858270788036,0.000547883135432548,0.0010587439787812483,0.001697043438885153,4.8582042487002594e-05,5.223205349198913e-05,0.010731371256713817,0.0004914142950802056,0.00039288089908203177,3.0769765176650087e-06,0.0002156793031217618,5.9807903113899824e-05,0.00028315855705837863,9.091911438229032e-05,1.8063576316815345e-08,4.5283416520608883e-05,1.9017328645084474e-07,1.073912725571936e-05,5.255698513986338e-06,1.9245955086531496e-06,9.21307668060138e-07,3.086571562036958e-06,9.3519216992549e-10,6.719435072588637e-07,5.45967023302786e-07,-0.004605545853468511,0.6712774435867724,-0.024776838549633525,-0.01094293002951155,-0.006258944356709663,0.14439301498881962,-0.016567954731026097,-0.023031403802340943,0.02915891853308612,-0.004933587303247241,-0.003617249667272091,-0.07332507956182793,0.01569093509339779,0.014029926327224686,-0.0012416152095100462,-0.007350454117205169,-0.00547399279057885,0.011910768351757832,-0.006749203629325415,-9.513203832349364e-05,-0.0033680577394290846,-0.0003086737434472159,-0.002319580383792108,-0.00162270717065715,0.0009819619665983,0.00048041026458438973,-0.0012435495889170924,-2.164588585674976e-05,-0.0005802181552856325,0.0005230077675877471
re1000_e0.25,phase1_re_estarmap,1000,0.25,0,3,B3_mixed,0.24023392160360058,1.0000000000000002,1,0,1.5739404415359329e-16,0.04876668291804143,-0.4576190387643095,-0.008723525654555565,0.1431091800555141,-0.016744802824313794,-0.0048781684431204115,0.0,0.0,0.004949736796023626,0.4123617571477567,0.005198214332843251,0.007099176238299244,0.0008227298748721765,0.43585681664289977,0.004222437184687067,0.0032638869692449193,0.0006200636024236758,1.0588340442204044e-05,0.00015838708234397098,0.062071545809567044,0.009978954290851808,0.0015082083443264168,0.0001083772845233083,0.04262561523254632,0.0019709059864287657,0.002010813152960686,0.00023210193057978247,9.87614465412742e-06,0.0005835737512702386,0.0020547258625691913,0.001703200734920557,2.4723560736723808e-05,4.305509872455012e-05,4.952782521429554e-05,0.0003536259557552651,6.251539251318248e-06,9.691335218151785e-05,4.209931101537285e-06,0.04876668291804143,0.6294864002945804,0.07067637270021654,-0.08259450218705176,-0.02811744115391602,-0.4576190387643095,0.0636984346307581,0.05600344154755483,0.02440985955337683,-0.003189782781133963,-0.008723525654555565,-0.24422686887261058,-0.09792412006843679,0.038069557662405724,0.01020507718222328,0.1431091800555141,0.043519121049570626,-0.043957503539115886,-0.01493435730052657,-0.003080639518402285,-0.016744802824313794,0.044434889525477056,0.040455733429421346,-0.004874192426151419,-0.0064321987567639285,-0.0048781684431204115,-0.018433984933476397,0.002450984937043082,0.009650258991408861,-0.0020113361312354213
re1000_e0.25,phase1_re_estarmap,1000,0.25,1,1,B1_Mode2,0.2657723532468718,1.0,1,0,1.39147780666689e-16,-0.006982190119254235,0.7055066383618017,0.0712974814133121,-0.11869449529547262,-0.012815469278954536,-0.0033902337502458722,0.0,0.0,9.171566994428393e-05,0.020428673715684735,0.000229799793249545,0.00026757254228722456,9.753853348453139e-06,0.9364021703006623,0.0032722317276620955,0.00029843665361344474,4.147395596051258e-06,1.8354059505734152e-05,0.009563317617088181,0.001115239900296241,2.4511214249531327e-05,9.857047138607337e-06,1.8153031762502841e-06,0.026504606369573153,0.0010110280998638379,0.0002225356714554284,1.2051494331975878e-05,1.0957296109679274e-05,0.00030897918995974533,0.0001677046764482637,1.501968625639562e-06,6.150049549517964e-07,1.3739359716409608e-07,2.1623176265120934e-05,4.0362908850067344e-07,7.672291347579305e-08,6.962275805578082e-08,1.1289055229867475e-07,-0.006982190119254235,0.14736860842296162,0.015630026465438398,0.016865750410571572,0.0032201270519302628,0.7055066383618017,0.058980292526566266,-0.017811929903967932,0.002099774356837663,-0.00441723967494275,0.0712974814133121,-0.034432538839681205,0.005104665744996903,-0.003237116379800403,0.0013891830649825226,-0.11869449529547262,0.032784344879806616,0.015381005049616482,0.0035793597241688727,0.0034130024156406656,-0.012815469278954536,0.013352343091781349,-0.0012636166129632773,0.0008085822509455061,-0.00038218016504970294,-0.0033902337502458722,0.0006550525251908091,0.0002855929219180171,0.0002720573781247072,-0.0003464285654720629
re1000_e0.25,phase1_re_estarmap,1000,0.25,2,1,B1_Mode2,0.2641202799460255,1.0000000000000002,1,0,1.4539121038733673e-16,0.04188979528671918,0.6978653721437341,-0.0883920803096639,-0.16718200937659317,0.022262294010014005,0.0007855020791681795,0.0,0.0,0.0033218860541906025,1.3200144840611343e-05,7.103083465257736e-07,1.1543081293197747e-06,1.6990463407887188e-08,0.9219588850519866,0.0012196313554539379,0.00015733932437082156,2.3990461297444666e-05,5.136993464597946e-06,0.014790912426464823,0.0006912380525312602,1.677464140235887e-05,5.982573335243007e-07,1.4925000355727037e-06,0.05291116658082255,0.0035558603858494736,9.150314989849396e-05,1.9804479765254216e-05,6.209300037980557e-06,0.0009382273384868178,0.0001652985357728583,1.411787736448676e-06,2.5349135200971754e-06,2.4884228215263244e-07,1.1680540330027348e-06,8.720089195563741e-05,1.3355804977549125e-05,2.9477231976913554e-07,2.7482922305386177e-06,0.04188979528671918,0.0037343947036328935,-0.0008662721035157159,0.0011043118875750852,-0.00013397799747277709,0.6978653721437341,0.03589592595453944,-0.012892867237250201,0.005034428410024469,-0.0023296215589236917,-0.0883920803096639,0.027023692415649045,-0.004209761505446699,0.0007950141996472793,-0.001255706219168983,-0.16718200937659317,0.061291919224626845,0.009832158983078612,0.004574173035548324,0.0025612513069203434,0.022262294010014005,-0.013214945409345502,0.0012212809212874653,-0.0016364865640353188,-0.000512734992855222,0.0007855020791681795,-0.009598234003162473,0.0037563487322530616,-0.0005580514227838271,0.0017039714942490634
re1000_e0.25,phase1_re_estarmap,1000,0.25,3,2,B2_temporal,0.2636199947252992,1.0,0,1,1.5299928144238405e-16,-0.030463502919526524,0.1293649882541702,-0.011670720061207597,0.011501948086839743,-0.0058742988656141255,0.0035402095153466155,0.0,0.0,0.0017601567193244085,0.9604538700679137,0.00027773458950987,0.0003563968387765259,4.9902775446893225e-05,0.031741333208507826,0.0018299173701248315,0.0007469645031728375,0.001543627602197904,4.079227369990308e-05,0.00025833720786051214,0.000335594019770319,3.053983570652458e-05,7.753023477042594e-05,2.8326485417015363e-05,0.0002509195289420516,3.8213963235658345e-05,4.853152608201081e-05,7.178323777388713e-06,7.886386218949478e-06,6.544910828655704e-05,3.0491359886121387e-06,2.7044239770934175e-06,2.8776994144905204e-06,1.1946687856227839e-06,2.3771116879071725e-05,3.0125210783310764e-06,8.680579668684348e-06,2.8454371670304683e-06,2.6618482989863425e-06,-0.030463502919526524,1.0063694036708322,0.01711331540311521,0.019385905473655964,0.00725406628039413,0.1293649882541702,0.04392734034562263,-0.028065265249871355,0.040345066630220736,-0.00655855440706301,-0.011670720061207597,-0.01881162339849418,0.00567482557542186,0.00904179629968092,-0.005465318997540713,0.011501948086839743,-0.006347901948397449,-0.007153706913132635,-0.0027512540241364136,-0.0028837538684437923,-0.0058742988656141255,-0.0017931126157993,-0.001688715765990641,0.001741974861436281,0.0011223877742818796,0.0035402095153466155,-0.001782313991169335,-0.0030254747504952725,0.0017321825896408755,-0.001675370328659698
re1000_e0.25,phase1_re_estarmap,1000,0.25,4,2,B2_temporal,0.2636872627012806,1.0000000000000002,0,1,1.6454142843764857e-16,-0.009314284464193922,0.1427482908310196,0.01298440538752512,0.0012777289147769685,-0.0037308394072285457,0.0016143286893553525,0.0,0.0,0.00016450528211179861,0.9436698590048017,0.0021876004917908394,0.00014104451119734322,5.2913928386808246e-05,0.03863871604268883,0.001122579170439663,0.0005481282114764832,0.0035808165055032236,4.33648421141068e-05,0.0003196870063810871,0.00825364361930074,0.00025658594639785856,0.00047964010968708974,4.2348978996182375e-05,3.0956959447575176e-06,0.00018081580837927804,0.00017416307604191215,7.286939315299098e-05,5.24695498679816e-06,2.6393316347437374e-05,1.2524313781451598e-05,1.4353712463061958e-06,3.7009218484668376e-06,3.4482450376787873e-06,4.941568073062471e-06,6.310228908152723e-06,1.1063842718402886e-06,2.1327479755372124e-06,3.823227303179149e-07,-0.009314284464193922,0.9976647172566134,-0.04803508657489031,-0.01219698996911411,-0.007470670367534377,0.1427482908310196,0.03440987234028683,-0.024044494396313062,0.061456186102676766,-0.006763063363459502,0.01298440538752512,-0.09330339100558571,0.01645095083613939,0.02249221977530281,-0.006683378292360042,0.0012777289147769685,-0.01380997111722557,0.013553536038263493,-0.00876692210874846,-0.0023524924637376766,-0.0037308394072285457,-0.0036345574796626326,-0.0012304293801736147,-0.001975738800240137,0.0019071007263475033,0.0016143286893553525,-0.002579865878536543,0.0010802581916140516,-0.001499837958849029,0.0006350232569788634
re1000_e0.5,phase1_re_estarmap,1000,0.5,0,3,B3_mixed,0.46125242480791057,0.9999999999999999,0,1,2.2164148221155628e-16,0.07270457803091694,-0.5645910454161994,-0.0007388859574173484,0.12837080091028605,-0.022304480439023736,0.016515760845875683,0.0,0.0,0.005730003120151657,0.4933744421253554,0.005357507369082528,0.00660479008201135,0.0014041587359090622,0.3455407835491666,0.01702927956993334,0.01102684767627809,0.003119174377821898,1.2806979402532229e-05,5.918152715358782e-07,0.065065981143728,0.009056905533529128,0.003552702786234802,0.00022297171636396397,0.01786338850490708,0.0011090262062700537,0.007669198832783811,0.0012283284652683775,2.8488762009681743e-05,0.0005392815526790704,0.0013966403496921,0.001974097794850121,0.00010423861004314148,0.00013650703776201862,0.00029568446868518457,0.0002791972006989957,6.582661483087487e-06,0.0002586610258314756,1.1731946796103285e-05,0.07270457803091694,0.9540862807284681,0.09942159252225978,-0.11038977200220995,-0.050898786694901305,-0.5645910454161994,0.17725457956694451,0.1426346413557484,0.07586110321288654,-0.004860967107020148,-0.0007388859574173484,-0.34647852213405855,-0.12926746904920033,0.08096154086410713,0.020282627525689077,0.12837080091028605,0.045234545507502576,-0.11895270586170843,-0.04760544015406721,-0.007249968429377107,-0.022304480439023736,0.05076233831808969,0.060350887141203395,-0.013867993602681712,-0.0158699971230087,0.016515760845875683,-0.02269628919642968,0.0034849783762679163,0.021845642619805875,-0.004652478439464298
re1000_e0.5,phase1_re_estarmap,1000,0.5,1,1,B1_Mode2,0.5163353921134395,0.9999999999999998,1,0,2.2223865003488573e-16,0.0054643701951234075,0.9920160810748229,0.027492422718346815,-0.0985556551166223,-0.005497468817265552,-0.006916184015940728,0.0,0.0,2.8914676473303705e-05,0.030211937298689547,0.0007704762826722444,0.0004167758062465728,3.326859714396555e-05,0.9529618927370007,0.0021035872591912926,0.00020383182161649066,2.6134148319607195e-06,1.404940566951382e-05,0.0007319208778527955,0.00014997017357440558,0.00030195028970174176,2.7246020089806444e-07,1.6916380430696485e-05,0.009405918424174759,0.002316761127683209,0.00018850810742402827,3.0442435903630792e-05,9.251545492817447e-06,2.926601958574173e-05,1.644439398901543e-05,4.6905730977693575e-07,6.063620969179007e-07,1.0454313559676468e-08,4.632028142266578e-05,2.860164006398215e-06,4.4968385167655164e-06,2.6473340419547824e-07,2.5733804331748186e-09,0.0054643701951234075,0.24979585658393547,0.03989106032823287,0.029339127413181124,0.008289210855417662,0.9920160810748229,0.06591377859960303,-0.02051785403394296,-0.0023232723232677797,-0.005386726421614225,0.027492422718346815,-0.017599421397064312,0.024972594677519232,-0.0007501489043276904,0.005910846275390279,-0.0985556551166223,0.0691729937271905,0.019731538973262883,0.007929314492234359,0.004371224253999889,-0.005497468817265552,0.0058278032287942495,-0.0009842578726479137,0.0011190821436781692,-0.00014694124119677765,-0.006916184015940728,-0.002430476417291366,0.003047541224544758,0.0007394355308227972,-7.29034263946592e-05
re1000_e0.5,phase1_re_estarmap,1000,0.5,2,1,B1_Mode2,0.5125233301759354,0.9999999999999998,1,0,2.1916492440569494e-16,0.05576875883266946,0.9862889274783803,-0.11097560989335983,-0.15214778964029818,0.025289517693624572,0.007078820163860773,0.0,0.0,0.0030341589139647705,0.0018707347408878268,6.070887803030358e-05,8.877210539260359e-06,3.0770618789743565e-06,0.9489966516573298,0.0006688071235188105,0.0007969603104914525,2.8355504787423135e-07,3.58006018706773e-05,0.012014658910234951,0.00235005175300646,0.00028707292510868717,1.4456766838599566e-05,1.6556439810746994e-05,0.022583313314227093,0.006021598622777934,4.862111391178447e-05,2.2356906455264518e-05,6.510335697803867e-06,0.0006239322851474944,0.00036922830777540616,3.443137733821071e-05,1.3507284598801998e-05,8.49751332347614e-07,4.888528186129648e-05,5.8303468080797464e-05,7.575295607451963e-06,1.3165299932929262e-08,2.0166413290200978e-06,0.05576875883266946,-0.061928836555376836,0.011156113362517588,-0.004266041494526105,0.0025116257693926923,0.9862889274783803,-0.03702859728324847,-0.040420823957516096,0.000762439708894278,-0.008567063369221067,-0.11097560989335983,0.0694105568494207,-0.02425956071985239,0.005444053740989734,-0.005825997482890456,-0.15214778964029818,0.11110733151559304,0.009983878047919312,0.006770062377521802,0.0036533266661505706,0.025289517693624572,-0.027512769536800645,0.008401638929619384,-0.0052622422917277855,0.001319874816300754,0.007078820163860773,-0.010932865611828707,0.003940820083078352,-0.00016428661983728226,0.00203329853166701
re1000_e0.5,phase1_re_estarmap,1000,0.5,3,2,B2_temporal,0.5155795965771413,0.9999999999999993,0,1,2.1636736069453115e-16,-0.04837040363226586,0.1282558761237463,-0.012307287829880331,0.013358174467687436,-0.0059942646356155906,0.004286197488274212,0.0,0.0,0.0022689958670603166,0.9747510972569601,6.463826732380467e-06,0.0001360115200945364,0.0002139312222312536,0.015952502648937317,0.001059117149466505,0.002074366557130346,0.0021509378407727265,8.569846713986887e-05,0.00014689228853614807,0.0002860441711558005,0.00018997058228518835,0.00013224944305744297,9.630817875083319e-05,0.00017304876520892162,1.9008346442606602e-05,0.00014488566241085385,7.171917014370054e-06,9.133573817500398e-06,3.484545234172748e-05,7.903980289009118e-06,3.0812133846889864e-06,9.581590979879835e-06,6.601046671710193e-08,1.78163459439181e-05,2.157097992461605e-06,1.763639271076598e-05,7.869834461292074e-07,2.289647239648221e-06,-0.04837040363226586,1.417831834156462,0.0036510914417610865,0.01674810612101378,0.021004625514704563,0.1282558761237463,0.04673581892509737,-0.0654064545034625,0.06660269256443345,-0.013294266601095825,-0.012307287829880331,-0.02428814841586327,0.019793428826367806,0.016514855675918948,-0.014093194378484076,0.013358174467687436,-0.006261091147867966,-0.01728584292137354,-0.003845877835269159,-0.004340084931949787,-0.0059942646356155906,-0.004037390726080892,0.0025208020579538058,0.004445254913713553,-0.000368964224823341,0.004286197488274212,-0.0021091758700788475,-0.0060309084685121065,0.0012739742660951754,-0.0021730121031616873
re1000_e0.5,phase1_re_estarmap,1000,0.5,4,2,B2_temporal,0.49650104380512455,1.0000000000000002,0,1,2.007045878229371e-16,0.008933472135169405,-0.054082055621372076,-0.020163069569762746,0.006212679182232434,0.0012241313968720828,0.0020608005088295803,0.0,0.0,8.036934200401421e-05,0.9459863260565807,0.0195892742375151,0.0005143173720824172,0.000249940244263098,0.0029454809579224036,4.007581491045113e-06,2.7763409195573498e-05,0.005014784732432755,0.00017987306222813995,0.0004094144207224085,0.017855346422341187,0.006017939278112205,6.511310501466839e-05,3.5437168287634905e-05,3.8869387187525866e-05,0.00028714273708365686,1.1606208164951887e-06,0.0004494348893126029,0.00015008777373641007,1.5090579320072419e-06,3.9671257084051476e-05,1.2793768516969006e-05,1.9488194321968325e-07,3.0009314927448367e-05,4.276827602057523e-06,2.254863273569278e-07,2.8396573536992556e-06,3.4644295803719296e-06,2.9325204027163836e-06,0.008933472135169405,1.3706687394297241,0.19724193373936572,0.03195991940453097,-0.022279640227394693,-0.054082055621372076,0.002821183009617062,0.007425513220024872,0.09979671044900959,0.018900493448446853,-0.020163069569762746,-0.1883103622873101,-0.1093236137920544,-0.011371670871982806,0.008389181377061433,0.006212679182232434,-0.0238802570072515,0.0015182219163901135,-0.02987607013421598,-0.01726484709721056,0.0012241313968720828,-0.00887622004037597,-0.005040682264486129,0.0006221224581297279,-0.0077200145557776816,0.0020608005088295803,-0.0006691911442824051,0.0023747781708282384,-0.0026230462465187403,0.0024132960373137056
re1000_e1,phase1_re_estarmap,1000,1.0,0,3,B3_mixed,0.8873212338197111,1.0000000000000002,2,0,2.615793604229874e-16,0.29880723104567225,0.06365106302555867,-1.149178503818132,-0.21793420278704487,0.3402201124189086,0.09780733911651457,0.0,0.0,0.050311971539792506,0.018872224403525206,2.0303112221411243e-05,0.00028335927681306163,2.5252483977782607e-06,0.0022829713016350693,0.0615477373879906,2.7833664323066527e-07,0.00046124779433462273,3.850745494234875e-07,0.7441562217286048,0.01318468652385048,7.557461244606438e-05,9.271620985244552e-05,2.326424216292387e-06,0.02676331577233226,0.006943583215385983,0.0006255774490849252,5.2554138265264566e-05,2.9054322966184988e-05,0.06522425052089603,0.0007258847697925366,0.001042153659079208,1.8280982176837434e-05,6.643302515105777e-05,0.005390536831780916,0.0012553851583780391,0.0005307679550938449,1.4114924090398702e-05,2.357830065350077e-05,0.29880723104567225,-0.2588105518919849,-0.008488906310398926,-0.03171313312279485,-0.0029937979384172574,0.06365106302555867,0.4673868388302066,-0.0009939296025145256,0.04046109054217979,-0.0011690762580892971,-1.149178503818132,0.21632431498903792,0.01637790687005984,0.018140458838889297,0.0028735243907011578,-0.21793420278704487,-0.1569864812753777,0.04712061773669031,-0.013657584384929313,0.010154903781356401,0.3402201124189086,-0.05075797354281396,-0.06081858500833078,0.008055086259150187,-0.01535544644006321,0.09780733911651457,0.06675117699789136,-0.04340330295200288,0.007077986114471867,-0.009148011112200597
re1000_e1,phase1_re_estarmap,1000,1.0,1,1,B1_Mode2,1.0315441347611314,0.9999999999999998,1,0,2.842993653682106e-16,0.039035971613055255,1.408723207614694,-0.018925211546727216,-0.18905062115023896,-0.01433398063905117,-0.01202028546613343,0.0,0.0,0.0007386048877725016,0.00468705009448038,0.0011790073209836244,0.00019639210887157456,7.106812404885202e-05,0.9619079827988997,0.006258898624645598,4.436932537586812e-05,2.6113926871092286e-05,7.873718598792901e-06,0.0001736055782874065,0.004764198624513451,0.00016321025501368379,3.527473394517908e-05,3.869452306775573e-06,0.01732361037832245,0.001568317715343752,0.00029628017237861643,4.0762229021893796e-05,1.3049049605513819e-05,9.959001948485298e-05,0.0002479682388417348,1.5925694393040214e-05,2.380285515461086e-07,1.4539531771334425e-06,7.003445505547692e-05,6.47583172119464e-05,3.255555577549552e-07,9.018639130259704e-08,7.64320485235854e-08,0.039035971613055255,0.139066876491749,0.06974806339393495,0.02846662101618963,0.017124240891913407,1.408723207614694,0.16070258450090563,-0.01353054579162053,-0.010380302134226412,-0.005699855520745926,-0.018925211546727216,0.1402067209224137,0.025950613194468758,0.012064401337224962,0.003995753161441419,-0.18905062115023896,0.08044349422308371,0.0349643289118026,0.0129688917440658,0.007337757309907391,-0.01433398063905117,-0.0319868837109362,0.008106307826165712,0.0009910337153761742,0.002449340214906304,-0.01202028546613343,-0.016346383367214185,0.001159008069240267,0.0006100204684548423,-0.0005615800258637507
re1000_e1,phase1_re_estarmap,1000,1.0,10,3,B3_mixed,1.0634055285520772,1.0,1,1,3.431345832068491e-16,0.36058830669867037,-0.6429033490894914,-0.7458155143678294,0.13548379047074652,0.07679745247243902,-0.012133255973260449,0.0,0.0,0.06113562673726818,0.059159696415828626,0.007378983882930247,0.0003901753078207568,0.0001463460003080226,0.19434012010134247,0.2700091525791843,0.010959418790463768,0.0004537143228991003,7.08047902161236e-05,0.26153746926119625,0.029378278371922563,0.03097604684695833,0.0009024009709288451,0.000370547968944412,0.00863069496418469,0.03246355644803334,0.012362913901018157,0.0012454984024372019,1.5624768380600176e-05,0.0027730948109170473,0.007299214907729383,0.004587350360888134,0.001844108371632848,1.0533107476303372e-05,6.921907802807275e-05,0.00020437789415055476,0.0010465185267511737,0.00015258384534382735,8.59282648167891e-05,0.36058830669867037,0.5016403023524113,-0.17716492041264487,-0.04073890422881309,-0.024949961587869045,-0.6429033490894914,1.0716888085864589,0.21591022700647314,-0.04393096035163199,0.01735444673434401,-0.7458155143678294,-0.35350260898638003,0.362988151155068,0.06195540917325931,0.03970102057979019,0.13548379047074652,-0.37160153607487195,-0.22931891323095038,0.07278653411049328,0.008152414385512041,0.07679745247243902,0.17620471602053295,-0.1396884209256273,-0.08856715051628429,-0.006693568472237876,-0.012133255973260449,0.029484679584728824,0.06671951999465743,-0.02547614607481761,-0.019118220823608086
re1000_e1,phase1_re_estarmap,1000,1.0,11,3,B3_mixed,0.9713227560237373,0.9999999999999999,2,0,2.908049775958063e-16,0.34371752323977683,-0.64697282835355,-0.7697125579416483,0.2928251775353889,0.06896996954301719,-0.042828330661130044,0.0,0.0,0.060814870777720846,0.014218026226132071,0.002146940105592138,6.871597884090973e-05,8.37861137636644e-05,0.21546588815714046,0.18895480777105242,0.003067250907883606,0.0005730893307791762,0.0001252596577948013,0.304974540223063,0.08239519838862412,0.00799600894553014,6.8528876827460565e-06,0.00014667304074198522,0.04413907944957923,0.015858949409807022,0.017424216822641784,7.288293999302124e-05,0.0003245089670207025,0.0024486488498620487,0.0333642129479709,0.00036342067893650303,0.0008270313468459182,9.891878989718624e-06,0.0009442103028286643,2.0441631358832443e-05,0.0031450517064294356,1.945393413287622e-05,9.062126135266527e-08,0.34371752323977683,0.23503440104958576,-0.09133174213561568,0.016339570857353783,-0.0180425451572045,-0.64697282835355,0.8568222794678348,0.10916575663204675,0.04718706213445498,0.02206060343941993,-0.7697125579416483,-0.5657997213925118,0.176257827584057,-0.00515998672507053,0.023871896629123292,0.2928251775353889,-0.24822698038992283,-0.2601886877304514,0.016827698373946934,-0.03550791146778221,0.06896996954301719,0.3600412158249994,-0.03757652328040059,-0.05668560195098578,-0.0061994216383616935,-0.042828330661130044,0.00891188458387616,0.11054158115978255,0.008693917164880187,0.0005933716991276825
re1000_e1,phase1_re_estarmap,1000,1.0,12,2,B2_temporal,0.9710409873822504,1.0000000000000004,0,1,3.229804303647652e-16,0.08840237126104818,-0.022208943046580557,-0.1122783519135244,-0.021039112996208528,0.0029063725138178164,-0.004212008750824012,0.0,0.0,0.004024021306064512,0.9261994830735317,0.0456628709577583,0.00035407495050564914,3.685573988529618e-06,0.0002539733943548235,0.0017607080866305176,0.005324391663329213,0.001568223446436653,3.7801588931900595e-05,0.006491192685080091,0.007909505762644221,4.350331345262467e-05,6.39255375667529e-06,7.149218156066939e-07,0.00022792254983001225,2.4855941354809585e-05,6.651588716334399e-07,3.0381063873442677e-05,1.0140952949212125e-06,4.349456561997074e-06,9.607006598339547e-06,3.903342261720428e-05,1.6039074193694516e-06,3.353286712242329e-06,9.13505091316722e-06,2.0775183721870475e-06,1.4376501059481523e-06,2.600163249677707e-06,1.4204499439728002e-06,0.08840237126104818,1.8967104792842286,0.4211437726075498,0.037084837308330044,0.003783566256796431,-0.022208943046580557,-0.08269751432621444,-0.1438082409039068,0.07804637708090859,0.012117242630409066,-0.1122783519135244,-0.17527640212491405,-0.01299900003068485,0.00498294359260712,-0.001666395374126843,-0.021039112996208528,-0.00982570869413288,-0.0016073537600379067,-0.010863012153429821,-0.0019846693391897693,0.0029063725138178164,-0.006108615939159845,-0.012313091121098504,0.002495964618478579,-0.0036089770517594437,-0.004212008750824012,-0.0028406728015970277,-0.0023630634171685626,0.003177964813727227,-0.0023488849406664517
re1000_e1,phase1_re_estarmap,1000,1.0,13,1,B1_Mode2,0.9868065318854763,1.0000000000000004,1,0,2.8532702374970707e-16,0.04241395184029589,1.3685959598153494,0.0759203631602578,-0.21563634028350231,-0.028769799385966494,0.012215853218301391,0.0,0.0,0.0009114974681378147,0.011942444018156646,0.00035762916549849846,0.000267406681195183,1.4032159812398238e-05,0.9490486942988106,0.0048747827635018,0.00023874666477969388,9.851526853464627e-08,4.953508179469965e-06,0.0029204820581053663,0.004877386881025177,4.446195718459729e-07,5.430149799035213e-05,9.778100289254817e-08,0.023560358463587287,6.930255515381293e-05,0.00019545714090237536,1.6748694031367619e-06,1.9794679657559495e-05,0.0004193838052162472,0.00014292279068828915,9.832544227357674e-08,1.4824045774375298e-06,2.731626250220937e-07,7.561110766360582e-05,4.2252608490191935e-07,1.8996937447197155e-07,1.3665847418908512e-09,2.875200274919386e-08,0.04241395184029589,0.21711639057237123,0.03757184033324268,0.03248868477936426,0.007442318713770719,1.3685959598153494,0.13871506727888372,0.030698323620059396,-0.0006235880386294807,0.004421834111428919,0.0759203631602578,-0.13875211324845724,-0.001324769410428441,-0.014640365146818646,0.0006212597921922171,-0.21563634028350231,0.01653943337628422,0.02777613244108142,0.0025712036613776716,0.00883934820734205,-0.028769799385966494,0.023751812007213637,-0.0006229869619377082,0.002418963844221144,-0.0010383807830247728,0.012215853218301391,0.0012914356359853346,-0.0008659399969677797,7.344534701866197e-05,-0.0003368837432568908
re1000_e1,phase1_re_estarmap,1000,1.0,14,1,B1_Mode2,0.9861407113146504,1.0000000000000004,1,0,2.869927956829961e-16,0.15872345922980105,1.159319906856064,-0.40084879901721426,-0.3628000098347365,-0.07052522840019398,0.045203646410970084,0.0,0.0,0.012773601282665165,0.009238178523388603,0.0005014392712118092,0.00012432298656110552,1.2120338495632475e-05,0.681455816097989,0.03883155847701806,0.0005811156783784566,0.0001725956088937601,3.6273009442238566e-05,0.08146898197689079,0.07181298969078859,0.00043880549314453114,0.00037276577745792936,1.1647652025285045e-05,0.06673684882181448,0.0018280755160518304,0.006182152991558943,8.776624147226927e-06,0.00025570440469064367,0.0025218550374361956,0.020788341250655616,0.0009660455020710024,1.002509961998883e-08,4.392491267955148e-05,0.00103604365249455,0.0011308997291238846,0.0006313767813983772,3.301436709018977e-05,4.71851933718071e-06,0.15872345922980105,-0.19089414805390095,-0.044474247811240764,-0.02214497310001801,-0.00691443684632591,1.159319906856064,0.3913738913008022,-0.04787741966448179,0.02609241702290363,-0.011961653954682383,-0.40084879901721426,0.5322319521986854,0.041604036397365284,0.03834576946345561,0.006778266401775641,-0.3628000098347365,0.0849173642957964,0.15615982516065943,0.005883871643565213,0.031759126154724135,-0.07052522840019398,-0.28635802505236846,0.06173027777597042,0.00019885833017760173,0.01316300036226495,0.045203646410970084,-0.06679000713591138,-0.04990496361348239,0.01141171528665568,-0.004314220214833415
re1000_e1,phase1_re_estarmap,1000,1.0,15,1,B1_Mode2,1.0386203946853398,1.0,1,0,2.8674683596627173e-16,-0.0690929155845507,1.2904395571892555,-0.042783913410387675,-0.3093814952730813,-0.0814198104066366,0.006218770518062995,0.0,0.0,0.0022981596589098977,0.06892547885991014,3.0710614687330105e-05,0.0004113610175251465,3.112246479186424e-07,0.8016568224925434,0.011074578544315093,0.004374168780200126,0.00013088538974206958,0.0002220873403119889,0.0008811993564126511,0.040885590926300105,0.00039942347421092296,0.00012290092281433304,2.4496909943447913e-05,0.04607887063800917,0.0112700212679197,0.0021404945230028773,1.676402715433285e-07,0.0001148379637202354,0.0031913418803320463,0.0025406725846982975,0.0013838116260828535,6.302729201347492e-06,4.9881819837267416e-05,1.861753676040892e-05,0.0017465575700078065,7.573859559317748e-08,2.0002673439441174e-05,1.6829564664199414e-07,-0.0690929155845507,-0.5351164660421353,-0.011295427525788333,-0.04133995367100116,0.001137091494396236,1.2904395571892555,0.21449739521654185,-0.13480505784148825,0.023318682222840368,-0.030375282125402903,-0.042783913410387675,0.41213885322700244,-0.04073570259276441,0.02259623021307891,-0.010088209013305602,-0.3093814952730813,0.21638182860304084,0.09430082218736074,-0.000834540843806915,0.021842440450093634,-0.0814198104066366,-0.10273839326533325,0.07582229163649264,-0.005117086315745846,0.014395593132206216,0.006218770518062995,-0.0851823998887605,0.0005609408170133436,0.009115960636693066,-0.0008361705350922919
re1000_e1,phase1_re_estarmap,1000,1.0,16,1,B1_Mode2,0.9793124540066184,1.0000000000000002,1,0,2.9229306200311945e-16,0.024578825790628967,1.2754968933663478,0.09570112711988457,-0.30271589119906467,-0.1639096254837005,-0.018138616833088848,0.0,0.0,0.0003084402096463101,0.03207041671714574,2.3359551936827146e-05,0.000305675006969427,9.141046898851538e-09,0.8306298558397632,0.012979353483771897,0.00047839400289003314,0.00022100577914758483,2.971746651228842e-05,0.004676089686466098,0.03557992977559243,0.00018145086395027687,0.0002177110084088402,2.0186259391640653e-05,0.04678635016308321,0.015426115717643728,0.0017632320787699528,8.23907465284879e-05,7.363242655928841e-05,0.013716952754092819,0.0007820650502168634,0.0012120124208658423,2.0251888950467784e-06,8.624022312355803e-05,0.000167979800150377,0.0020974125666887535,5.36763591605026e-05,1.796258016768838e-05,1.0357131414463725e-05,0.024578825790628967,-0.3544401698243746,-0.009565835066892852,-0.03460354555265802,0.00018922939592678394,1.2754968933663478,0.22548474459805043,-0.04328959251147036,0.029423372473369944,-0.010789380901054272,0.09570112711988457,0.37333024705704504,-0.02666061446079341,0.029203225979957545,-0.00889239117943914,-0.30271589119906467,0.24582096931902087,0.08310848654724483,0.01796510886916645,0.016983421604404556,-0.1639096254837005,-0.05534929244428282,0.06890395803332725,0.002816588508557977,0.01838000267042526,-0.018138616833088848,-0.09064264443954145,0.014500472683552415,0.008388320085525952,0.006369573857635221
re1000_e1,phase1_re_estarmap,1000,1.0,17,3,B3_mixed,0.9863082972192317,1.0000000000000002,1,0,2.9817467340978063e-16,0.11678197700697059,-1.103455114816053,-0.3382903631128331,0.07635154872189828,-0.008320029268613666,0.021698120827424495,0.0,0.0,0.006913675060884746,0.17053545164373174,0.0007205243070503273,8.735907223437782e-07,1.900152062093115e-05,0.6172579070086964,0.06573075778865824,0.025008923871744842,0.0016576424833321193,0.00026322676698652207,0.05801450220872229,0.03465121208412151,9.884822453291797e-05,0.0012539412647384787,0.00015852387954843003,0.0029552417883272866,0.0005749248829416199,0.009849108484342667,0.0003938629103988777,1.2262422726858225e-05,3.5091911538082456e-05,0.002846889133605347,0.0001349770921213013,0.0005397503942210338,5.370401522266341e-05,0.0002386720504982549,2.3061196783261825e-06,2.4096320836955766e-05,3.080461577722663e-05,2.32961536716928e-05,0.11678197700697059,0.820245160732428,0.05331638031194073,-0.0018564803018846286,-0.008658257895952677,-1.103455114816053,0.5092378296609994,0.3141115032546631,0.08086894422789409,0.032225626096571036,-0.3382903631128331,-0.3697392485916114,-0.019747893459526926,0.07033555782496187,0.025008272047944344,0.07635154872189828,0.04762575699442961,-0.1971218650309448,-0.039419297634195764,-0.0069554379530005,-0.008320029268613666,0.10597943901980655,0.023076310441122436,-0.046145868384831895,-0.0145559219300051,0.021698120827424495,0.003016318930825227,0.009750159213868487,0.011024127744856567,-0.009586905582029038
re1000_e1,phase1_re_estarmap,1000,1.0,18,1,B1_Mode2,1.0185195647982814,1.0000000000000002,1,0,2.9174496340092957e-16,0.024897826970423118,-1.4085247503028648,-0.008329853067762794,0.16768728165609315,-0.04636443092788414,0.03977327730825584,0.0,0.0,0.00030431511051626225,0.0029114004299342403,9.93999296401525e-05,2.8217473512329062e-05,7.771817741820161e-06,0.9739341495166413,0.001017017663789492,1.7636485454848756e-05,1.1355033634456797e-06,2.492600504581412e-06,3.4062405145972455e-05,0.0009432643398863579,1.3079099484379852e-05,1.5702684772185417e-05,5.157207883725024e-09,0.013803870539678294,0.0043714183038637815,0.00019440664099402036,6.739135432770463e-05,8.195401450053202e-06,0.0010552867758079254,0.0003062705914628196,1.2053653177946858e-05,4.888811687856651e-06,4.2763810488218147e-07,0.0007765749635613126,4.267835081336677e-06,5.81667690784275e-05,1.6914395562175796e-06,5.4390645721513885e-06,0.024897826970423118,-0.10890947247783642,0.020123694797732142,-0.010721949233508696,0.00562698797727176,-1.4085247503028648,0.06436932152244695,0.00847658079417492,0.002150843919547561,0.0031866988443480107,-0.008329853067762794,-0.06199139246543157,-0.0072996763530403155,-0.007998372749586228,0.0001449512625582251,0.16768728165609315,0.13345223967251477,-0.028142989704658273,0.016569781275686233,-0.005778296191181409,-0.04636443092788414,-0.03532379308778848,0.007007676245099186,-0.004462891597471983,0.0013199360234128945,0.03977327730825584,-0.004169831425692828,-0.015394023818025243,0.0026250823078001403,-0.004707353260989612
re1000_e1,phase1_re_estarmap,1000,1.0,19,1,B1_Mode2,0.9927039877022192,0.9999999999999994,1,0,2.737505936081787e-16,0.02864951913589191,-1.177882180375151,-0.07982921530981665,0.24694677960258662,-0.06064664406639461,0.010703476904350773,0.0,0.0,0.00041341374512743974,0.13084854784426442,0.00011795860184373588,2.7539599147160523e-05,5.156967163570469e-06,0.6988016810815406,0.03280352081728868,0.013171566459722723,0.00030311208079000177,0.0003645089419494763,0.0032097703323081045,0.06474788039936687,0.0028322390476447964,1.9187214662315363e-05,7.31092760252699e-05,0.030715456325124298,0.008253646879540768,0.004827512455729477,0.00016049782705607787,0.0001666204222485721,0.001852523754351659,0.0027473780200874993,0.0025777369851834307,1.9632692179795957e-06,7.998575421388139e-06,5.770321226730894e-05,0.000686343692525331,3.04133470456331e-06,0.00020227680011305877,1.0803758331187536e-07,0.02864951913589191,0.7208158578445564,0.021642363496998655,0.010457278784293146,-0.0045251925341252865,-1.177882180375151,0.36091099138704674,0.22869601263556433,0.03469297169865689,0.03804468321468123,-0.07982921530981665,-0.5070521829860033,-0.10604857371455638,0.008728625208629123,-0.017038294497784417,0.24694677960258662,0.181035114498885,-0.13845274811985187,-0.025244946657587506,-0.025721956193010292,-0.06064664406639461,0.10444774992820646,0.10117173092201374,-0.0027920925354445987,0.005635678385695537,0.010703476904350773,-0.0522048319795845,0.003475137458666721,0.028340852922371845,0.0006549788997377225
re1000_e1,phase1_re_estarmap,1000,1.0,2,1,B1_Mode2,1.0233997098471064,1.0,1,0,2.8850719954135266e-16,0.05204674785989425,1.3807436264491673,-0.08974370588710215,-0.11555930580783437,-0.0422184886803475,0.014990262744828483,0.0,0.0,0.001323463323629486,0.015415463099321897,0.00016562909495969441,4.551244840490095e-05,9.475415209169059e-06,0.9314312597688821,0.0014269259944677476,0.0027332880944141544,3.3500374740495255e-05,0.00012302992425619486,0.0039348910639978255,0.0166335292659767,0.001338809856268626,5.214840549699722e-05,5.907642819778677e-05,0.006524309627165925,0.013178086437737319,0.00029620388337207,9.714780318488197e-06,2.508301471019244e-05,0.0008708233788335335,0.0035539238836236452,0.0005867585346484232,3.3666450744646597e-05,1.8238003251041035e-05,0.00010978505025791126,2.556453294865888e-05,3.074189965054142e-05,1.0503708963188757e-05,5.942555505981057e-07,0.05204674785989425,-0.2512065322638311,0.026038799336681413,-0.013649531346094932,0.006228045335655312,1.3807436264491673,-0.07642815315606119,-0.10577799852052404,0.011710554861182654,-0.022441817108808396,-0.08974370588710215,0.26094251493027276,-0.07403074005967407,0.014610771787228244,-0.015551051344062677,-0.11555930580783437,0.2322623502569494,0.03482154323395576,0.006306220217902068,0.010133104159437353,-0.0422184886803475,-0.12061649425048201,0.04900973430287129,-0.01173954614517158,0.008640547953759872,0.014990262744828483,-0.010229904320575885,-0.011218065997757895,0.006557283799027102,-0.0015596935058621406
re1000_e1,phase1_re_estarmap,1000,1.0,3,2,B2_temporal,0.9716031639646437,1.0000000000000004,0,1,3.126726451434344e-16,-0.08213992750326674,0.10539346602613354,-0.001300705195071434,0.005152243653905071,-0.0052110913038353225,0.003080435867415986,0.0,0.0,0.0034720799295829764,0.9298556780346531,0.042176434693706646,0.011964521199889763,0.0018310648395284573,0.0057162137243750135,4.971666897262922e-05,0.0027239828074899115,0.0010265694783813423,1.3384671207654457e-05,8.706404359482829e-07,9.964265711950364e-06,0.00031284650207045073,5.924394003562612e-05,0.00021338794535517413,1.3660728810765303e-05,0.0004154425152124605,7.57886624198213e-05,1.1074402519514735e-05,8.833415245462372e-07,1.397456985735809e-05,2.847658431973603e-07,5.63561472898259e-09,4.4239021329141826e-07,1.238384522612258e-06,4.8832102885207255e-06,2.3418351322203312e-05,5.334435424333666e-06,1.4664094089980577e-06,6.1428556213612154e-06,-0.08213992750326674,1.9010004932234583,0.4048642112765886,0.21563642227726698,0.0843580083100653,0.10539346602613354,0.013900341416755113,-0.10289082202689395,0.06316385527261129,-0.0072123751688285154,-0.001300705195071434,0.0062229613825944274,-0.03486904938462885,-0.015173872226211207,-0.028797805670502167,0.005152243653905071,-0.04018184974467235,-0.017162342986870607,0.006560464778345675,-0.0018528436740432002,-0.0052110913038353225,0.0010520064529072337,0.00014799433910207827,-0.001311224970691049,-0.002193826173948077,0.003080435867415986,-0.00954009313151362,-0.004553220546491315,0.0023872729391085858,-0.004886069159351945
re1000_e1,phase1_re_estarmap,1000,1.0,4,2,B2_temporal,0.9660651486653913,1.0,0,1,3.0727425941119825e-16,0.024512313373151563,-0.1952306526612041,-0.00669054052867225,0.02433079317876245,-0.00011686470714164857,0.005537885060772956,0.0,0.0,0.00031097980696936304,0.8668422420529742,0.0724376375871092,0.006668196751135336,0.00011559539265440273,0.01972693445735787,0.0009089885417042568,0.0006542069943690094,0.0033718426199488786,0.0010640330616842714,2.3167864314143836e-05,0.012572003106830737,0.012790951950295226,0.0008833131250519913,1.6500673155351252e-05,0.00030639108424806424,2.4991206893991805e-05,0.00011191793337216696,0.000308191424828837,0.0004233784493046915,7.068550083900026e-09,0.0003702858497793667,8.135652247210437e-08,3.022078019154946e-05,3.986349137240817e-06,1.587272400246507e-05,5.144858010020946e-07,3.266104734543408e-06,5.634808313837847e-06,8.666388765474489e-06,0.024512313373151563,1.8302197457555174,0.5290726873485736,0.16052305112619356,-0.021135059043183187,-0.1952306526612041,0.059266926718926805,-0.05027948198909913,0.11414761744192851,0.06412254698375314,-0.00669054052867225,-0.2204121053882676,-0.22232312428025863,-0.05842390009136478,0.007985167566157504,0.02433079317876245,-0.009827132644545255,0.02079615492743847,-0.034509882332147655,-0.04044804888096629,-0.00011686470714164857,-0.03782698795916982,0.0005606984964378369,0.010806524419725953,-0.0039248301730906545,0.005537885060772956,0.0014100025557867923,0.003552615912779436,-0.0046663012896334686,0.0057869840680997865
re1000_e1,phase1_re_estarmap,1000,1.0,5,1,B1_Mode2,0.9885575245294066,0.9999999999999999,1,0,2.683502604359687e-16,0.17607907454005148,1.1334194999707061,-0.3217157277469472,-0.3223346584745494,-0.05268665617593177,0.03519410747785693,0.0,0.0,0.015681353751082965,0.04385156554541287,0.0008940864341494811,0.0002300019364969146,1.772890701639186e-05,0.6497546834845984,0.08481118719927891,0.0013415025447864215,0.0004755034569632725,6.011504987899851e-05,0.052349512755475974,0.06247349818306563,4.1698760033240194e-05,2.4628396438425174e-05,1.024531883509921e-05,0.052551131055000984,0.002780481293547053,0.010525420831825836,9.293886011998514e-06,0.00039428101157055226,0.0014040071873016606,0.017372255944389077,0.0007316322082297533,0.00011026051493884877,3.229228492537401e-05,0.000626481095145465,0.000953334731457927,0.00043570639231223956,5.598465245011913e-05,1.2518738010087342e-07,0.17607907454005148,-0.4164122720684988,-0.059459427244403736,-0.030157595725147566,-0.008372823760891272,1.1334194999707061,0.5791053005114675,-0.07283275183113609,0.04336185052881336,-0.0154178059263106,-0.3217157277469472,0.49702574063138316,0.012840813524758573,0.009868452080503496,0.0063649311153036615,-0.3223346584745494,0.10485543771401076,0.20400964645957306,0.006062191336234689,0.03948515978274043,-0.05268665617593177,-0.262095206609175,0.053787006781697316,0.020880503988293577,0.011300049778160449,0.03519410747785693,-0.06139792251136695,-0.04150762978565874,0.014878716266900039,-0.0007035763684912714
re1000_e1,phase1_re_estarmap,1000,1.0,6,1,B1_Mode2,0.9984626559132546,1.0,1,0,2.855971852868636e-16,-0.13218389763834762,1.354310237844354,0.22388536265271797,-0.02801608583877788,-0.13534232104642338,-0.0005535455689437697,0.0,0.0,0.008749742762729404,0.009828513202176972,0.00015818173464456016,3.837845339939647e-05,3.4874800508895454e-06,0.9184901455590243,0.008096118780687708,0.0010694100968622912,6.52550681062215e-05,4.203850449382683e-05,0.025100916550700632,0.0025387559788705334,0.0016488235240328072,3.716672728917426e-05,8.502209359949213e-05,0.0003930547933251706,0.012250325016548838,0.00012094165569563586,9.684461820713767e-06,6.1450814992560426e-06,0.009172873796405934,0.000886806661112499,0.0002927798039049279,1.2775118704036242e-05,9.4543173441845e-06,1.5344224197199345e-07,0.0006859491952692536,0.0001927251776769613,9.965206267816213e-06,4.409755514555942e-06,-0.13218389763834762,-0.19812524721018374,-0.025134721394133114,-0.012380541589285095,-0.003732087134060869,1.354310237844354,-0.1798184891534197,-0.06535337927218682,-0.016143698289194857,-0.012957449879899613,0.22388536265271797,0.10069464806788347,-0.08114896708986623,0.012183528099980329,-0.01842730423981264,-0.02801608583877788,0.22119215222809277,-0.021977782122535566,0.006219187558065887,-0.004954042549090831,-0.13534232104642338,0.05951279977066955,0.034195303806498115,-0.007142962676883905,0.006144845907041511,-0.0005535455689437697,-0.052340984145508716,0.027743748323879575,-0.006308688078162429,0.004196654001936136
re1000_e1,phase1_re_estarmap,1000,1.0,7,1,B1_Mode2,0.9726758845028186,0.9999999999999999,1,0,2.7615056256992207e-16,-0.10765549813865116,1.354670548746329,0.10743450021526041,-0.21411513470296153,-0.014099189637813286,-0.015090800391990818,0.0,0.0,0.005957640393955679,0.007930905209589004,4.126032325747528e-05,0.00010354708444283864,1.5695271963996523e-06,0.9433421373342183,1.603066768315832e-06,0.0014911403643813894,2.968936684330473e-05,7.05145936726649e-05,0.005933205510899732,0.001206987818775753,3.9319587824799694e-05,1.1453473547495496e-05,1.7574194673189518e-06,0.023566581447786734,0.00863049380518256,0.00032594712645996467,3.995614697801513e-05,1.526003306811118e-05,0.00010218570831774616,0.0001818283709433973,3.1852835773575897e-07,3.775815592771561e-07,7.1958513580473525e-09,0.00011706482092301235,0.0008383574654492752,1.6468546082014747e-05,5.074574087778324e-07,1.9146907916122856e-06,-0.10765549813865116,-0.17566103995644564,-0.012670109931541555,-0.02007164686298821,-0.002471146498295284,1.354670548746329,-0.002497410167984968,-0.0761681369824029,-0.01074767531229709,-0.016563555750009257,0.10743450021526041,0.0685275986508161,-0.01236854314230634,0.006675482758105159,-0.002614880138604394,-0.21411513470296153,0.18324489838085037,0.035611285263556454,0.012468260600928342,0.007705340008608914,-0.014099189637813286,0.0265977496442895,0.001113238253205233,-0.001212046991072312,0.00016732281475566346,-0.015090800391990818,-0.05711217345664285,0.008004638062223457,0.001405121466536593,0.0027293761626282897
re1000_e1,phase1_re_estarmap,1000,1.0,8,2,B2_temporal,0.944171953116935,1.0000000000000002,0,1,3.058134211582837e-16,0.2737433399223764,0.5048157282527663,-0.6501677378164328,-0.3208945925119203,0.11154827983330408,0.04924004762702514,0.0,0.0,0.03968314029265441,0.27820017177751893,0.01875545612678472,8.072982547534949e-05,1.9467906367391898e-05,0.1349536589442671,0.1452335784924206,0.01661949498374553,0.0017678363619157919,1.524776342229167e-05,0.22385651570238094,0.011995732677043448,1.4791420089792718e-05,0.0013354937823879082,0.0004225078285127699,0.0545310306896175,0.045413549198530315,0.00842998385403867,1.3628117820665572e-06,9.92766291422513e-05,0.006589381676024035,0.0010410651614582048,0.00545135700123895,0.0008392010605813904,9.92841664022648e-05,0.0012839728411268645,0.0025972178852855543,4.366474422052647e-07,0.00046090156013025343,0.0002081549322125717,0.2737433399223764,1.025024486623899,0.2661456416537781,0.017461138221072533,-0.008574625631011076,0.5048157282527663,0.7406091316297698,0.25053272072621674,0.08171025665413541,0.007588546783433594,-0.6501677378164328,-0.21284768592355194,0.007474127105034449,0.0710193149190476,0.03994596558623146,-0.3208945925119203,-0.41414103609639263,-0.17843042700405018,0.0022686812574749696,0.019363285757960095,0.11154827983330408,-0.06270389228161169,-0.1434854471644767,-0.056297428162463505,-0.01936402079172744,0.04924004762702514,0.09903979570698433,0.0012841655163263945,-0.04172147294728813,-0.02803812040048812
re1000_e1,phase1_re_estarmap,1000,1.0,9,3,B3_mixed,1.0105153121522044,0.9999999999999998,1,0,2.7097893092670287e-16,0.2615990230574985,0.9819328247827709,-0.4316151829833502,-0.31165572084714277,-0.03258431583898519,0.026942090470362962,0.0,0.0,0.03386096580708221,0.03454389835036364,0.0013378165709872786,0.00019898284534264614,5.4075229392995836e-05,0.47707939740780725,0.12777975832737418,0.006639511061210076,0.00031523095525589473,0.00017481864329269492,0.09217656770830383,0.11185170571820277,0.0022429592888989587,9.44636391526999e-05,0.00010200098040481525,0.0480592857766229,2.00672939865115e-05,0.02512952996868938,2.5073057632585772e-05,0.0002614865317739482,0.0005253446562988952,0.03239598657758019,0.0007682522316803975,0.0009998749174644553,1.9442517401642618e-07,0.00035916142496012507,0.00042856170995645516,0.0024159227183534744,0.00015809151277443282,1.0146639803393707e-06,0.2615990230574985,-0.37366904193134187,-0.07353595392278804,-0.028360198312025808,-0.014784295358219172,0.9819328247827709,0.7186748983314215,-0.16382097048371694,0.03569569762032663,-0.026582469102545192,-0.4316151829833502,0.6723923298747129,0.09521648399235118,-0.01954041491938426,0.02030502918526371,-0.31165572084714277,-0.009006288435716396,0.31870848636676324,-0.0100671165008065,0.03251068404565789,-0.03258431583898519,-0.36186539203920604,0.055725421262046805,0.06357323066620899,0.0008864978633058414,0.026942090470362962,-0.0416205800110056,-0.09881957093354664,0.025278757436224607,-0.002025175043123174
re1000_e2,phase1_re_estarmap,1000,2.0,0,3,B3_mixed,1.809155930002079,1.0000000000000004,2,0,3.90191912156896e-16,0.5384828592441488,0.23879414275965583,-1.6238224751525785,-0.06439399977740416,0.4028731694202016,0.053080551697939495,0.0,0.0,0.08013786564528481,0.02810493243819685,0.0011336629194699634,0.00039816837462289235,3.975244296050656e-05,0.015759460439723778,0.07800402409856197,0.00014912361823865323,0.0005410071319224617,1.4977729105903925e-05,0.7287374700774456,0.0033096615164053835,0.0015593963361209677,2.1485486252296666e-05,6.719883775996932e-05,0.0011460005018272697,0.012983480088110866,4.959010292622335e-06,3.156486127972107e-05,6.106296775461445e-07,0.044857048512808945,0.00018158007385022135,0.0014264873907994646,1.4262553210492354e-05,7.082049589438285e-05,0.000778690471571013,0.0005229141758316034,2.129910310991751e-06,1.6761077321616575e-08,1.247471385552932e-06,0.5384828592441488,-0.4509820625385077,-0.09057533866086405,-0.05367862427776237,-0.01696093958648162,0.23879414275965583,0.7513226810417438,-0.03285044159458595,0.06257048060838077,-0.010410964879378053,-1.6238224751525785,0.15476037940900084,0.10622977226214435,0.012469257373608206,0.022052045331233665,-0.06439399977740416,-0.306523343277276,0.005990533491380895,-0.015113670098807952,0.002102117315629996,0.4028731694202016,0.03624950578291204,-0.1016019315197904,0.010159366656978659,-0.0226384911257805,0.053080551697939495,0.061515308081416455,-0.003925985160187593,0.00034827232120641455,-0.003004576678789208
re1000_e2,phase1_re_estarmap,1000,2.0,1,1,B1_Mode2,2.044961169652163,0.9999999999999998,1,0,4.2264534335112853e-16,0.10303903355056941,1.9570509234711422,-0.08839110114331888,-0.25045603502356767,-0.054848897457256574,-0.02966298353928543,0.0,0.0,0.0025959031869640025,0.001680362608768661,0.0019168934006912998,3.613501376112065e-05,0.00013324731091243547,0.9364599127597913,0.01959645491429239,7.206140427921194e-05,9.698005903999736e-05,1.7576962985008103e-05,0.0019103019845255489,0.01580317927202295,0.0005182885498668243,0.00010912326597743644,3.6458040667301263e-06,0.01533726566808021,0.00034950516639953,0.0006695397161111185,3.786846314326369e-05,2.122296501318642e-05,0.000735564468636918,0.001510888924830285,3.154294292381591e-05,8.92318340981314e-06,5.8410594792142705e-06,0.0002151367481959531,0.0001155137471163728,9.787014893244268e-06,1.2909534816450943e-06,4.248034032851317e-08,0.10303903355056941,-0.11723952039934862,0.1252193686420147,0.017192405300752805,0.03301427429319018,1.9570509234711422,0.4003697758950705,-0.02427861392926661,-0.028165259094662616,-0.011990697525124206,-0.08839110114331888,0.3595379700022731,0.06511159525470049,0.029876602325531094,0.005460962460454403,-0.25045603502356767,0.053468663491052656,0.07400493824028691,0.017599947350191516,0.013175756427143397,-0.054848897457256574,-0.11117030508072627,0.01606288809097019,0.00854343340414198,0.006912232584229749,-0.02966298353928543,-0.030738973789897536,-0.00894741648153073,0.0032495844299180684,-0.0005894765353953225
re1000_e2,phase1_re_estarmap,1000,2.0,2,1,B1_Mode2,1.934149280260309,0.9999999999999998,1,0,4.3018953997304677e-16,0.4365739076138532,1.4645245562156903,-1.0370726401094164,-0.019132781389698154,0.06165914972258668,-0.01920176629780346,0.0,0.0,0.049271475256443896,0.04993651528199741,0.002278325361637008,7.334478951606371e-05,3.9304135311767076e-05,0.5544639696761412,0.03093963756098457,0.004478611769508179,5.481244475476019e-06,0.00015867307251440924,0.27803429441567334,0.013944251976251779,0.0011047723863810486,5.660960398565707e-06,3.034359511000593e-05,9.463161076602965e-05,0.0004826534320419202,0.0015463836477574988,1.0655528810750058e-07,4.321987373190667e-05,0.0009828224696287885,0.009536457346443683,6.492688838247584e-05,7.311892604509019e-06,4.327050826943648e-06,9.531524601499164e-05,0.0020677319984309583,0.0002733936641342035,2.6297439196120813e-05,9.759402407252625e-06,0.4365739076138532,-0.6215615016758461,-0.13276477482237564,-0.02382097998431958,-0.01743789723842965,1.4645245562156903,0.48925199118692664,-0.186142995898955,0.006512002781686364,-0.03503697526901753,-1.0370726401094164,0.32845252274041536,0.09245095382894368,-0.006617897696540186,0.015321754813666507,-0.019132781389698154,-0.06110724304692687,0.1093789160545391,0.000907951174460504,0.018285916730807754,0.06165914972258668,-0.2716242412809077,-0.022412344315979715,-0.007521247720518663,-0.005785900878025075,-0.01920176629780346,0.1264800752140265,-0.04599061463876727,0.014263684389927634,-0.008689336255838738
re1000_e2,phase1_re_estarmap,1000,2.0,3,2,B2_temporal,1.9414250657555667,1.0000000000000002,0,1,4.2238708759073594e-16,0.20965952949054767,-0.21363355976272397,-0.15773910896486457,-0.05885616914446411,-0.011753874668837476,-0.005940033666676216,0.0,0.0,0.011320838254730816,0.8911965106597375,0.0648506365571497,0.0012221946256622286,0.0003518551806704075,0.011754071445227627,0.0026864215784711066,0.0021318260630718167,0.0017733514886321214,0.0008216831466287657,0.006408083148794092,0.0012739014078246755,1.2930544138009409e-05,0.0004694855110847231,0.0001954652151721905,0.000892140703100901,0.0018581583112496688,5.9602276196609254e-05,3.939356175595195e-05,5.572002814476982e-06,3.558045380365285e-05,0.00018771019697416487,0.00027405166861820007,2.4969703243022937e-07,8.22751378054193e-06,9.087139283306566e-06,0.00013047415651765547,2.7375871669332676e-05,2.0799592951432915e-06,1.0416609121613164e-06,0.20965952949054767,2.630734683930489,0.7096552722054694,0.09742277519127429,-0.05227238151335685,-0.21363355976272397,0.14443664617582952,0.12866670983092143,0.11735125104446648,0.07988081764664136,-0.15773910896486457,-0.09946223654135533,-0.010020715045023517,0.06038115398794377,0.03896054764597623,-0.05885616914446411,-0.1201245207541265,-0.021514028259178575,0.01749052866238125,0.006578031903384531,-0.011753874668837476,-0.03817985235715604,-0.046132451864929605,-0.0013925057667454421,0.007993272541930108,-0.005940033666676216,-0.031831166984368726,-0.014580562877440658,-0.0040189974428170355,-0.0028441565392135415
re1000_e2,phase1_re_estarmap,1000,2.0,4,2,B2_temporal,1.9381533499037227,1.0000000000000002,0,1,4.806130907232585e-16,0.011267955933294918,0.7973172319394646,0.024290449006586806,-0.05872683690013914,-0.0008742577907282362,-0.014168687848673383,0.0,0.0,3.275458851617267e-05,0.6404708550286814,0.03931846364501739,0.001247287074048544,2.0690760786646053e-05,0.16400012114087592,0.13799588097818336,0.006093260665864213,0.0033207233120661765,5.840733387631103e-05,0.00015221342340401067,0.002869791101574944,6.749077784818393e-05,0.0009430709427578039,2.4487127589546565e-05,0.0008897235537288276,0.0018121858679989787,0.0001854581525883079,0.0001975013357820353,2.6724172130527853e-05,1.971791047098993e-07,9.934402592186881e-06,1.3430221362425203e-05,1.360156059740718e-05,2.2117525508839666e-05,5.1789430223134057e-05,0.0001478461347577617,4.40392557609227e-06,6.627857461002779e-07,8.925851212187282e-06,0.011267955933294918,2.2283004583669057,0.5521058305312785,0.0983348080968036,-0.012665207038291104,0.7973172319394646,1.03432524670102,0.21734464402309356,0.1604502541149056,0.021279320460138515,0.024290449006586806,-0.14915891172895265,-0.022874219302443145,0.08550593211942431,0.013778215902967923,-0.05872683690013914,-0.11852922189418788,0.03791814023424592,0.03912993102761168,0.014393824194867224,-0.0008742577907282362,-0.00877596619486179,0.010203887205086686,0.010268770176760839,0.013094602881575086,-0.014168687848673383,-0.033855485898215854,-0.0058431098254371075,0.0022667866366931776,0.008318574019059513
re100_e0.1,phase1_re_estarmap,100,0.1,0,2,B2_temporal,0.1099528188029679,0.9999999999999997,0,1,1.1347978236237706e-16,0.029692989639840336,-0.059957010635508484,-0.004612126554827048,0.005601676676464573,0.00023767037275409207,0.001374510690475308,0.0,0.0,0.00400932710661833,0.9441902761630021,0.0032946613268249924,0.0002696108826806457,0.000269522398676072,0.016347207663626736,0.0059749088158604965,0.006293538982741583,0.0002640725867486002,3.8716296660154565e-05,9.673108697585587e-05,0.01758112016434681,0.0002435140458867201,0.000567339301575083,1.1790210021811833e-06,0.00014269202885956473,3.4882667005820004e-05,0.0002935242423576273,2.731252805969257e-05,6.094818153392987e-07,2.5687020442055434e-07,2.7814894172627606e-05,2.4064472003097842e-08,7.635066247484922e-06,2.279531917782444e-06,8.591319707848689e-06,9.581882963185294e-06,2.7045923297571157e-06,2.3501344804385807e-07,1.2997321205757415e-07,0.029692989639840336,0.6444109941659121,-0.0380661161604666,-0.010889348287329828,-0.010887561244828231,-0.059957010635508484,0.05126238646003772,0.052611494994869716,0.010776924474375768,0.004126483224924549,-0.004612126554827048,-0.08793392336939436,-0.010348923763050947,0.01579627239900445,0.0007201018889510602,0.005601676676464573,-0.003916859744568444,-0.011362010004260098,-0.003465884850250137,0.0005177421891470923,0.00023767037275409207,-0.0034976140547445488,-0.00010287772411451783,-0.0018324814385508692,-0.00100128109921543,0.001374510690475308,-0.0020528565865567503,0.0010906466895739995,-0.0003214989335536094,-0.00023908928068490376
re100_e0.1,phase1_re_estarmap,100,0.1,1,2,B2_temporal,0.11143475213256519,1.0000000000000002,0,1,1.0370702934883311e-16,-0.008103791255052529,-0.03251716782860685,0.0023324826699378798,0.001503754147087127,-0.00047053655080482983,-4.0663898681971105e-05,0.0,0.0,0.0002946631613957451,0.9703329170449585,0.002794270909518004,0.0001404928458465302,0.00039372769113498244,0.004744328781455531,0.003840995708669165,0.003045558834460647,0.0002880623110970136,6.930212143265553e-07,2.4411035612518943e-05,0.013461802039544949,1.2211462223265409e-05,0.0005047065993926724,1.1949918248412473e-05,1.0146190894702527e-05,5.656292057409923e-05,1.724710640582367e-05,6.536743630972989e-06,2.924336655075183e-06,9.93427281015165e-07,5.96717352831508e-06,4.3816512619328764e-07,2.8811699135523325e-06,5.5839221057960025e-08,7.419376022169947e-09,1.07614327481456e-06,2.585835184863142e-06,1.3767726261125566e-06,4.093915351085788e-07,-0.008103791255052529,0.6576589027663927,-0.03529186230242753,-0.007913478490096952,-0.013247633399117588,-0.03251716782860685,0.0413773080196281,0.03684459764053701,0.011331399249135933,0.0005557936568227062,0.0023324826699378798,-0.07746257350577379,-0.0023330505918438753,0.014998913934414361,0.0023079308291335436,0.001503754147087127,-0.005021185132642978,-0.0027726716555242802,-0.001706950973252131,0.0011417052689910437,-0.00047053655080482983,-0.0016308899448580771,0.0004419358425404446,-0.0011332474666523786,-0.00015776475852191186,-4.0663898681971105e-05,-0.0006925886487319511,0.001073595646192532,-0.0007833781113453544,0.00042717885827833215
re100_e0.1,phase1_re_estarmap,100,0.1,2,3,B3_mixed,0.1129073101525107,0.9999999999999997,0,1,1.067163778363494e-16,0.028541881674953192,0.2861654289789095,0.005191073388904722,-0.05842550404362295,-0.007995718344314298,-0.002862045098087043,0.0,0.0,0.0036075565366256927,0.5648335362707118,0.00011241160082053339,0.0003534098415853958,5.059625182901096e-09,0.3626454860720208,0.0029137871249342814,0.009196080577477506,4.3777917362566185e-05,0.00024780218897733295,0.00011933347314976988,0.03816264086735211,8.622033941581217e-05,2.4423207865496046e-05,3.175732378095871e-06,0.015116556749693743,0.00041429787334821704,0.0015929573060920468,5.926855522108324e-08,1.9616254906065345e-05,0.0002831150248608706,0.00011221685319467094,2.9643720560407457e-05,2.6973358132218557e-05,1.035724056107844e-07,3.6274454383952575e-05,1.25636043175566e-05,4.763445506125228e-06,1.186439308922283e-07,1.0930598100447147e-06,0.028541881674953192,0.5050696398092313,0.007125192342269558,0.012633693774163113,-4.7802454739532685e-05,0.2861654289789095,0.03627604535410922,-0.06444547220553924,0.00444650284762587,-0.010578975112426496,0.005191073388904722,-0.1312835272019914,-0.006240162370924605,0.003321179733401251,-0.0011976032741689393,-0.05842550404362295,-0.013678780425411142,0.02682211957460802,0.00016360749550846444,0.0029764533100385296,-0.007995718344314298,0.007119017642340682,0.0036589576392127214,-0.0034902660715132577,-0.0002162783551217132,-0.002862045098087043,0.0023820350705359363,-0.001466734903320521,-0.00023148016850660765,0.0007026078365289218
re100_e0.1,phase1_re_estarmap,100,0.1,3,2,B2_temporal,0.12540934005513235,1.0000000000000004,0,1,1.0419699606025617e-16,-0.023067992274079338,0.04127523903132179,0.0012567040154303748,-0.004036176082703465,-0.003611110538972005,0.0009582053700869518,0.0,0.0,0.0021215814839749907,0.9756079626194953,0.00034493577222462267,7.593307615531221e-06,9.264359327376916e-05,0.006792338418908013,0.00239943640785538,1.6483312295427092e-05,0.0013831420679713987,3.5948002302789445e-07,6.296600323805767e-06,0.010291429330692655,0.0004256284974805752,0.0002319564549313174,1.0575676655317027e-06,6.495017581396161e-05,0.00011581982903024773,4.38486728193839e-06,2.1671941603339065e-06,1.1493885673334437e-06,5.1990223849922175e-05,3.4029665483225125e-07,2.2437827778933885e-05,2.892250596907822e-06,4.376294065230385e-07,3.6606425440873565e-06,4.722338389104978e-06,2.3265834447134826e-07,6.194698318420973e-07,1.3502930180842638e-06,-0.023067992274079338,0.6995723000366528,-0.013154188314920443,0.0019516881891320458,-0.006817146585720301,0.04127523903132179,0.03469361534423304,0.0028755252159507563,0.02634076186800861,-0.00042465116248955226,0.0012567040154303748,-0.07185099472063552,-0.014612020938623991,0.010786937644107259,0.0007283649167772368,-0.004036176082703465,-0.007622306297697995,-0.0014831093176933864,-0.0010426627247941914,-0.0007593261794412234,-0.003611110538972005,-0.00041316524009399336,-0.0033549445146093338,0.001204516896738726,-0.0004685416312806088,0.0009582053700869518,-0.0015391235699509927,-0.0003416286254895596,0.0005574488417617575,-0.0008230172690265993
re100_e0.1,phase1_re_estarmap,100,0.1,4,2,B2_temporal,0.11944213428367151,1.0000000000000004,0,1,1.186080288295848e-16,0.0055220711313583425,0.0017370377929628515,-0.011082416583533889,0.004635574749771588,-0.0021756645178218005,0.00128762220366997,0.0,0.0,0.00012764871359113777,0.9794282445812307,3.467900516263838e-05,0.00012834964452853868,0.0001449917503122597,1.2630803661860463e-05,0.0034700323308892787,0.0021440699351232546,0.00029280935929164873,1.7104229887583295e-06,0.0005141399978641256,0.01249332122106438,0.0005618888339099779,0.0003194493981041823,1.1640765938351486e-05,8.995382320314722e-05,0.00013082285959647901,5.045904147191348e-05,9.820200792523656e-07,1.6357346845087275e-06,1.9815101775001813e-05,3.492315223657942e-07,6.309843760216819e-06,3.762365847877444e-07,1.9798281777511e-06,6.940477702141013e-06,2.6621745614314676e-06,9.564692068164874e-08,1.8109964112764346e-06,2.0021988824046643e-07,0.0055220711313583425,0.6840614004911899,-0.0040704468508801295,-0.007830799570168865,-0.008323010059064327,0.0017370377929628515,0.04071697766950582,-0.03200576754927616,0.011827725869672314,-0.0009039835668974323,-0.011082416583533889,-0.07725875875097696,-0.01638452947781793,0.012354062960046428,-0.0023583027187987276,0.004635574749771588,-0.007905886810041377,0.004909963587365446,-0.0006849659091526316,-0.000884026338611131,-0.0021756645178218005,-0.0004084750097154352,-0.0017362732569694253,0.00042397405903025587,-0.0009725737053109004,0.00128762220366997,-0.0011277868796063762,-0.00021376877549237323,-0.0009301812222205459,-0.0003092875088165023
re100_e0.25,phase1_re_estarmap,100,0.25,0,2,B2_temporal,0.23712213607932345,1.0000000000000004,0,1,1.8173380563760822e-16,0.03790645633063331,-0.05666027120336876,0.002026091401358487,0.003761579511354181,0.0006633264922446969,0.0024957162431221256,0.0,0.0,0.0030298719792772326,0.9548331290737561,0.0062620363550926076,0.0018195688544226675,0.0001351857430890707,0.0067694783496833515,0.0035511184890239652,0.0041375035632741424,0.00030134335857838853,3.5316645049871575e-05,8.65597458451866e-06,0.017951175051256076,0.0002755822190616331,0.0005986739534525361,2.3693348490552345e-11,2.9835848846069333e-05,1.184593074687593e-06,0.0001331172584799461,5.077331187198429e-05,9.782109195457953e-08,9.277962036544365e-07,3.487264685652292e-05,7.493515151053897e-06,3.4745454999792094e-06,1.0272381111570865e-06,1.3133737046169298e-05,1.32100793145472e-05,1.8544410751327483e-06,3.538432166720469e-07,3.690865456150245e-09,0.03790645633063331,0.9516555493775537,-0.07706795538292008,-0.041543233071301054,-0.011323521036983343,-0.05666027120336876,0.0580361543036112,0.06264483004875589,0.01690623327408267,0.005787696714023917,0.002026091401358487,-0.13048556967400954,-0.016167454276957084,0.023829296813604788,-4.74055583447831e-06,0.003761579511354181,-0.0010599872456868444,-0.01123655617701229,-0.006939589661329145,0.0003046016827128952,0.0006633264922446969,-0.005751200401084497,0.0026659919875053444,-0.001815369550102536,-0.0009870783052618628,0.0024957162431221256,-0.0035397187599258318,0.0013262413490292247,-0.0005793239486658726,5.916708209617008e-05
re100_e0.25,phase1_re_estarmap,100,0.25,1,2,B2_temporal,0.23990386734639033,1.0000000000000002,0,1,1.4350967273399015e-16,-0.02047138516800457,-0.07289380505585694,0.015646446755975152,-0.001357846621364515,-0.0013098854779073164,0.002403310314440889,0.0,0.0,0.0008734282096663812,0.9553434518741231,0.0018998308546120271,0.0011633578707552078,0.00016215911898871267,0.01107424168333488,0.000922920473440069,0.005401944850830321,0.0007437991274827794,8.349367256451737e-06,0.0005102279066933284,0.019722999877087234,0.0014262353389737368,0.00039877393843109905,1.2240166690596789e-05,3.842679710721157e-06,6.627342806942723e-05,5.5080377515232876e-08,0.00011359944544009737,5.285477704622036e-07,3.57601564370591e-06,0.00011567797373570011,9.817475964385908e-06,9.803294765069625e-07,5.4337621779288545e-06,1.203794780673191e-05,7.541460569088422e-07,1.1555135298422654e-08,3.2939022337909516e-06,1.570520350677794e-07,-0.02047138516800457,0.957477078051798,-0.042697857994303326,-0.033412216466558245,-0.01247438972789862,-0.07289380505585694,0.029759851534000237,0.07199854056593408,0.026716308668076852,0.0028305797955317158,0.015646446755975152,-0.13757360133667518,-0.03699510094949813,0.01956194366892738,0.003427222389071732,-0.001357846621364515,0.007974773149415202,-0.00022990428948415495,-0.01044087090035781,-0.000712181589796296,-0.0013098854779073164,-0.010535956200742033,0.003069365049280657,0.0009699171772634663,-0.0022834890503137316,0.002403310314440889,0.00085069984270943,-0.00010530188309431852,-0.001777886255695075,0.000388213294915984
re100_e0.25,phase1_re_estarmap,100,0.25,2,3,B3_mixed,0.24520148204094633,1.0,1,0,1.6538179062437333e-16,0.040742662466611027,0.4836048361053074,-0.002708583303520258,-0.10310648674951177,-0.010957002612561273,-0.0042854316530065795,0.0,0.0,0.00338489908595046,0.44023390477902596,0.00042030138764893946,0.00027983755232306463,4.647024054693339e-08,0.4769009460256577,0.006452068645310039,0.010460229509987143,1.6018197513178516e-05,0.0002745051753684836,1.495999014982218e-05,0.03607872652393685,6.0751515231085764e-05,1.7903724158124167e-05,4.4508107769637543e-07,0.021677984001850316,0.0006490298552459501,0.0022734862365591402,1.4235542815669963e-06,3.0675764267820376e-05,0.0002448107271872573,0.0003881990962102471,2.757594540058632e-05,4.467942979940845e-05,2.7251873169910003e-07,3.744864080699955e-05,3.0985510325582943e-06,2.4415755042694738e-05,1.37468561089957e-07,1.2187914433862875e-06,0.040742662466611027,0.6571027496411501,0.020303548769157204,0.016567025389046315,-0.00021349071973186416,0.4836048361053074,0.07955015509877884,-0.10128896836945847,0.003963677973728932,-0.01640842171913704,-0.002708583303520258,-0.18811227725823018,-0.007719160983136794,0.004190474769104016,-0.0006607103446428937,-0.10310648674951177,-0.025230385046219793,0.04722127463777295,0.0011816219693386919,0.005485159199588746,-0.010957002612561273,0.01951276440873599,0.0052006394533380155,-0.006619807369873952,-0.00051699902087543,-0.0042854316530065795,0.0017432949324343238,-0.004893579189761808,-0.00036719202013820416,0.001093342523122817
re100_e0.25,phase1_re_estarmap,100,0.25,3,2,B2_temporal,0.266915289407796,1.0000000000000007,0,1,1.6283720329339009e-16,-0.03254178408084616,0.13665263297771196,0.00540810704297431,-0.013612197671173965,-0.0013411753774329634,-0.0009114258093270781,0.0,0.0,0.00198371497098188,0.9502692835371047,0.0002248180597836888,0.00024186303642216383,7.323049199176795e-05,0.03498102739107426,0.002387265448065062,4.126471439874475e-05,0.0009575048039524803,1.7808528445245705e-05,5.478820987205329e-05,0.008019543558814882,2.798277817926886e-06,0.00028811769331856825,3.02455660073652e-07,0.0003470987477903952,1.1660436033136227e-05,1.4272530287143396e-05,4.184295083024873e-06,4.592196454884124e-08,3.369517342043865e-06,6.197039190214671e-05,6.475069787020126e-06,1.9252728268505243e-06,2.540416341276272e-07,1.5561060734860556e-06,3.1237461786391417e-06,1.0563061268025654e-07,1.7157921387737053e-07,4.555355674598238e-07,-0.03254178408084616,1.007256473457769,0.015492885785580746,-0.01606946699348428,-0.00884224812215944,0.13665263297771196,0.05048554834657212,-0.006637524594627429,0.031973280836118854,-0.004360444254380384,0.00540810704297431,-0.09253191427652409,-0.0017284711552298124,0.01753887311039478,0.0005682606445693201,-0.013612197671173965,-0.0035283699683596953,0.003903617067374521,-0.002113624690481451,-0.00022142515175768547,-0.0013411753774329634,-0.0081340875552888,-0.002629292776499531,0.0014337151094520463,-0.0005207978352290072,-0.0009114258093270781,-0.001826226289711068,-0.0003358239154906838,0.00042800521271797845,-0.0006973934551573694
re100_e0.25,phase1_re_estarmap,100,0.25,4,2,B2_temporal,0.25617998700877564,0.9999999999999996,0,1,1.4568691386875514e-16,0.005127933512922533,0.001493254427740291,-0.0027393971200850168,0.004000019411208463,-0.0027685164492574016,0.002107996480623662,0.0,0.0,5.132270951370851e-05,0.9809201548320405,0.0014681459468408845,4.78542924664458e-06,0.00022941529263688772,4.352035480994852e-06,0.0028820931752625957,0.0025768835976985502,0.001324235703595917,7.744201494716341e-06,1.4646531661493563e-05,0.008837914921136692,0.001043912116838382,0.00025126818270413217,6.178757633045226e-06,3.122834745380871e-05,0.0002493334542649391,4.361428054124324e-06,2.874963316465843e-06,7.763059426379983e-06,1.495956694217931e-05,2.7732582854916195e-05,1.765210031096855e-05,5.334040810808021e-07,3.722839713941195e-06,8.672904574254513e-06,6.956849194593835e-06,5.542589199592065e-07,5.822066182868727e-08,5.425864455804105e-07,0.005127933512922533,1.002580894534737,0.03878709113035853,-0.0022144355508678265,-0.015332528387364213,0.001493254427740291,0.054344625942105915,-0.05138661329885603,0.03683708377946109,-0.0028170264026521107,-0.0027393971200850168,-0.09516505513436037,-0.032706537115993195,0.01604616836267939,-0.002516246450699056,0.004000019411208463,-0.01598427240439117,0.0021140582605456066,0.0017164009613874333,-0.002820454192500476,-0.0027685164492574016,-0.005330865864188378,-0.00425305294034369,-0.000739317118864991,-0.0019531687377727603,0.002107996480623662,-0.0026699854204044336,0.0007536313234324793,-0.0002442537073693288,-0.0007456535082192729
re100_e0.5,phase1_re_estarmap,100,0.5,0,2,B2_temporal,0.46279775433336356,1.0,0,1,2.0966978096863504e-16,0.050143140667450126,-0.010029552535119363,0.015239646545436341,0.0004046916597644042,-0.002013450145862493,0.003919241631597815,0.0,0.0,0.0027164506876415813,0.9424973096933428,0.019172855500055708,0.003522299494462952,1.30329943452454e-07,0.00010867805981428836,0.0035793973075138644,0.006066658284468386,0.0009894844392170862,8.471966978490773e-06,0.0002509161125515501,0.01980139327507014,6.368222579758448e-05,0.0007184503493287206,4.936379373834819e-06,1.7694050797499896e-07,2.2648811895300726e-05,4.578063118260095e-05,7.60904582556048e-05,2.9016373616946837e-05,4.379862965965821e-06,0.000281339102773277,2.3787096867945117e-07,2.034882253943797e-06,1.1973999766727077e-07,1.6595213376710794e-05,1.539765131776757e-05,1.6776706657259304e-06,2.346311396535372e-06,1.0443732648646507e-06,0.050143140667450126,1.3208870328552942,-0.1883948456787909,-0.08074929835303823,-0.0004911879687133632,-0.010029552535119363,0.08140115566217238,0.1059742578244333,0.04279865308242656,-0.003960205697906078,0.015239646545436341,-0.19145798850269194,0.010857622408257212,0.0364690119564187,-0.0030229424663716573,0.0004046916597644042,-0.006475127576647104,-0.009205905344564799,-0.011868360157475917,0.00732904156048275,-0.002013450145862493,-0.022821315033944557,0.0006635846596356847,-0.0019408646912734565,0.00047080952422097456,0.003919241631597815,-0.005338913167254545,-0.0017622964751810857,-0.002084099465268727,-0.001390443960273356
re100_e0.5,phase1_re_estarmap,100,0.5,1,2,B2_temporal,0.4675152962879402,0.9999999999999998,0,1,2.3961581106665364e-16,-0.043268066155333594,-0.16757561766412823,0.03881569665713152,0.010323277888231815,-0.0025504903158985112,0.004515732892000434,0.0,0.0,0.0020022078033456385,0.9085936904659716,0.0017449518226031388,0.003111508216005714,0.00026991291570976645,0.030032800914195957,0.00048100651194291885,0.01765007958401293,0.0018162861947437364,4.31848767811203e-08,0.0016113465366173903,0.02597436035666751,0.004023960273745225,0.0011018974310969406,5.4089575956201165e-05,0.00011397495141209237,0.00041549430975219105,0.00012170931641513138,0.00046869556605549933,7.750291737777861e-07,6.95699253387176e-06,0.0002005681102471255,0.00013981316237684453,1.1997883490483086e-05,2.3300022395503906e-05,2.180874477670071e-05,2.2677598635876053e-07,4.898675998332861e-06,2.83471017579277e-08,1.6103247926727938e-06,-0.043268066155333594,1.303505195085239,-0.057124133896365996,-0.07628047418594805,-0.022466723549284466,-0.16757561766412823,0.02999185902523699,0.18167754056267418,0.058280067895612936,-0.0002841801573895239,0.03881569665713152,-0.22039429010786227,-0.08674705711736623,0.0453940041846148,0.01005737622429477,0.010323277888231815,0.02787471580696376,-0.015086545943299655,-0.029605563425361837,0.0012038903501740003,-0.0025504903158985112,-0.019366843778798562,0.016169699073707508,0.0047367474304131464,-0.0066009444396236665,0.004515732892000434,0.0006512180662527901,-0.003026685289738072,0.00023024077551347816,0.001735340280828215
re100_e0.5,phase1_re_estarmap,100,0.5,2,1,B1_Mode2,0.4954648770647409,0.9999999999999997,1,0,2.0928103663686072e-16,0.04818251152120815,0.8870403528642085,-0.011116196527630018,-0.22364353107476143,-0.01593801114688609,0.0022021672250272174,0.0,0.0,0.0023428042268554237,0.12180003357990586,1.7038154234825348e-06,0.0005103830122695509,2.411539046754239e-07,0.7940427505890042,0.0028069079541738506,0.003789287102830189,3.506922641262386e-05,0.00012990051898124978,0.00012470089300068303,0.020139695616587683,9.47448554917304e-06,2.6867395096675847e-05,1.751782597310095e-06,0.05047424278376475,0.0003154724141391095,0.001460551533192223,9.176109476033497e-06,4.139995614544448e-05,0.0002563453143471491,0.0016086722528933467,7.890972347596898e-06,3.27380496840146e-06,5.955572366892055e-08,4.893929632019506e-06,7.84513666404246e-07,5.498933715508999e-05,6.066711116481975e-07,6.949884439414123e-08,0.04818251152120815,0.49131512764884155,0.0018375861333137923,0.03180420452896536,-0.0006913270998122124,0.8870403528642085,0.07458483235743821,-0.08665930229506277,0.008336802733251217,-0.016045079578199787,-0.011116196527630018,-0.19978500256819998,0.004333255043439139,-0.00729708177523709,0.0018632731943763895,-0.22364353107476143,-0.02500443967688546,0.05380156078924862,-0.004264476499396165,0.00905808460593923,-0.01593801114688609,0.05646381496205377,0.003954592087244077,-0.0025471987564404685,-0.00034355651241752585,0.0022021672250272174,0.0012469145396226463,-0.010439403272873073,0.001096511245271117,-0.0003711292841794339
re100_e0.5,phase1_re_estarmap,100,0.5,3,1,B1_Mode2,0.4906786687608961,1.0000000000000002,1,0,1.971004527045458e-16,-0.003922367557764089,0.9492522138982319,0.10058421905519174,-0.2502158405007658,-0.048117596309078164,0.014314766355395499,0.0,0.0,1.5677232614423264e-05,0.00035766536019553525,0.00011934450792995632,3.2094537563984336e-06,1.2151475405866405e-05,0.9181974099935692,0.0031194831346884585,0.00011879508974241236,2.5209060392032123e-05,7.161061670978095e-06,0.010309379403522454,0.0010219014521869593,2.561130823215416e-05,4.169819109882281e-06,2.350148304659264e-06,0.06379731871736717,2.6867140844289904e-05,0.00017039333836034034,3.057804974356004e-06,1.1766224924367006e-05,0.002359286455645417,5.592901352381226e-05,2.1202922188316044e-06,4.5281078610063136e-07,2.8698138426685592e-08,0.000208805221069652,2.4130817761236163e-05,1.4638133362102755e-07,1.7025215503677792e-07,8.32957589469598e-09,-0.003922367557764089,0.026495189208807824,-0.01530487559897109,0.0025098290751676623,-0.004883633801026157,0.9492522138982319,0.0782473982123623,-0.015269605953021589,0.007034073697047922,-0.003749015981630492,0.10058421905519174,0.04478505304960233,0.007089971122248208,0.002860797993435246,0.002147712868631079,-0.2502158405007658,0.007261716850136109,0.018287523225672387,0.0024498160536231698,0.004805594898544686,-0.048117596309078164,-0.010477246565958893,0.0020399825129842446,0.0009427292161048849,-0.0002373315348547007,0.014314766355395499,-0.0068819989930819225,-0.000536008201103716,0.0005780626290883018,-0.00012786156907143402
re100_e0.5,phase1_re_estarmap,100,0.5,4,2,B2_temporal,0.4931505599887517,0.9999999999999998,0,1,2.155869066437684e-16,0.006729951195072074,-0.07413898598547253,-0.0024388934386006533,0.02295272512649743,-0.0011671022683323725,0.004059288882264767,0.0,0.0,4.592131365427741e-05,0.9683725918559195,0.005544365195546121,9.775036708201227e-06,0.0003513001721455808,0.0055729321721539405,0.005514546544100387,1.1950356341853938e-06,0.0018343702864946942,6.099724299415924e-06,6.030816638416665e-06,0.009867217350080917,0.0020666704587285643,3.872589727082461e-05,2.7462628741774077e-06,0.0005341447759326918,0.00014814668868166352,8.934787542306782e-06,1.9147152685590057e-05,7.4170918724628195e-06,1.381046494986884e-06,1.613441749398001e-05,2.3271872451360603e-06,2.5961624193652697e-07,1.660703418558921e-06,1.6706689160055075e-05,5.220317271740967e-06,2.656230122910962e-06,4.821711354171289e-07,8.930024513157598e-07,0.006729951195072074,1.382104896093644,0.10457928668652726,0.004391156943931765,-0.02632442794195065,-0.07413898598547253,0.10429768389196648,0.001535359882509687,0.060153827276793796,0.0034687648833750372,-0.0024388934386006533,-0.13951378084939323,-0.06384918774844991,0.008740182589665739,-0.002327506025149587,0.02295272512649743,-0.01709486735647184,-0.0041981879328439374,-0.006145707142091582,-0.00382504536464239,-0.0011671022683323725,-0.005641523560971293,-0.0021425719993853447,-0.0007156253072472312,-0.001809946762573492,0.004059288882264767,-0.003208988866218149,0.0022890359303187288,-0.0009752598944719697,-0.0013272296846253777
re100_e1,phase1_re_estarmap,100,1.0,0,2,B2_temporal,0.9126890298320953,1.0000000000000002,0,1,2.7470440582338753e-16,0.05048101222316575,-0.2929687395595785,0.08224579640820862,0.059034215732119685,-0.00403324968404712,0.010014276501843488,0.0,0.0,0.0013960574257938757,0.8400432440423875,0.003322527644923471,0.012317533137497064,0.00045535258589334026,0.047020770247955174,0.009605577784191055,0.028413244369174466,0.0013581168080708367,2.109945438244421e-05,0.003705737006647775,0.04185096198828265,0.0028653263251650564,0.003277693578685869,0.00013000026813112414,0.00190921470139045,1.1620976940407722e-05,0.0010874335355784066,0.0004448193154269726,3.4321469803542447e-06,8.911635005002089e-06,0.00036352251478054157,0.00023377057310506683,1.0368611599297475e-05,9.92916572195984e-06,5.4939705955392e-05,2.8865716279814574e-05,4.7212699807437396e-05,2.953723049408335e-07,2.420661942307461e-06,0.05048101222316575,1.7512261457870628,-0.11013509037242435,-0.21205732592095827,-0.04077230971385009,-0.2929687395595785,0.18726350919311602,0.3220711501372583,0.07041415516660933,-0.008776614506812877,0.08224579640820862,-0.39088061550619563,-0.10227711188466866,0.10938948710763195,0.02178529950205027,0.059034215732119685,0.006513474700785097,-0.06300757600777676,-0.04029797560412287,0.0035397643411620903,-0.00403324968404712,-0.036429823570101244,0.029213684298325424,0.006152501299884015,-0.006020711130694653,0.010014276501843488,-0.010265558452774498,-0.01312867292349139,-0.001038427777817445,0.002972750645228134
re100_e1,phase1_re_estarmap,100,1.0,1,2,B2_temporal,0.9212740902225715,0.9999999999999999,0,1,2.9612917183906403e-16,-0.06958776934925345,-0.5240151008225609,0.08836238840859502,0.045369148187734666,-0.011627052672490049,0.02315927386271913,0.0,0.0,0.002628130810579403,0.744155343384847,0.0005627370127640692,0.0012143459108169721,0.00032717523289113435,0.14902830156861338,0.0007116034765948996,0.0299928276731259,0.002140402858573517,4.919183528655227e-05,0.004237561746355575,0.04852508671775876,0.0076141554874861505,0.0010684085747956747,0.00012380689269245526,0.00111712661254988,0.0025129532663919723,0.00113087638854231,0.0013750082241570018,3.2151785728580168e-06,7.337032229800238e-05,0.00019342999292933062,0.0006321123771920487,3.5281434534537465e-05,8.460966418995513e-05,0.0002910925052276503,7.027477594597493e-05,8.447197039725231e-05,6.7289240566315606e-06,1.0369179833065357e-05,-0.06958776934925345,1.6559843440819604,-0.04553833679302684,-0.0668953039967203,-0.034722791651889844,-0.5240151008225609,0.051208665106569025,0.33245520015642066,0.08881210945005434,0.013463901856445186,0.08836238840859502,-0.4228706900170528,-0.16750790034558968,0.06274702025533577,0.021359782997823294,0.045369148187734666,0.09623136150480474,-0.06455531321304248,-0.07118312864039612,-0.0034421276644615467,-0.011627052672490049,-0.02669846742850439,0.04826380653102412,0.011402433337240472,-0.017657711222085176,0.02315927386271913,-0.016092523764186042,-0.0176433372894174,0.004979631869305207,0.006181539198957335
re100_e1,phase1_re_estarmap,100,1.0,2,1,B1_Mode2,1.0114888204496144,0.9999999999999998,1,0,3.1325891047355e-16,0.07104285538729352,1.3399076875647173,-0.01637050872545362,-0.35130651546931385,-0.028199737685760312,0.00598498577948739,0.0,0.0,0.002494880417628556,0.0324591046476299,1.4141560578101426e-05,0.00025528279714379483,3.5330998462827526e-09,0.8874802048711623,0.00020232467545328934,0.0010332712357556998,6.103513919092915e-07,4.0952548101130803e-05,0.0001324747987877058,0.011822683885087846,4.085103232077623e-07,2.8628008962893136e-05,6.093527016653183e-07,0.06100723276226215,2.595858840306916e-06,0.0007427030301956295,2.2393558586956498e-07,2.4771113905255857e-05,0.0003930963889409113,0.0018160882289188186,4.385849182592004e-08,4.911937557819449e-07,6.180739283022906e-07,1.7706599448496124e-05,4.667047234835633e-07,2.8291410087169203e-05,4.363057933356391e-08,4.60165285334981e-08,0.07104285538729352,0.3623921713993378,0.007564133903748817,0.032138182609727964,-0.00011956071254466921,1.3399076875647173,-0.02861112701884347,-0.06465732142484866,0.0015714497885228273,-0.012872147384678113,-0.01637050872545362,-0.2187099684740151,0.0012856183336634713,-0.010762325216735976,0.001570163616245439,-0.35130651546931385,0.0032407913826321784,0.05481736264932605,-0.000951857849908062,0.010011134757908375,-0.028199737685760312,0.08571937798424636,0.0004212475479510779,0.0014097332976816506,-0.0015813600079540946,0.00598498577948739,-0.0013741420745390965,-0.01069886816778805,-0.0004201516070450755,-0.00043148675144219213
re100_e1,phase1_re_estarmap,100,1.0,3,1,B1_Mode2,0.9828584323772356,0.9999999999999997,1,0,3.220503447762184e-16,0.02790540498199751,1.339037423621298,0.10799587646436326,-0.38557075981630945,-0.08584891856022905,0.034077836225765996,0.0,0.0,0.00039614638362812064,0.00021894548393886238,4.3661740723268456e-05,9.22262206188279e-06,4.528350618437461e-08,0.9121462271639623,0.000864218786499445,0.00010098768584140278,7.069743206674409e-06,5.389265307049685e-06,0.005933260044936735,0.0001616014590093254,1.139914262425235e-05,2.1969461081692605e-06,5.3968195492030715e-08,0.07562880163003292,8.988079470456176e-07,8.10264797484271e-05,6.557807950200325e-07,5.967723505061014e-06,0.00374928706677266,1.8381852928133963e-05,1.8321544920402254e-05,8.199563545490626e-07,2.8370394931409286e-08,0.0005907762926860688,2.2614347774938184e-06,1.6490093498055082e-06,3.9070946282104544e-07,3.0762077523677546e-07,0.02790540498199751,0.02933887626479416,0.013101650284163891,0.0060214721994375515,0.00042193495186305333,1.339037423621298,0.05828909749618024,-0.019925521182191035,0.005272023036907794,-0.004602992440294411,0.10799587646436326,-0.025205662591709796,-0.006694398688490906,-0.0029389025216175566,-0.0004606217364368534,-0.38557075981630945,-0.001879788253864203,0.017847975668583246,0.0016056645778947563,0.0048437288813661114,-0.08584891856022905,0.008501002094608528,0.00848704540324739,0.0017954397982108388,0.00033397054893033907,0.034077836225765996,-0.0029817244945373055,0.002546167900610835,0.0012393741810175724,0.0010997230067901409
re100_e1,phase1_re_estarmap,100,1.0,4,2,B2_temporal,0.9809893262738215,1.0000000000000002,0,1,3.1612788997953903e-16,0.013869843207133888,-0.04452277857210636,-0.017532090106964906,0.02022166574821919,0.0009498172237706846,0.007832407408419688,0.0,0.0,9.805027712237385e-05,0.96343812129271,0.01842626110918169,6.976814196238831e-07,6.0910455397549e-07,0.001010346269163944,0.004216258359983706,4.108452853879328e-06,0.0027442457430940097,4.05396591327566e-05,0.00015666540669013356,0.0066687099300328356,0.002490445645089147,4.206844225228079e-06,4.662031679884803e-07,0.00020842008912875845,0.00016946361726408887,5.464833733861564e-05,8.983257031962877e-05,5.7735677173187095e-05,4.5981782594830944e-07,4.949882635092277e-05,1.4430793456709196e-05,6.299425358580644e-07,3.950711767256823e-06,3.12677233933247e-05,8.24615805933052e-06,9.517838030924488e-06,6.903678251185578e-07,1.4755511092227926e-06,0.013869843207133888,1.94434823374153,0.26889377435144657,-0.0016545912193537066,-0.0015459949107739423,-0.04452277857210636,0.12862510560472684,-0.004015145525210683,0.10377043476149833,0.012612529151603697,-0.017532090106964906,-0.16176443689981373,-0.09885546207463854,-0.0040629394690275215,-0.001352538844797798,0.02022166574821919,-0.025786973434493883,-0.014643692926006485,-0.0187749612660371,-0.015051655464046161,0.0009498172237706846,-0.013936688317292112,-0.007525012784226702,0.0015722174198788477,-0.003937311811306455,0.007832407408419688,-0.005688371661194473,0.0061112674683865605,-0.0016458960691904912,-0.002406241790443394
re100_e2,phase1_re_estarmap,100,2.0,0,2,B2_temporal,1.8832452475445975,1.0000000000000002,1,1,4.570828204819295e-16,0.5210353034862139,-0.9272673587330805,-0.65414843226528,0.3002499127598375,0.04055941290283496,0.0015197988216081577,0.0,0.0,0.07207712002271813,0.1455590661731243,0.017408975809029878,8.18078083921434e-05,0.0005575245939989376,0.22828273579685798,0.2815970839899545,0.005815611314299274,0.00011702100843994052,1.932564607884407e-05,0.11360978396017168,0.05268531532576208,0.016179761399480748,0.0008934636243391451,4.630704430024115e-05,0.023934750460628772,0.013702834410483878,0.015032243961191988,0.00118649589701616,6.627019214877545e-05,0.0004367636071742425,0.007945839304212273,0.0007141817787118015,0.0006971015072682109,9.44230590848732e-05,6.132468570339101e-07,0.00036933220141522667,0.0007631961260852073,0.0001249839446301025,6.678614366505494e-08,0.5210353034862139,1.0471359407594907,-0.36213462113956674,-0.024824517426652475,-0.0648060349670532,-0.9272673587330805,1.4564564808417706,0.20930573206886333,-0.02969035250766782,0.012065642317541488,-0.65414843226528,-0.6299821257865337,0.3491157903159216,0.08203928630578564,0.01867699345250903,0.3002499127598375,-0.32128366146714865,-0.33650796127191873,0.09454020857364019,-0.022343054797233853,0.04055941290283496,0.24465456551972076,-0.07334792268747486,-0.07246552561374364,0.02666996642519148,0.0015197988216081577,-0.05274630273603676,0.07582309614871749,-0.030683899344380445,0.0007092945443440135
re100_e2,phase1_re_estarmap,100,2.0,1,1,B1_Mode2,1.898345044209887,0.9999999999999999,1,0,4.284521678217735e-16,0.21782495906996094,-1.471938272288556,-0.4458638352778289,0.5562987375783728,-0.0723785971372736,0.0322122139510893,0.0,0.0,0.0124971255722319,0.12521527038130914,0.0007247412566309074,0.00029374522426151364,9.499572267269399e-05,0.5706555518018548,0.03846286436546326,0.005345747324223313,0.0003853492856243225,0.00013309512797670002,0.05235996485860017,0.08471917687755326,0.00013786687818949408,4.938811417571905e-07,6.095242405449805e-05,0.08151002010282474,8.653612144276597e-05,0.009514050076440406,0.00011545437139616086,0.00020585378550574097,0.0013797969287875536,0.013962877065625084,0.00026281925918111994,0.00012186171930308028,6.295827896312566e-06,0.000273297715501089,0.0009187188517719951,0.0005458574481667965,9.528908543211214e-06,9.083582608065217e-08,0.21782495906996094,0.9750934067826718,-0.07418379803864801,0.04722837243594855,-0.026857748182365956,-1.471938272288556,0.5404286741256213,0.20147528821706737,0.054093471201421446,0.031790594621872,-0.4458638352778289,-0.8020629141782933,0.032355457343187975,0.001936550353472363,0.021513598688869873,0.5562987375783728,-0.025633994404775838,-0.2687820664625923,-0.02960893336628456,-0.039536388987699345,-0.0723785971372736,0.3256154694141006,0.044673107713226884,-0.03041944055487535,-0.006914232766160919,0.0322122139510893,-0.08352353870098093,0.06438092206772107,0.008506269760531761,-0.0008305124689658
re100_e2,phase1_re_estarmap,100,2.0,2,1,B1_Mode2,1.9865460116801124,1.0000000000000002,1,0,4.047824512615641e-16,0.26975568695112123,1.8315387874615026,-0.36957348614356433,-0.4883628769806285,0.03369529045432376,0.009232659756336527,0.0,0.0,0.018315239167535812,0.023328241161836297,4.468490861868081e-06,0.00021700848327049803,4.1392398517001845e-06,0.8443132729502875,0.0015596062338009082,0.000761456518302712,8.690313994389219e-06,3.3500275248866743e-05,0.034377396963685615,0.01241944862871907,1.1932213772733837e-05,7.318052324400916e-05,2.799547848914295e-06,0.06002838550190127,0.0013803960993838567,0.0005940921923923227,1.1050292337690667e-05,1.9983869495225516e-05,0.0002857654924994679,0.0019332133488093421,5.522660115912484e-05,4.370684125282958e-06,5.8725556159199014e-06,2.1454828047044078e-05,0.00021326526983192883,1.647133325960966e-05,2.9020159974384724e-08,4.2198721212768046e-08,0.26975568695112123,0.43054674282617783,-0.0059588128683062585,0.04152576727487444,-0.005735081662463885,1.8315387874615026,-0.11132348437860962,-0.07778607611911215,-0.008309923851829635,-0.016315616836126326,-0.36957348614356433,-0.314145228457463,0.009737328520849834,-0.024114433568553927,0.004716537125378462,-0.4883628769806285,0.10473242794416227,0.06870782998661107,0.00937057397843669,0.012601408848803551,0.03369529045432376,0.12394220052595407,-0.020948525892893536,0.0058932385383232,-0.0068311351727733585,0.009232659756336527,-0.04116606715315425,-0.011440465269198025,-0.00048020780108379253,0.0005790671854741048
re100_e2,phase1_re_estarmap,100,2.0,3,1,B1_Mode2,1.8947608925138448,1.0,1,0,3.938926910179721e-16,0.18332488459309734,1.8304959143857886,-0.1535963817139226,-0.5809299867518456,-0.028231179196136297,0.03468763386441124,0.0,0.0,0.008868668718004713,0.003853398112480543,8.867443615845703e-05,2.035039508273664e-05,4.121086252713061e-06,0.884205312084934,0.0002190171305639658,0.00020411078127982317,3.7298895476476246e-07,9.330681731959883e-06,0.006225547658498718,0.0050159197286738745,2.4273584078184523e-05,3.7659639193789e-05,1.2392497579523004e-06,0.08905599931919471,6.296366966684445e-05,0.000216711083784572,9.7489218012317e-08,1.5960564334958223e-05,0.00021031663730059156,0.001292753662117496,2.286309847513727e-05,5.325875588006281e-06,4.1492537962395945e-07,0.00031751551023281876,1.991485405929891e-05,8.050493711524924e-07,3.273937300743389e-07,3.459190037818239e-08,0.18332488459309734,-0.17089491562729184,0.025924263059825634,-0.012419200095010215,0.005588729038454856,1.8304959143857886,0.04074236585095181,-0.03933146964502882,0.0016813386153037555,-0.008409378299544131,-0.1535963817139226,0.1949765990254206,-0.013563574430435474,0.016894497514939356,-0.003064690507979732,-0.5809299867518456,0.021845008485592045,0.04052730864635836,0.0008595784030127667,0.010998445912824246,-0.028231179196136297,-0.09898402058179467,0.013163602071223973,-0.006353348969653242,0.0017733407823911785,0.03468763386441124,-0.012285582876148803,-0.002470122316811543,0.0015752242204830286,0.0005120288274474978
re100_e2,phase1_re_estarmap,100,2.0,4,2,B2_temporal,1.8634760918797724,1.0000000000000002,0,1,4.288648313898998e-16,0.4738838617982737,-0.7106240455741828,-0.739519279454019,0.328710713080406,0.1153226323209266,-0.08008392705406189,0.0,0.0,0.06025457354977803,0.40801054298259076,0.0012796594022503934,4.331914508449385e-06,4.107648265211487e-05,0.1354958446606137,0.10667421482282534,0.011966870562444267,1.5986407152071663e-05,5.806801534177304e-05,0.1467388734063446,0.05680683211588027,0.004212382589265247,0.0013639889952457014,2.072515851570205e-05,0.028991714292624312,0.019239051036849503,0.006722389345858912,3.447461146033863e-05,8.663710168822286e-06,0.0035684143154238192,0.004946166263639413,0.000901247713382564,0.0002951457457589387,6.101113359026379e-06,0.0017208257729592828,0.00030305457455468023,0.0003006639879651975,1.757890347282682e-05,5.375471139759967e-07,0.4738838617982737,1.7439241865206665,-0.09766503369871468,-0.005682400590793488,-0.017498004841778995,-0.7106240455741828,0.8917058908460387,0.29866353769909537,0.010916095918036144,0.020804649316179487,-0.739519279454019,-0.6507170614126263,0.17719677474430956,0.10083175853326128,0.012429133098398977,0.328710713080406,-0.3786899081709139,-0.22384826848841505,0.016030298092447996,-0.008036072863426762,0.1153226323209266,0.192011068209667,-0.08196227343722773,-0.0469040314191353,-0.006743672257277617,-0.08008392705406189,0.047528305428131676,0.0473404754206112,-0.011446897630899839,0.002001705467997968
re300_e0.1,phase1_re_estarmap,300,0.1,0,2,B2_temporal,0.10857757016227221,0.9999999999999998,0,1,1.193616662276269e-16,0.027502578286171014,-0.139600990807549,0.005402366902717337,0.016931178021497233,-0.001326854556337749,0.0011456933703693289,0.0,0.0,0.0034831863121292756,0.8605302663064047,0.0008984401377529759,0.00014903877708830773,0.0001526779442531039,0.08974430264613295,0.0019301952924297748,0.012072268984810128,0.0005059067448571251,8.151910793212206e-05,0.00013439961912924128,0.02654660996925125,0.000624034322063365,0.0005110269792854234,4.041151338350651e-07,0.0013200921183224232,3.4133641572242374e-05,0.0010332042947528435,0.00010060704649069024,8.127333371741046e-06,8.107305270522558e-06,5.1479241784302337e-05,3.9650954150634054e-05,1.4120492116984824e-05,4.306868189767734e-06,6.0445877401128745e-06,3.977293725462169e-06,9.426849409288473e-06,1.6937620471621448e-06,7.509524020033788e-07,0.027502578286171014,0.6113404464507234,-0.019753525973200355,-0.008045438030636985,-0.008143070724087535,-0.139600990807549,0.028953474043069954,0.07240932626992312,0.014822972048181329,0.005950175345673714,0.005402366902717337,-0.1073753492475224,-0.016462822405347265,0.014897794158623228,0.0004189407561821256,0.016931178021497233,0.0038502716074084948,-0.021183277537292274,-0.006610194747255758,-0.0018787720557879178,-0.001326854556337749,0.004728420872441734,0.004149797226993872,-0.0024764238115134746,-0.0013676685023121127,0.0011456933703693289,-0.0013142981222421855,0.002023407426245336,0.0008576819165959875,-0.0005710922416459488
re300_e0.1,phase1_re_estarmap,300,0.1,1,1,B1_Mode2,0.12276995860097445,1.0000000000000004,1,0,9.839065261992288e-17,-0.0026602679644407456,0.46749690467567734,0.07984911663933789,-0.1293147100564999,-0.031592083971762414,-0.0023917655263972636,0.0,0.0,2.882230198362849e-05,0.0007781587166579862,1.4852240594898203e-05,1.460940888264119e-05,7.682357112886621e-07,0.890092977027381,0.00621376765620797,5.1092055157692824e-05,6.866495062329161e-05,5.900633109280613e-06,0.02596678169781504,0.003740024648553269,2.2008078870977654e-05,3.398272030579304e-05,1.8651579485342788e-06,0.06810417803978921,0.0004370708545647873,0.0001393333867012574,6.057869244149056e-06,7.3776160892755836e-06,0.004064755666012605,8.343366567054601e-05,1.1780557466014466e-05,7.174180398745346e-11,6.328400221253711e-07,2.3297809979130243e-05,8.771966843851952e-05,4.310006418215791e-10,3.9005405086814886e-08,4.698807153680743e-08,-0.0026602679644407456,-0.01954835168796473,-0.0027006732219706734,-0.002678504451149236,-0.0006142190699439385,0.46749690467567734,0.05523998544202294,-0.00500901966318706,0.005806890095519103,-0.0017022578917965632,0.07984911663933789,0.04285616274327457,-0.0032875102627227836,0.004085122845198516,-0.0009570483041640727,-0.1293147100564999,0.014650484049424643,0.008271868982774554,0.0017247890958772855,0.0019034175809361923,-0.031592083971762414,-0.006400983574514303,0.0024052430666350513,-5.9355667987139645e-06,0.0005574719484148832,-0.0023917655263972636,-0.006563334537470491,1.4548392482116874e-05,-0.00013840075097661144,-0.00015190422768723028
re300_e0.1,phase1_re_estarmap,300,0.1,2,1,B1_Mode2,0.12031745294060754,1.0000000000000002,1,0,9.6267093108182e-17,0.025674073240479253,0.4596336702383124,-0.038487171788587696,-0.1297093145019695,0.010958566313570714,0.0053843266836491955,0.0,0.0,0.002739245307506941,0.033051807490044424,1.1265432307351133e-05,0.000259318075291855,4.43528248019291e-10,0.8779404219977455,0.0025493249808824074,0.00032301677230249027,7.720355103331621e-05,1.1740874555217542e-05,0.006155642245084169,0.0050989614107582815,8.641612010131434e-05,3.796860241817193e-05,6.892659298159273e-06,0.0699171477511078,0.00047610849570168585,0.00021931539802964392,1.5477713486787429e-09,9.378731664363836e-06,0.0004990555098777195,0.0001853822699724672,7.17732144423079e-05,2.483604697467471e-06,7.5746800771387255e-06,0.00012047700947662012,0.00014008494172254593,7.962700312987676e-07,3.4132530173629694e-07,8.532872679858012e-07,0.025674073240479253,0.1261223103544403,0.0023284571041746246,0.01117147981613478,-1.4610159356953114e-05,0.4596336702383124,0.03502732010403504,-0.012468288623629439,0.0060955507112315345,-0.002377084030301801,-0.038487171788587696,-0.049537624068373864,0.006448989832089915,-0.004274709596999094,0.0018213261220790958,-0.1297093145019695,0.015137260191489218,0.010273747141444021,-2.7292776070416534e-05,0.0021245471100163273,0.010958566313570714,0.009445575163733615,-0.0058772681923010845,0.0010932904304174883,-0.0019093100468193175,0.0053843266836491955,-0.00821088628185537,0.000619048243738097,0.0004053018180521552,0.000640828684472539
re300_e0.1,phase1_re_estarmap,300,0.1,3,2,B2_temporal,0.12411493305985413,1.0000000000000002,0,1,1.103782371797299e-16,-0.01248830096373818,0.2259121473770341,-0.005593347831396686,-0.022443757313487852,-0.0006282394732121492,-0.000920439329613651,0.0,0.0,0.0006282791970152927,0.7817269171977649,0.0025100218104796386,6.355991602852553e-05,0.0001914344808725526,0.20560095821785862,0.0006184168761743363,0.0001457348761452694,0.0005173179284816265,6.166962247445068e-05,0.00012603455197410707,0.004850310164932797,0.0005636019743299163,3.8207988264837175e-05,1.7566748728336733e-05,0.0020292571970522695,0.00012460079174556095,8.126987964632006e-05,6.213839311194014e-07,8.207576142517988e-06,1.5899973757047548e-06,7.387118587184814e-05,8.096473430335562e-06,3.297723567231234e-06,1.1465180836779864e-09,3.4130001064862316e-06,2.1151344317777083e-06,1.300269704520601e-06,2.2692920057323143e-06,5.739694540987552e-08,-0.01248830096373818,0.6229734633163333,-0.03530049229041738,0.005617378293535302,-0.009748821011557201,0.2259121473770341,-0.017521959843517718,-0.008505968351047692,0.016025839143602994,-0.005533216448050057,-0.005593347831396686,-0.04907121035557057,0.016727393259723305,0.004355310278656141,0.0029531649750711804,-0.022443757313487852,0.007865066796081297,0.006351946370077574,-0.0005554206514538454,0.0020185963078459012,-0.0006282394732121492,-0.006055911917964618,-0.002004887286434812,0.0012795260681937011,2.3857914008362552e-05,-0.000920439329613651,-0.0010247336598603227,0.0008034497802260717,0.001061419851679303,-0.00016880542689601898
re300_e0.1,phase1_re_estarmap,300,0.1,4,2,B2_temporal,0.1173520729446859,0.9999999999999996,0,1,1.1918781420436346e-16,0.017747543017232335,-0.1463689317888171,-0.03170063825691022,0.019311097228196225,0.005000200350607336,-0.0015429455747362193,0.0,0.0,0.0013420098820792722,0.8499710081246034,0.017044133525003006,0.0010819522727132658,8.948198800380882e-05,0.09128029720914078,0.0033156097701726537,0.0025334231762627855,0.0002611324223469139,7.983709830656108e-05,0.004281690304563923,0.024280177058343972,0.0017884387323229356,0.0006398801483413239,1.869294314599432e-05,0.001588887468279421,0.0001381027938743566,2.729010158996753e-05,2.0509701194432856e-05,2.2364125317566035e-05,0.00010652561526543493,6.583639444080723e-05,7.905765988613319e-07,6.397455009886493e-06,1.5632745721149077e-06,1.0143327624558536e-05,1.3932670154940616e-06,1.9627332894384173e-06,4.1537075632976044e-07,5.3139820472933355e-08,0.017747543017232335,0.6316513587298191,0.08944639513597223,-0.02253613472005489,-0.0064810174458825465,-0.1463689317888171,-0.039450915305245554,-0.034484922002553424,0.01107148247986286,0.006121780454790457,-0.03170063825691022,-0.10675821484570958,-0.02897426393009235,0.01733104288195116,-0.0029621989316179235,0.019311097228196225,0.008051496541788593,0.0035791339692466157,-0.003102809018062695,-0.003240047200650698,0.005000200350607336,0.005559150065552368,0.000609182411755089,-0.0017329219335914079,-0.0008566294686021519,-0.0015429455747362193,-0.0008087095212341301,-0.0009598558644987079,-0.00044156367285318844,0.0001579375584008717
re300_e0.25,phase1_re_estarmap,300,0.25,0,2,B2_temporal,0.23335326189106614,1.0000000000000004,0,1,1.4011640694401421e-16,0.03853352105745715,-0.16985602508655975,0.020405859555191985,0.02650625831978608,-0.005264386540978345,0.002696071440185508,0.0,0.0,0.0031815116554459013,0.8814009680704553,0.0017051201184298125,0.0006147363979513266,0.0001932692148350487,0.06181844004322137,0.006558522916002737,0.009599505366913053,0.0011673855625621782,6.5386556729186825e-06,0.0008922075929253631,0.027212013491293173,0.0016285987560641596,0.0011157188342469325,3.6844816597333765e-06,0.0015054037051412798,2.5107751865465644e-08,0.000948417420674583,0.00022207777002445365,4.29822428861031e-06,5.9381569017388044e-05,1.234464186184456e-06,7.969855556780782e-05,2.983766632530085e-05,1.6074891438431653e-05,1.5574672390860293e-05,6.392173701350361e-06,1.073507573832803e-05,1.305699759255067e-06,1.3218463154010078e-06,0.03853352105745715,0.9070342682240494,-0.03989462828761174,-0.023954184909122378,-0.01343130696617181,-0.16985602508655975,0.07824200190783837,0.09465887998302024,0.03300989117876165,0.0024704790059080434,0.020405859555191985,-0.15937392648506796,-0.03898916936993166,0.03227114062594128,0.0018544927216644369,0.02650625831978608,0.00015308789366318828,-0.02975340644354696,-0.014397579244956465,-0.00200300240447846,-0.005264386540978345,0.00107343606150314,0.008625060674512231,-0.005277392069659473,-0.0038735659806967524,0.002696071440185508,-0.002442649859299852,0.0031654793887728864,0.0011039733653898534,-0.0011107783746859897
re300_e0.25,phase1_re_estarmap,300,0.25,1,3,B3_mixed,0.2425407725717423,1.0,1,0,1.4120298196000922e-16,-0.04412455820163074,-0.497448747131032,0.09080369145592596,0.07958239487863668,-0.0323205296718365,0.011802880933664594,0.0,0.0,0.004013709975120148,0.3894777555612971,0.00012621667736387477,0.00015878282709181775,9.643222800729342e-06,0.5101312521568665,8.875124547929425e-05,0.006125844737734981,0.0009944248424383925,0.00022024999960723653,0.016997782052467242,0.035059490403461624,0.009909450153053213,7.395684301926286e-05,0.00016045438417426952,0.013056274018311461,0.008571053199209346,4.0047774082257276e-07,0.00030867759549415576,0.0001033948549481664,0.002153486663688826,0.00016174831983739138,0.001026514681915704,0.00023808316512854516,1.0990002475596508e-05,0.00028718470065286977,0.0001877737288226439,0.0003408728902845323,1.2105517070931847e-07,5.659564343546903e-06,-0.04412455820163074,0.6147006937798108,-0.01106574722994747,0.012411496211815053,-0.0030586759934130552,-0.497448747131032,0.009279180059736394,0.07709129951803341,0.031060493849875654,0.014617743336598175,0.09080369145592596,-0.1844272852744644,-0.09804989945701517,-0.008470548941564314,-0.012476655048553754,0.07958239487863668,0.09118837348455643,-0.0006233207221227056,-0.01730513247412343,-0.010015481615792925,-0.0323205296718365,-0.012526861132070105,0.031557671904503426,0.015198009712670017,0.0032652863218998345,0.011802880933664594,-0.013497078981367917,-0.0181852219297289,-0.0003426999540568528,0.002343224366810273
re300_e0.25,phase1_re_estarmap,300,0.25,2,1,B1_Mode2,0.25543942386211355,0.9999999999999998,1,0,1.3888261660709919e-16,0.035191029428951505,0.6499969271200441,-0.011675957080352198,-0.14427935623663207,0.008716815423798138,-0.0025255804838578842,0.0,0.0,0.002424074822799915,0.09430343566452543,7.770381621346892e-05,0.00030989636800825434,1.138978778532649e-06,0.8269984305428979,0.00043366811182401496,0.004425672500181918,3.223681273761427e-05,0.00017054397742788285,0.00026684990844603654,0.02370632912472635,0.00013808648132738555,2.023805724421373e-05,4.7610385816265874e-06,0.04074651500798437,0.0018110828852788065,0.0015944251878191994,4.66796822454287e-06,4.7066878920567274e-05,0.0001487297261787999,0.001849630241835607,0.00023811719177374376,1.6475713374872811e-06,8.539565034142143e-06,1.248545875183107e-05,0.00018130452163687332,2.8280226765650874e-05,1.4294861686231558e-05,1.4650105153903813e-07,0.035191029428951505,0.31041143841272517,0.008910357578785727,0.017794353003241226,0.0010787772392473873,0.6499969271200441,0.021050029228644507,-0.06724555698777039,0.005739182127393078,-0.013200553827371288,-0.011675957080352198,-0.1556345855329816,0.011878170100383957,-0.0045473498579064395,0.002205590127177749,-0.14427935623663207,0.04301729739452039,0.040362311696322775,-0.0021839259272089647,0.006934763567550825,0.008716815423798138,0.043472680309933925,-0.015598015037606485,-0.0012974662588591396,-0.0029538730997484093,-0.0025255804838578842,-0.013610631513712952,-0.0053754571272433315,0.0038217646360390067,0.00038689608010588944
re300_e0.25,phase1_re_estarmap,300,0.25,3,2,B2_temporal,0.26502939096611616,0.9999999999999998,0,1,1.5669866127236806e-16,-0.030227177991722354,0.2902098949601479,0.010686408183500203,-0.02168873199858955,0.004938933658409875,-0.0027870566236437547,0.0,0.0,0.0017237376692686847,0.8324703946333208,0.00023810082310467975,3.816868284706676e-05,0.00014436366964985748,0.1588914022436624,7.046378600723341e-06,0.0009207338811065085,0.0010477739731943859,5.300043219440361e-05,0.000215446519814439,0.002457855518407178,0.0005288120481038946,2.87195168054087e-05,2.446546869136894e-05,0.0008874508106287403,0.00016250398750183693,2.392484584900333e-05,2.7562443783144916e-07,1.7416217505659956e-06,4.601954823435523e-05,5.63652485203208e-05,5.197708836019431e-06,2.7921687111118666e-06,1.307872753629849e-09,1.4654383415893706e-05,4.9506318830404e-06,1.6017830115595008e-06,1.731673635108418e-06,7.671969400550822e-07,-0.030227177991722354,0.9394234863723419,-0.01588756949768771,0.006361076251370344,-0.012371033173496112,0.2902098949601479,-0.002733128192431801,-0.031242377614485513,0.033328120138156954,-0.00749577808247382,0.010686408183500203,-0.05104523292634336,0.023677055141593913,0.005517795229175728,0.005092766739984895,-0.02168873199858955,0.01312529357190569,0.005036184001531146,0.0005405500046946522,0.0013587949835730878,0.004938933658409875,-0.007730057564337901,-0.0023473777772053906,0.0017204729268205572,-3.723572044989575e-05,-0.0027870566236437547,-0.0022909063296954195,-0.0013031033359077644,0.0013549087184971016,-0.0009018419767872116
re300_e0.25,phase1_re_estarmap,300,0.25,4,2,B2_temporal,0.25096447390033716,1.0000000000000004,0,1,1.5197865401900115e-16,0.03777982624912833,-0.31658586551670015,-0.07567305952536872,0.06405200261436768,0.016017422268322548,-0.0009537266564146955,0.0,0.0,0.0028436599994251383,0.6888256386099507,0.037187356741050746,0.0007722124854993909,0.0001836947172254678,0.19968286484397008,0.004436545588716024,0.0001607352226864686,0.001370378417269398,0.00024846693010626396,0.01140880987841344,0.032618987557852655,0.00914987084977215,0.0005069332032422358,1.717703268583021e-05,0.008173784470666171,0.0014714767197171821,1.8527727277124563e-07,7.083884479508556e-06,0.00012926335284284206,0.0005111436932377113,0.00018529070680796555,6.118206675920228e-05,2.9259454867846174e-05,5.742087183082745e-07,1.8121978003890148e-06,1.072658965385798e-05,5.155123054025905e-07,3.811800502005048e-06,5.579865028427835e-07,0.03777982624912833,0.8315546019421937,0.1932118569887672,0.027842262850754525,-0.013579521061769554,-0.31658586551670015,-0.06673575742005117,-0.01270257148750018,0.03708996082685401,0.01579321023677585,-0.07567305952536872,-0.18095532102282194,-0.09583929307062106,-0.02255856596987498,-0.00415250525402113,0.06405200261436768,0.038433754998460225,0.00043126795979634254,-0.002666685839442381,-0.011391314119239713,0.016017422268322548,0.013638384765459977,0.007836970127889606,0.005419624967659542,-0.0007592258923383027,-0.0009537266564146955,-0.0032814587787904745,-0.0007193754916996021,0.001956145707864052,0.0007484244494387611
re300_e0.5,phase1_re_estarmap,300,0.5,0,2,B2_temporal,0.4561319800215807,0.9999999999999999,0,1,2.1497880195635346e-16,0.05188803722527761,-0.21914250905528898,0.035966957856805995,0.014488392780774061,-0.005398595986739738,0.00894101804619092,0.0,0.0,0.0029513041455286825,0.8650550012693846,0.010174515455825948,0.007873347414693617,0.0002749301790815254,0.05264204372687847,0.010329423391030773,0.014635983399665592,0.0017853574896199804,1.0116735119046944e-06,0.0014180348168221556,0.025858093530241273,0.002917766229760427,0.0019094130971710882,2.833021587122167e-05,0.00023010174090408483,0.00046107094087956523,0.0002607904534650182,0.0005321488490897977,1.0146245920465544e-07,3.194781324767394e-05,0.00023852350607566925,0.0002168797344257871,1.2727680018780188e-05,1.913801484751546e-05,8.763012374020501e-05,1.6963864581019052e-05,3.321252640559304e-05,3.832876701119686e-06,3.7437807170101906e-07,0.05188803722527761,1.2563108700581642,-0.13624862392884657,-0.11985467109231901,-0.02239682539576928,-0.21914250905528898,0.1372819047628943,0.16341285246457762,0.05707393964978133,-0.0013586120007131903,0.035966957856805995,-0.21720684521011005,-0.0729626339332874,0.05902353349950466,0.007189525007892844,0.014488392780774061,0.029004082553586094,-0.021813286401615384,-0.031159596159227403,-0.00043025700419576366,-0.005398595986739738,-0.02086127504329345,0.019892288223348147,0.004818921824660498,-0.005909132121074849,0.00894101804619092,-0.005563366297542589,-0.0077844191641771665,0.0026444641338920116,0.0008264764028613209
re300_e0.5,phase1_re_estarmap,300,0.5,1,1,B1_Mode2,0.4792957506955117,0.9999999999999998,1,0,2.258403240155561e-16,-0.03355236807997441,-0.8412535145446618,0.037406921560392256,0.11578062611344443,-0.027271233930736286,0.020776240466855455,0.0,0.0,0.001174391179288028,0.17620554039573913,0.00018696618140691718,0.0003321187381979856,4.592871851623497e-06,0.7382784791089665,0.0026911052800251737,0.0069177190279028685,0.0005792396525165246,0.0002989694445849185,0.0014597227062777321,0.028452827786125384,0.008560340483924567,1.2734972863730727e-05,0.00018037820487457022,0.01398421889174777,0.016502384441773002,0.0005229754033846986,0.00015366903634220826,9.624299892304201e-05,0.0007758468534570992,2.043178806557405e-05,0.0013640929770250424,0.00013758641570959764,1.785973485759451e-05,0.00045029834638657504,0.0003245158593091183,0.00030854030006793556,4.763582908310704e-06,1.4473354964933667e-06,-0.03355236807997441,0.5812213580407524,0.01893273316477065,0.02523355701795921,0.0029673853554751995,-0.8412535145446618,0.07182855491767381,0.11516307280685648,0.03332429168552664,0.02394115990317501,0.037406921560392256,-0.23355786823107527,-0.128108310713268,-0.004941181388619037,-0.01859618316907703,0.11578062611344443,0.17787099526663167,-0.03166448411457589,-0.01716425543183212,-0.013583646111115639,-0.027271233930736286,0.006258712071645703,0.05113918135604805,0.016241254188397686,0.005851528014388569,0.020776240466855455,-0.024943060950906804,-0.024321353148283476,0.0030220291501169136,0.0016657751988789476
re300_e0.5,phase1_re_estarmap,300,0.5,2,1,B1_Mode2,0.4992658131699752,1.0,1,0,2.1858178782032483e-16,0.03607498503873282,0.9353071358528708,0.022404277027659042,-0.15932451650933835,0.01774964622139663,-0.00675552566952923,0.0,0.0,0.0013033183038127756,0.06667326453606039,1.242893379026157e-05,0.00034285260401745757,7.941141191963188e-09,0.8760858597777401,1.0076177455992966e-08,0.003531845828745191,7.660969425051453e-06,0.00012588882870577625,0.0005026897655429905,0.019981751879669,2.3943985103729255e-06,2.8063237602027628e-05,1.11598650272646e-06,0.025421630012840805,0.0020889305264922614,0.0009119043610893644,1.200177184725966e-06,2.3874325557619232e-05,0.00031551323230445265,0.0022604534674346174,0.00016215016227679775,1.9292473280885887e-09,9.586476328107624e-06,4.570423797085739e-05,0.00011159613735855733,4.088770538707301e-05,7.377674445169586e-06,3.65066394745889e-08,0.03607498503873282,0.3648982413511639,0.0049821046699685964,0.026166741038365436,-0.0001259323677964182,0.9353071358528708,-0.00014185472753787658,-0.08398404323868798,0.003911449925369686,-0.015855849196155354,0.022404277027659042,-0.19976191429562967,0.0021867247831716874,-0.00748625811512228,0.001492881654747546,-0.15932451650933835,0.06458890300863589,0.04267470784305515,0.001548169807327686,0.006904964753975067,0.01774964622139663,0.06718830667762463,-0.01799511407296646,-6.207116032632711e-05,-0.0043754770708517585,-0.00675552566952923,-0.014928648467285761,-0.009036334097128411,0.0038384479317406088,0.00027001123712455926
re300_e0.5,phase1_re_estarmap,300,0.5,3,2,B2_temporal,0.5097549325111931,1.0000000000000004,0,1,2.25567324639516e-16,-0.0429702966023414,0.4043843676637061,0.01747301065432453,-0.027365921522693713,0.012632044907721372,-0.00543380275789255,0.0,0.0,0.0018111118425054656,0.809144037609873,0.001744972282509908,9.412665527378639e-05,5.45686629065519e-05,0.16039738547030613,0.011558149974735303,0.005214035150849902,0.001569390134463899,4.8501545707393494e-05,0.0002994636067787678,0.0031017265973880205,0.0020482341090429642,0.0008072234410169368,1.9219640077096215e-05,0.0007345624466025023,0.0003578618391116339,0.000697466491314347,1.7812736153347432e-05,6.714333860344297e-09,0.00015651497256202195,7.553794488981628e-06,6.946782060686237e-05,5.809333880674249e-06,1.7437690277274752e-06,2.8961183628205838e-05,6.525437739170096e-06,2.7020014798965125e-06,5.5203868396423774e-08,8.095317671123597e-07,-0.0429702966023414,1.2844690175845506,0.059649249051592954,-0.01385373982816096,-0.010548297507589632,0.4043843676637061,0.1535164350853086,-0.10310926508190194,0.05656869671743824,-0.00994462712398226,0.01747301065432453,-0.07952661019607721,0.06462499330823392,0.0405702418379305,0.006260129816669811,-0.027365921522693713,0.027012725715461032,0.037711376756027544,-0.006026650849581154,-0.00011700709044903947,0.012632044907721372,-0.0039245809967099685,-0.011901523298326278,-0.003441706902267007,0.0018856244197022142,-0.00543380275789255,-0.0036476699819674723,-0.002347218423606794,0.0003355022754544344,0.001284776729723928
re300_e0.5,phase1_re_estarmap,300,0.5,4,2,B2_temporal,0.48755733166353477,1.0000000000000004,0,1,2.1283117166696467e-16,0.0517122696998071,-0.304810659445206,-0.07592753188457964,0.045415913338683854,0.02579801861056693,0.0009707501461817953,0.0,0.0,0.0027424044966993075,0.744412212375754,0.08268830042069833,0.002491299876318867,4.934555056735376e-05,0.09528062863337126,0.002098822206964518,0.0019803424256903076,0.0010006627676959776,0.000867367273048319,0.005912115072102228,0.03524063737660897,0.019876918034935756,0.0012374955043381768,3.475514936940751e-05,0.002115243736925541,0.00014527163793712363,1.5278812208801407e-05,3.0559140221868733e-05,0.00032098125073809654,0.0006825225681258423,0.00035640956112711225,0.00030792013684395624,9.208148974480042e-05,6.925931194413678e-07,9.66405164185184e-07,3.8120336773203243e-06,3.387820623674645e-07,3.6380999483639544e-07,1.4250877946102954e-05,0.0517122696998071,1.2048960651005067,0.4015733413109412,0.06970370205582258,-0.009809951062892622,-0.304810659445206,-0.06397800105860738,-0.062145972318394326,0.044176032819296863,0.04112864078569653,-0.07592753188457964,-0.2621589679981343,-0.19688714654652362,-0.04912636791136677,-0.00823289205276394,0.045415913338683854,0.016831904486303995,0.005458680027813117,-0.0077199307936033,-0.02501973318194184,0.02579801861056693,0.026364377072292555,0.024505405141324214,0.013400747059112494,-0.001162202827811664,0.0009707501461817953,-0.0027265985901308095,0.0008128362155892175,0.000842325899672941,0.005271857367290838
re300_e1,phase1_re_estarmap,300,1.0,0,2,B2_temporal,0.9030929475464151,0.9999999999999998,0,1,3.157169899362152e-16,0.11992764368316661,-0.707826460200911,0.015115324000232827,0.07150246065431547,-0.05888381352817501,0.03845681059935189,0.0,0.0,0.007962989722415789,0.5702352461312247,0.0001620821121970333,0.0009238968939924466,0.0002696306612270948,0.2773902172095091,0.054892273801112376,0.01610907593687377,0.0007318524958055317,1.3469443563501113e-06,0.0001264947424585397,0.049925229366577506,0.002134680094198029,0.0015739220752370615,6.542963688330123e-06,0.0028306066908794923,0.00338929133790121,0.005904688124640871,0.00019010533195518628,9.048017655385853e-06,0.0019196825227353921,0.0005053283777356905,0.0010749200810957575,5.4959439314346864e-05,1.856951222904229e-06,0.0008188117765134098,0.0007533879114702074,3.7880412461109087e-06,9.215377856828924e-05,5.89046619213337e-06,0.11992764368316661,1.435235770489996,-0.024197124824951212,-0.05777074585721103,-0.03120907230895952,-0.707826460200911,0.4452991145042686,0.241230121420028,0.051417149964042855,0.002205824969445428,0.015115324000232827,-0.4246745697382565,-0.08781376972520782,0.07540286270783646,-0.004861647606720674,0.07150246065431547,0.11064980984057293,-0.14604769361854694,-0.026205555485789567,-0.005717062509315222,-0.05888381352817501,0.042725097735554586,0.06231381048896301,-0.014090206818339017,-0.0025899803499968878,0.03845681059935189,-0.052168163073486394,-0.003699163870053716,0.018245375032021238,-0.004612868294619404
re300_e1,phase1_re_estarmap,300,1.0,1,3,B3_mixed,0.9300723548402479,1.0000000000000004,1,0,3.168834203258396e-16,0.02097068698097367,-1.0806233900027864,-0.1182931913077112,0.08342752300766361,-0.018031660601816504,0.029487494450513328,0.0,0.0,0.00023641693582512443,0.23982735394275037,9.672551954277525e-05,0.0002109438251843651,6.2222453634802285e-06,0.6277720786689172,0.01161226595282429,0.015381316958589067,0.0017597670096431571,0.00047813849623331824,0.007522683067042826,0.05800428598162353,0.009828972773310877,6.432767022531799e-05,2.8336340734136738e-05,0.003741725877009718,0.013064721627745433,0.003841252718207534,0.0010573060311611497,0.0003071122368220885,0.00017479327407540714,0.0018072121277299168,0.0024018362157122402,6.28090744211138e-05,5.278369861087958e-06,0.0004674433792403196,2.1773496823358705e-06,1.4585417256477728e-05,0.0001909339098514903,3.0977003414321314e-05,0.02097068698097367,0.9445777719947457,0.01896963170272901,0.028013783766441265,-0.004811294377859609,-1.0806233900027864,0.20784847884720756,0.23921319097590896,0.08091256136420333,0.0421759835513766,-0.1182931913077112,-0.46453496253244825,-0.19122401369005856,0.015469891754999245,-0.010267394441464532,0.08342752300766361,0.22046438632713009,-0.11954317983322653,-0.06271749708618313,-0.033801574004852245,-0.018031660601816504,0.08199604964469004,0.09452791048337147,0.015286200803624384,-0.004431372648026735,0.029487494450513328,0.002846115068904129,-0.00736627270037156,0.02665200563968357,0.010735148720246446
re300_e1,phase1_re_estarmap,300,1.0,2,1,B1_Mode2,0.9930279122426874,1.0,1,0,2.941497176386039e-16,0.09375377608243038,1.3325546803864783,-0.08423822990109059,-0.24491439388389705,0.05696095520194744,-0.014491912393458194,0.0,0.0,0.004425741925956231,0.03629271273436698,4.797059636755134e-06,0.0002572560797007169,3.567901409065712e-06,0.8940846245749552,0.0012291151657869395,0.002380590737334223,8.4537774605367e-08,0.00010036185882744857,0.003572950613665516,0.01727235640266707,2.9723240339338853e-06,3.980114687602452e-05,1.9841650786714906e-06,0.030202101870454433,0.005082386970046241,0.0006296936161238311,2.0782713253291944e-05,1.8056452271352928e-05,0.001633665266362283,0.0016383252435255159,0.00031068231408340203,2.195911253736659e-06,1.9978338460852933e-05,0.00010574502601108215,0.0006647839958395074,1.1109485187402637e-06,4.007242612158198e-09,1.570098483661224e-06,0.09375377608243038,0.37968237650031655,-0.004365141058884863,0.031966386579464455,-0.0037645853356417713,1.3325546803864783,-0.06987261744023131,-0.09724182330251287,-0.0005794769014275218,-0.019966184126188617,-0.08423822990109059,-0.26193076961710393,0.0034360446620648735,-0.012573567478987527,0.002807369805079479,-0.24491439388389705,0.14208380797366682,0.05001213200702391,0.00908577225174722,0.008468898653669515,0.05696095520194744,0.08066976375700217,-0.03512925901438672,0.0029533717461696805,-0.008908209187453688,-0.014491912393458194,-0.05138673227520339,0.0021006693106472045,0.0001261634458153611,0.0024973198587650036
re300_e1,phase1_re_estarmap,300,1.0,3,1,B1_Mode2,0.9856953308588853,0.9999999999999998,1,0,2.775072063092348e-16,-0.04087854230736511,1.3099948094777276,0.29346918021731005,-0.1387249383814173,-0.13482866369069757,-0.03149771613348414,0.0,0.0,0.0008476530063904054,0.026034723690255397,7.562704437639473e-06,0.00017262891040865921,1.46463710073206e-06,0.8704953483767021,0.00048581454256631544,0.0011925633617492872,8.198377789435228e-06,6.492901447249516e-05,0.04368700806484279,0.018785283874739926,0.0007010821701582266,8.152540905157285e-05,2.480752855901764e-05,0.009761945667409849,0.015089964337607429,0.0001793138663209393,2.692557040536785e-05,1.6197496775731422e-05,0.009221291804628499,6.58006487322862e-06,0.0009988389213500242,2.1031869856909597e-06,3.924522953045671e-05,0.0005032519129217523,0.0014189797800797255,0.000135411842214646,3.82130454725779e-06,5.535345125340316e-06,-0.04087854230736511,-0.320389173235838,-0.0054605942727314945,-0.026089040684630183,-0.002403069663238489,1.3099948094777276,0.04376597428464091,-0.06857125162718407,0.005685456079388353,-0.016000028300325906,0.29346918021731005,0.2721511830155427,-0.052575789929334524,0.017928660301148668,-0.009889927213235119,-0.1387249383814173,0.24391889955808457,0.02658938440737613,0.010303476894579475,0.007991444661246254,-0.13482866369069757,-0.005093501437043093,0.0627551069174404,-0.0028796538623374526,0.012439266780105075,-0.03149771613348414,-0.07479790755917584,0.023106260676619805,0.0038815677502894784,0.00467168656685803
re300_e1,phase1_re_estarmap,300,1.0,4,2,B2_temporal,0.9660931977679694,0.9999999999999999,0,1,3.2640631638932273e-16,0.061808892419604834,-0.2849400980369342,-0.044097998736074714,0.041452388953882875,0.018015940172162223,0.0018725671669745337,0.0,0.0,0.0019772104756376877,0.8099067185158101,0.09691516294198886,0.0067865622625407854,0.00017944543233330934,0.04202020035793566,4.6326303384168065e-05,0.0017211122378567366,0.0015475032735017874,0.00026718150240412667,0.0010064419752771605,0.01741279633912042,0.01646775084726832,0.0019653713055249994,0.00023172587523722705,0.0008893037203625369,1.152688033330026e-07,7.859949267956924e-06,0.0001011888133262556,0.00019270174965719232,0.00016798281006263896,0.00013288255308510483,2.865305003260688e-05,7.117182806921713e-06,2.471099541358255e-06,1.8147875396143733e-06,8.042303094207251e-07,1.296220529992935e-05,1.0764271584941086e-06,1.5565069250728438e-06,0.061808892419604834,1.7691188446056434,0.6119773841534664,0.16194383764835824,0.026333325771557423,-0.2849400980369342,0.013379914286299449,-0.08155378165575404,0.07733129731366835,0.03213236574185307,-0.044097998736074714,-0.25940226751008355,-0.25226479798880885,-0.08714888064355286,-0.02992449109432033,0.041452388953882875,-0.0006674141347465385,-0.00551124070335329,-0.01977451129557526,-0.0272886679441705,0.018015940172162223,0.022660708783050973,0.010522645433883402,0.005244372945181611,-0.0030901860513009626,0.0018725671669745337,-0.0017629083145418447,0.007077484968075501,0.002039538139593239,0.0024525339978003265
re300_e2,phase1_re_estarmap,300,2.0,0,2,B2_temporal,1.8000642715589867,0.9999999999999999,0,1,4.4032201355803317e-16,0.28891455884885225,-0.8236286521467925,-0.22739345089271068,0.0543692579236325,-0.05895456571290365,0.022481203553884204,0.0,0.0,0.023185733874528377,0.4190445952709667,0.032985655586816015,0.0025782696640725333,0.00015570311623244016,0.18842775987371532,0.21002824835683645,0.01744680630778551,4.0681471746121475e-05,6.314086908764017e-05,0.014362759798602335,0.05527872519324755,0.0012629353399683226,0.007002983554724374,1.944674136791762e-05,0.0008210862950483289,0.0005220767836632513,0.020629255123402315,0.00021540623263699237,0.0001347052196770342,0.0009654213111476616,0.002368877311697779,0.00023075400779645438,0.0014078475888253737,3.6712116597966434e-05,0.00014038512991357207,0.00039178582885622656,0.00011758019446327546,3.4121458049400114e-05,0.00010054037852662334,0.28891455884885225,1.7370172182648773,-0.4873450526917354,-0.13625052080254751,-0.033482868246338254,-0.8236286521467925,1.2297387460517926,0.35443122146591244,-0.017114819754193107,-0.02132206580234142,-0.22739345089271068,-0.630889081210612,0.09535963051031981,0.22455129027618162,-0.011833069649864594,0.0543692579236325,0.06131139421943198,-0.38540360712640814,0.039382486627483206,0.031143413630052432,-0.05895456571290365,0.1306006341867278,0.04076135645208297,-0.10068199728740033,0.016258434047755895,0.022481203553884204,-0.05311269801571814,0.029096522616718305,0.015674286909231176,-0.026905697778336176
re300_e2,phase1_re_estarmap,300,2.0,1,2,B2_temporal,1.968392074026384,1.0,1,0,4.3075833688726395e-16,0.47360444144329134,-0.9528411938131807,-0.7817341106688915,0.1336914987194792,-0.04584218409108945,-0.00199526224569031,0.0,0.0,0.05697573413207247,0.12469878182564581,0.005564859939977715,3.880415394023253e-05,0.00017684082618251842,0.23062131589724078,0.2060064372232278,0.029624903071005924,0.00038661132387694645,4.877574386389212e-05,0.15523030900374668,0.11876976469368802,0.002574238054619526,0.005622842626484952,0.00023889825088062235,0.004540105872632398,0.0006557580703891182,0.036782565875182686,0.00030413079808175997,3.005232270722097e-06,0.0005338128185871689,0.014265024910159716,0.0012749940779106061,0.002687842416400516,0.00015786606977268152,1.0112496086548904e-06,0.0006272994213428735,0.000949010754144186,0.0005472212330918967,9.123443397135359e-05,0.47360444144329134,0.99087051381368,-0.2093210567422119,-0.017479335119535113,-0.03731445192533031,-0.9528411938131807,1.2735798965571268,0.4829634536847191,0.05517255352612307,0.01959691686224405,-0.7817341106688915,-0.9670273283770923,0.14236726847657324,0.21040873422432516,0.04337028584329062,0.1336914987194792,-0.07185510387530662,-0.5381542943471248,-0.04893459522307118,0.004864350062360927,-0.04584218409108945,0.33513675995895953,0.10019357738677295,-0.1454747773144843,-0.035255769485191636,-0.00199526224569031,-0.07027862289523464,0.08644131527512101,0.06563980310625663,-0.02680187580804716
re300_e2,phase1_re_estarmap,300,2.0,2,1,B1_Mode2,1.9719323347971787,1.0000000000000002,1,0,4.994426925109046e-16,0.43845413407618056,1.7063752829236902,-0.6253492314053124,-0.3654387012692133,0.044756411931185375,-0.04953850564203661,0.0,0.0,0.048744580200888635,0.03605819328498765,4.97793859844403e-05,0.00037888381043030815,1.7125074886335285e-05,0.7382901925162625,0.006605696818250299,0.0014788679320611208,5.14817655171212e-05,6.161129322921717e-05,0.09915696758921429,0.02023822085136797,0.00024418549341247197,2.4453350997968786e-05,1.9434574207841513e-05,0.033861568682848585,0.010614479376172268,0.0013797513532156501,5.098457692515006e-05,4.1389346867242936e-05,0.0005079120549945198,0.0003644836055620738,0.000422937883472409,1.0709661207494336e-05,2.2064650668626317e-05,0.0006222484154098784,0.0006502492848570251,1.8240222175447722e-05,4.005511270610344e-06,9.301432654650316e-06,0.43845413407618056,0.5333078558320087,-0.0198153052794114,0.05466747614143858,-0.011622304230089258,1.7063752829236902,-0.2282628936097552,-0.10800421277202037,-0.02015128363907944,-0.02204479995893488,-0.6253492314053124,-0.3995417479842575,0.043887003549955735,-0.013888175334008353,0.012381222119557979,-0.3654387012692133,0.2893512405289591,0.10432212243596474,0.020053741378072823,0.018068424547110096,0.044756411931185375,0.053618541841841026,-0.05775828557116025,-0.009191023279217843,-0.013192421780623666,-0.04953850564203661,-0.07161696979035931,0.011994746166826525,0.005620888610143798,0.008565464566885632
re300_e2,phase1_re_estarmap,300,2.0,3,1,B1_Mode2,1.9095100285806963,1.0,1,0,4.1605750233139603e-16,0.3622065029862513,1.5987872321864232,-0.4961963047644621,-0.19463811068586181,0.0010052351088888356,-0.031349888366168234,0.0,0.0,0.0343526739430227,0.09355770475435066,0.0005508247105411574,3.542797327861267e-05,1.3286969621550999e-06,0.6693132205496299,0.05405378254159921,0.010920330945811652,1.986243430346916e-05,0.0003440872747244718,0.06446962026298203,0.04419553105328669,0.0026682061180211946,3.646356642201962e-05,5.3115245597391906e-05,0.0099198206776427,0.0015164029576232507,0.006784523500593758,0.00015035048494919104,0.00010311182552481554,2.6459605056220456e-07,0.005373733392902521,0.0005269558960224834,0.00025556322838055285,2.2849364665866835e-07,0.00025734756190354203,0.00025860823016167093,0.0002641824102408437,1.6487757683192988e-05,2.389161408017242e-07,0.3622065029862513,-0.8453386906546381,-0.0648630960953422,-0.01644993255521734,-0.0031856931265769267,1.5987872321864232,0.6425456866119447,-0.2888077662144664,0.012317064178528844,-0.051265508942889865,-0.4961963047644621,0.5810053692168448,0.14275806584122439,-0.01668862436040368,0.020141905981187234,-0.19463811068586181,-0.10762131117861418,0.22764108296636787,0.03388780068475683,0.028063717850983202,0.0010052351088888356,-0.2025951411526578,-0.06344218054495475,0.04418146885422097,-0.0013210766968828136,-0.031349888366168234,0.044443897622383016,-0.04492032776948587,-0.011222038788894903,0.001350870485058712
re300_e2,phase1_re_estarmap,300,2.0,4,2,B2_temporal,1.866738868650171,1.0000000000000004,0,1,4.2553730676606334e-16,0.43991396619250767,-0.8691457803270821,-0.5285442835859441,0.19743662538617443,0.0705968947702166,-0.018546294461632654,0.0,0.0,0.05183486048885862,0.46862834343448573,0.0009077310857895817,0.0005634049814382455,8.016240678029086e-05,0.2023353132424485,0.12522776055085494,0.007736584542346458,1.4672619548724345e-05,9.419618315046513e-05,0.07482542534548015,0.03624524827664658,0.00173598518272997,0.0007096755833671121,5.3645494937921734e-05,0.010440994640045097,0.006463923608143718,0.006026719847588612,8.685860559931246e-08,1.93054428440541e-05,0.0013349273524263423,0.00332826592433551,0.00014684357121683007,0.0005697971827897556,1.3551009126388633e-05,9.212992883849503e-05,9.130020062807956e-05,0.0004547743136195872,2.39413133883489e-06,2.1976569589912018e-05,0.43991396619250767,1.87062208223927,-0.08232853454605966,-0.0648607732806787,-0.02446567232195469,-0.8691457803270821,0.9669902337754968,0.24035126856995143,0.01046708158304311,0.026520910720822813,-0.5285442835859441,-0.5202323087309815,0.11385308104751146,0.07279502718189954,0.020014208006173463,0.19743662538617443,-0.2196948560463566,-0.21213497769070613,-0.0008053380287779585,-0.01200636839906224,0.0705968947702166,0.15764521389704142,-0.03311305494827417,-0.06522767965705979,-0.010059064657444619,-0.018546294461632654,0.026110046589617176,0.05827331765730818,0.004228105025590808,-0.012810076760595014
re500_e0.1,phase1_re_estarmap,500,0.1,0,1,B1_Mode2,0.12195393413448256,0.9999999999999999,1,0,1.03826224696505e-16,-0.0028279046914462297,-0.4538797172946144,0.13072793432772914,0.09977317378506108,-0.04459673794206821,0.01278736788941818,0.0,0.0,3.278715443113542e-05,0.02512708784239173,8.177359358701073e-05,2.2471312516362153e-07,5.539317459017288e-07,0.8446090699471356,0.0002980776481894779,0.0004436433019163864,3.067055668261414e-05,2.0171656578898466e-05,0.0700665908602407,0.0017648042139888204,0.001249655170586805,2.717200377470535e-06,6.169627103045727e-05,0.04081330494909103,0.005376001728896569,7.764027488888621e-06,2.973926203048187e-05,2.184077462791024e-07,0.0081541815325134,0.0009575868079379327,4.945381556531885e-05,3.753433720500054e-06,4.824612600139202e-06,0.0006704038647863869,1.4757518422325593e-05,0.00012338983136084335,1.0382099716151682e-06,4.057935859962333e-06,-0.0028279046914462297,0.11071309255408592,0.006315888360713876,0.0003310869956090576,0.0005198236456903374,-0.4538797172946144,-0.012058481143869,0.014711090513094582,0.0038680201910225023,0.0031368856388503457,0.13072793432772914,-0.029341084974693753,-0.02469010849425808,-0.0011513006138524078,-0.005486019676811804,0.09977317378506108,0.051210333361645544,0.001946128153024086,0.0038088423453188527,-0.00032640884733219126,-0.04459673794206821,-0.021613095891455443,0.004911654452891304,0.001353138586735312,0.0015341192747133723,0.01278736788941818,-0.002683085857489252,-0.007758318211222121,-0.0007116566320807227,-0.00140695592338609
re500_e0.1,phase1_re_estarmap,500,0.1,1,1,B1_Mode2,0.12300899190516329,0.9999999999999997,1,0,1.0683407588762558e-16,-0.005251058452485856,0.4672076724449478,0.08896702177961385,-0.12949253313955436,-0.03523656357975137,-0.004976050443011423,0.0,0.0,0.00011207967175554811,5.4492510427482195e-06,8.324162125713415e-06,8.190693328432808e-08,9.169554601760881e-07,0.8872644422601078,0.005223333079906449,3.535679146054319e-05,5.973498192742123e-05,3.4383699431534327e-06,0.032172977120390696,0.0011016608269919,2.978892305936131e-05,1.5168845422586537e-05,2.5398881096576067e-06,0.06815890399226471,0.0005181445712298528,9.003782881114731e-05,2.843529467317164e-06,5.6237881064561434e-06,0.005046848176217531,1.3475357484287461e-05,7.35530233482186e-06,3.588782352834928e-07,3.7990868058020597e-07,0.00010064743084182137,1.956041140334718e-05,4.5388275977393574e-07,3.841630789572076e-09,7.006589484576129e-08,-0.005251058452485856,-0.0016374454218771608,0.002023805120597483,-0.0002007514811237881,0.000671695665545627,0.4672076724449478,0.050695835590083095,-0.004170948704821245,0.0054214167551905595,-0.0013006927700334424,0.08896702177961385,0.02328211225380396,-0.0038284750987684414,0.0027319622133533403,-0.001117907108700706,-0.12949253313955436,0.015967021183441486,0.006655963508129803,0.0011828435115894416,0.0016634620592768776,-0.03523656357975137,0.0025749486516852315,0.0019023862124859198,0.00042021542065434224,0.0004323525589802462,-0.004976050443011423,-0.0031023258938905804,0.0004725744839617359,-4.3476666417612915e-05,-0.00018567428569309506
re500_e0.1,phase1_re_estarmap,500,0.1,2,1,B1_Mode2,0.12145940457397503,1.0,1,0,9.567040097153895e-17,0.023405590310311038,0.4633013752708608,-0.04809428878685995,-0.14330958114660938,0.021915637942166916,0.005289280514612736,0.0,0.0,0.0022551636067031527,0.010329145951321143,6.939927264854554e-07,0.00012097442087615328,1.1200294316206054e-06,0.8836210134602595,0.003317705059588158,6.367795008671909e-05,4.417348825798037e-05,2.3387525904582996e-06,0.009521949420166596,0.002333267012781407,6.820339057244035e-06,3.096244309275008e-05,1.1769213044412028e-06,0.0845452689334902,0.00125173358850219,0.000156174304154945,7.1053413370298315e-06,7.82534263191772e-06,0.0019771840150904973,0.000109953697334017,2.9390116718219882e-05,7.545291124503508e-07,3.5791399178833296e-06,0.00011516806154447612,0.00014498432202490516,1.1645898902541616e-07,1.5290287010441185e-12,5.79299379489229e-07,0.023405590310311038,0.07083987343312101,-0.0005806614963559851,0.0076664153626839265,-0.0007376668838167169,0.4633013752708608,0.040148050069194745,-0.005562116827979867,0.004632617222162769,-0.001065952151051644,-0.04809428878685995,-0.03366881180466736,0.0018203234008115003,-0.003878494502871448,0.0007561697186950942,-0.14330958114660938,0.024660479828642515,0.00871064589853462,0.0018579671989467361,0.0019498322560262142,0.021915637942166916,0.00730887422491228,-0.003778733161764464,0.00060545737003343,-0.0013186663009466118,0.005289280514612736,-0.008392784859796285,0.00023786584003857418,-8.618930690180473e-07,0.0005305143078290535
re500_e0.1,phase1_re_estarmap,500,0.1,3,2,B2_temporal,0.12600744215471915,0.9999999999999996,0,1,1.118311616616748e-16,-0.029092856383180033,0.06480404642398431,0.012271536873158307,0.0026609264994869966,0.0007548242911778295,0.0007988749915508847,0.0,0.0,0.0033585091406469775,0.96336277257024,0.005523687654017588,0.00014027919980480138,2.937699710148545e-05,0.01666395397410515,0.006743857088991321,1.006781040918439e-07,0.0011056837612146066,8.759841816373702e-05,0.0005975465204840052,0.001909730727673944,6.634673660548116e-05,0.0003041194531496566,1.509500880661228e-06,2.8095681154206113e-05,2.47802609489116e-05,1.161815345069308e-05,1.429516826242341e-06,2.498693883778022e-06,2.2608176977853784e-06,1.476812267291702e-05,1.4855116916705138e-06,1.1475648442033385e-05,5.293579424256831e-09,2.5323950760852916e-06,1.2700249727175132e-07,2.675840113676316e-08,7.881225669193608e-07,3.0355999275108393e-06,-0.029092856383180033,0.6968238768545589,-0.05276459997173702,-0.00840862013767153,-0.0038479710305275323,0.06480404642398431,0.058301841550358134,0.00022526597947848066,0.02360714998322854,-0.006644712968853355,0.012271536873158307,-0.03102516940797998,0.005782796062449221,0.012380842362437246,-0.0008722576337353942,0.0026609264994869966,0.003534117880376276,0.00241989569930843,0.0008488339267299099,-0.0011222370962011721,0.0007548242911778295,-0.0027282913066176695,0.0008652988583335384,0.0024050090288790307,5.165386347964513e-05,0.0007988749915508847,0.0002530079827078591,-0.00011613367613906753,0.0006302675900343287,-0.0012369449175621229
re500_e0.1,phase1_re_estarmap,500,0.1,4,1,B1_Mode2,0.1163320526470131,0.9999999999999999,1,0,1.0343034896156375e-16,0.029060837687852198,-0.38917240507998063,-0.05510178121102723,0.06656812380268626,0.014370292937321442,-0.005173835197909216,0.0,0.0,0.0036298348903129,0.29408067827440854,0.0010432852549358636,0.0002492584923197956,0.00022371981660011234,0.6509605797780327,0.005254118103566146,8.289557202903136e-05,0.00041951988539661196,6.0840753585636025e-05,0.013049740907781835,0.007089222461599513,0.001185907647393168,7.907570798004512e-06,3.343796524585976e-05,0.01904597660653218,0.0021463170167295136,0.00017991051136640165,6.342652508558303e-05,4.624084753305978e-05,0.0008875684491316877,0.00013287670592009523,5.6346429432054595e-06,5.089882071253825e-08,3.49872104049709e-06,0.00011505242985932817,4.118377241068496e-07,1.8529425380620875e-06,2.039102150699359e-07,3.058055474672162e-08,0.029060837687852198,0.3699243649585024,0.022033385141920554,-0.010769726468441354,-0.010203094723250272,-0.38917240507998063,-0.04944582262790989,0.006210768728421803,0.013971916031014152,0.005320800597356816,-0.05510178121102723,-0.05743531320117206,-0.023491195871733515,0.001918232459722694,0.003944569499142005,0.06656812380268626,0.0316028773492135,-0.009149723291996821,-0.005432692833383144,-0.004638660457355514,0.014370292937321442,0.007863286831512176,0.0016192462190983783,0.0001538982038985755,-0.0012759520371555036,-0.005173835197909216,-0.00043776673150354445,0.0009285614872257601,0.0003080343738921327,0.000119289541951849
re500_e0.25,phase1_re_estarmap,500,0.25,0,3,B3_mixed,0.23977908637841713,0.9999999999999998,1,0,1.382449308026176e-16,0.05475146398711037,-0.49924422902384524,-0.003191334225123882,0.10916174843130974,-0.019882123429423373,0.00798829550998847,0.0,0.0,0.0062510097398587655,0.39021737530339295,0.0014441410662977203,0.0010673403044994887,2.6232747465621003e-05,0.5197384058346477,0.006748409740658906,0.002332247640980588,0.0009081859739813773,6.112976577164369e-05,2.123749466701567e-05,0.03148163296495859,0.007875747833873825,0.0001073671073007615,7.412016662283306e-05,0.02484847094165331,0.0035001964496625118,0.0002779422127137182,0.00010941385261271213,8.674517740151287e-05,0.000824297977845676,0.0001286117193673246,0.0009304286556736105,9.76750537978708e-05,2.733453660255683e-06,0.00013306595274575582,0.0005013440993761708,0.00017624418579821263,2.8160804427521327e-05,8.577828602498302e-08,0.05475146398711037,0.6117710870553837,0.037216922252030486,-0.03199536735640014,-0.005016000087919593,-0.49924422902384524,0.08045191165217651,0.047295843731243195,0.02951365806557686,0.007657059327771037,-0.003191334225123882,-0.17376578708178925,-0.08691236091956225,0.010147785353597123,-0.008431480495153614,0.10916174843130974,0.05794044897461726,-0.01632724469474149,-0.010244052638798554,-0.009121333101047999,-0.019882123429423373,0.011106466687016977,0.0298728862346923,0.009678932825805994,0.0016191664785485745,0.00798829550998847,-0.02192823112881006,-0.013001487584150274,0.0051970653093115346,0.00028682983843510406
re500_e0.25,phase1_re_estarmap,500,0.25,1,1,B1_Mode2,0.2673907959861444,1.0000000000000004,1,0,1.4278105369008324e-16,0.0029170629863896247,0.6980669344727515,0.0698198181385857,-0.18722151131252743,-0.02047361911830696,0.006323294823483054,0.0,0.0,1.5911648034073106e-05,1.2867839562591063e-06,3.12998008060037e-05,1.3407311207181482e-06,3.0161373678472493e-06,0.9112083368595743,0.008353439501721741,5.926140405585388e-05,7.699912491721703e-05,4.890322216154321e-06,0.009115510103716851,0.0022229020232683505,9.600081169132689e-06,3.022788208462484e-05,1.1926434099400148e-06,0.06554431720223299,0.0020891624647327,0.00019446324117823672,1.4491886273169055e-05,9.856680583779356e-06,0.0007838135906204204,3.43469097983127e-06,5.956400606336598e-06,1.2194314011734527e-07,4.543595020362477e-07,7.476707879421448e-05,0.00013832547594374648,5.135300093651335e-06,4.3502895199679605e-07,4.96089478269453e-08,0.0029170629863896247,0.0011731567437070333,0.005785941116784751,-0.0011974959900930293,0.0017960928390172157,0.6980669344727515,0.09452264993296533,-0.007961395355526894,0.009074989212522784,-0.0022870305201341144,0.0698198181385857,0.048759964782634335,-0.0032043553768868927,0.005686002972768533,-0.0011294279449553036,-0.18722151131252743,0.04727040572659609,0.01442188348984893,0.003937002416013155,0.0032468973910968835,-0.02047361911830696,-0.001916668729920237,0.002524033834433046,0.0003611452522242367,0.0006971127567713576,0.006323294823483054,-0.01216338096382098,0.0023436142853884064,-0.000682122387116686,0.00023034735550886632
re500_e0.25,phase1_re_estarmap,500,0.25,10,2,B2_temporal,0.29341223937962946,1.0000000000000002,0,1,1.6629761142730672e-16,-0.05822422699129839,0.08601568852211705,0.033262288208071984,-0.012936570247571689,-0.000468342858114831,0.00034860940262176383,0.0,0.0,0.005776958411656495,0.9235264153064227,0.0376736122489713,0.0008036072857396781,5.387906509812156e-07,0.012608026658289981,0.0021814449795241465,0.0005481878218185407,0.003229933409881094,0.00011900010070632157,0.0018853675279124303,0.008979590097527277,0.0013079112736207991,0.00044838244136503034,9.02620028442147e-05,0.0002851872337094739,0.00010494438473086643,0.00012303349050592674,0.00024308984916505036,7.989211169918041e-06,3.737830317012962e-07,1.9602772179579406e-05,1.4585804641135892e-05,1.7229165118044075e-05,1.7487237053364034e-06,2.0709517069440335e-07,1.4297643531393507e-07,2.516263308666284e-06,1.539750063299187e-08,9.549269691057679e-08,-0.05822422699129839,1.0411031719119852,-0.21027504783488227,-0.030710793756636427,0.000795205058990967,0.08601568852211705,-0.05059891921871967,-0.025364937721226076,0.06156953775497407,-0.011817967005309033,0.033262288208071984,-0.10265907927166741,0.03917944234942309,0.02293999967039398,-0.010292516968246693,-0.012936570247571689,0.011098101988033975,0.012016577211175628,-0.016890889498658593,0.0030621119118950583,-0.000468342858114831,-0.004796537619266253,-0.0041374647323739085,0.004496775698176065,0.0014326157034445734,0.00034860940262176383,0.0004096390414205093,0.0017184905612363081,0.00013442938877455938,0.0003347759014321823
re500_e0.25,phase1_re_estarmap,500,0.25,11,1,B1_Mode2,0.26680399830556467,1.0,1,0,1.3541468421434373e-16,0.07558139713991616,0.681585904176835,-0.07669259525314805,-0.22121880737856964,0.0189130665406457,0.012531254462504896,0.0,0.0,0.010705513466629672,0.00022072364713951714,6.886053490656151e-05,1.959836383029506e-06,3.052995832413942e-06,0.8706004177652993,0.007156424246578156,0.00024372876905825165,5.5121590572197065e-05,1.4144041216283308e-05,0.011022612487101758,0.0013871047568194894,5.9347720562240015e-05,1.575900791619359e-05,4.129898343240641e-06,0.09171107076504409,0.0038247364399350415,0.00042915746448908234,2.445885762414142e-05,2.629410831280231e-05,0.000670349935238267,0.0007265215832062581,1.4131827000485862e-06,3.6772580913382758e-06,2.0689696486012432e-07,0.0002942840800762723,0.00070266998101736,2.430847900121405e-05,1.5991630963227542e-07,1.790287631204405e-06,0.07558139713991616,0.015347957724389233,0.008572576284532092,0.0014462256850394939,0.0018050501321550771,0.681585904176835,0.08739250774655549,-0.016127964544459434,0.007669852868895073,-0.003885195875990341,-0.07669259525314805,0.03847519175718857,0.007958444354602728,0.004101007837773293,0.002099403144298046,-0.22121880737856964,0.06388912191100017,0.021401021230620335,0.005109098162340385,0.005297309970064143,0.0189130665406457,-0.02784520520698087,0.0012280762105166215,-0.0019810170736977925,0.0004698975950649975,0.012531254462504896,-0.02738431378908202,0.005093367997799008,-0.00041311650077992176,0.0013822530855416217
re500_e0.25,phase1_re_estarmap,500,0.25,12,1,B1_Mode2,0.23806584483358595,0.9999999999999998,1,0,1.4381800399564747e-16,-0.01651658190296477,0.5997813558941508,-0.04586240673964215,-0.06931796907426577,-0.000590401982548186,-0.00888006478829899,0.0,0.0,0.0005729454343776942,0.21245732826950775,0.002043363086129329,1.1816404414634646e-05,1.676696007106902e-05,0.7555423902359697,0.004967104202716077,0.0016890911965110212,0.0002499236742460826,9.47354140331605e-05,0.004417602099584414,6.094979682898955e-05,0.00449469755314742,8.823121451541462e-05,0.00012299668291531542,0.010091705595020714,0.002647901085110894,4.297716288846018e-05,2.39366344407635e-06,1.8272255876532802e-05,7.320968306908766e-07,0.00014442266534454268,3.7592307736122584e-05,6.1139110372030695e-06,2.566834465372335e-07,0.0001656171020658373,1.3982549506727585e-10,7.723681438447655e-06,4.2498706764670045e-06,9.955428995592223e-08,-0.01651658190296477,0.4497947680690244,-0.044111447920064564,0.0033544491648348535,-0.003995818071239004,0.5997813558941508,-0.06877493317760645,-0.040105606725163445,0.01542702701797175,-0.009498055880539745,-0.04586240673964215,0.0076184158128915005,0.06542274742813824,-0.0091662072034851,0.010822441356729683,-0.06931796907426577,0.05021453211422741,0.006397310244654986,-0.0015097675451026325,0.004171330738391401,-0.000590401982548186,-0.011727250971709749,-0.005983124434756199,0.0024128931980584092,0.0004943988736018038,-0.00888006478829899,-1.153909435137185e-05,0.0027120064504860806,0.0020117147442185743,0.0003078991792464826
re500_e0.25,phase1_re_estarmap,500,0.25,13,1,B1_Mode2,0.2557005511413488,0.9999999999999998,1,0,1.6391865358675449e-16,-0.015560481877981315,0.6732396983993559,0.1210086936665656,-0.1313148195734858,-0.02315170362558315,-0.003765535585904312,0.0,0.0,0.00047346123266887,0.02784098218893791,0.0002281905252636665,0.0002816438780122565,5.7880687337949545e-06,0.8862939275604114,0.0036785736713407634,0.00035162672046797983,1.4321523412554156e-05,2.280800079197873e-05,0.02863330539869299,0.014808126238447527,9.150115603806237e-07,7.834987680707613e-05,1.0009028185869462e-07,0.03371831183516895,4.8694076684538803e-05,0.0005060813933666825,2.5025422035615313e-08,3.368810588820704e-05,0.0010481036868601498,0.0018056557173980763,2.007104708551008e-06,2.8259684333856087e-06,1.2582873986131513e-07,2.772629582811022e-05,6.818468769877895e-05,2.337248614155266e-05,8.271871985951122e-07,2.250614631079801e-06,-0.015560481877981315,0.16874779394146638,0.015277230518016464,0.016972506571902784,0.002433115176291808,0.6732396983993559,0.061338839740441395,-0.0189642976373698,0.0038272817663578566,-0.004829914439383489,0.1210086936665656,-0.12306820938880522,0.0009674067609646544,-0.008951895147157645,0.0003199571235972793,-0.1313148195734858,0.0070572238863608906,0.022751289300278567,-0.00015998767711360387,0.0058699462493357335,-0.02315170362558315,0.04297474430919703,-0.0014327843943523241,0.001700119626290755,-0.0003587449128947179,-0.003765535585904312,0.008351014842276005,-0.00488931798431583,0.000919809159723556,-0.0015172124459994238
re500_e0.25,phase1_re_estarmap,500,0.25,14,2,B2_temporal,0.24976408865988156,0.9999999999999997,0,1,1.971406276746359e-16,0.024047622240089304,0.09745427227356065,0.04227923165335401,-0.020748299614190033,-0.0017934643454468342,-0.0024340607062109695,0.0,0.0,0.0011576686995013253,0.9460569660922911,0.002275899331521047,0.001319112422956972,2.150788879135378e-05,0.019012611531400683,0.01305934965307982,2.4727136838270936e-06,0.0011656048089482766,8.979989996175736e-05,0.0035784436401346733,0.011176872481206551,2.2594784003529226e-05,2.9613637377396056e-07,8.792645672854829e-06,0.0008617971045998218,6.466216832133554e-10,5.22051927782775e-06,6.306143902607515e-05,1.364443652554695e-06,6.439104948288138e-06,9.216928838442112e-05,1.296478903215642e-07,1.4878475275398432e-06,6.049120190949442e-08,1.1860495144256285e-05,7.841382912575445e-07,6.405453438960957e-06,8.946533509236459e-07,3.3199711627767813e-07,0.024047622240089304,0.9721955687131546,-0.04768387242743559,0.03630244686848402,-0.004635471170429413,0.09745427227356065,-0.11422358013286436,0.0015717443554953746,0.03412484273045323,-0.009471808734491393,0.04227923165335401,-0.10567083550982766,-0.00475115381148973,0.0005439273168896569,-0.0029638401666688017,-0.020748299614190033,-2.5416756316690166e-05,0.002283767273395423,-0.00793737559850316,0.0011675427622285764,-0.0017934643454468342,-0.009595952962736895,0.0003598965805497005,0.001219197903182001,-0.0002458335202275374,-0.0024340607062109695,0.0008850979283655734,-0.002529705311403198,-0.0009454147848641963,-0.0005759199846673251
re500_e0.25,phase1_re_estarmap,500,0.25,2,1,B1_Mode2,0.257142822540791,1.0000000000000004,1,0,1.4745048250380734e-16,0.03876983075942641,0.6765485545258546,-0.05670714030086178,-0.1617276585609945,0.041874566402434706,-0.0049998146005099395,0.0,0.0,0.0029226944043443536,0.02319387082989846,1.3904744887889938e-07,0.00022248051072854593,1.6227032366893485e-06,0.8900072382117815,0.0007838934355133003,0.0005858379871408796,1.7453815178352653e-05,2.606797776129476e-05,0.0062527503768679184,0.013571329948935076,4.1588599738265495e-05,9.746903701966522e-05,4.796101376170653e-06,0.050858575956310166,0.0059996759096285395,0.00038610398593476607,2.6436059271169504e-05,1.5939981305186392e-05,0.0034095435642847,0.000608886005782336,0.00032530744733473983,7.2335195285271535e-06,2.0502614666648148e-05,4.8607512728664367e-05,0.0005494564610747511,1.0062076683439358e-05,8.411875390157228e-07,3.5947309580506665e-06,0.03876983075942641,0.15445565591258364,0.0003781801341784972,0.01512736150014999,-0.0012919233575230016,0.6765485545258546,0.028395251052180367,-0.024547426224761033,0.004237038257588383,-0.005178105205369974,-0.05670714030086178,-0.11814855206394254,0.006540400575566237,-0.010012684612943636,0.002221065550640317,-0.1617276585609945,0.07855631350138245,0.01992825820161066,0.00521453464763412,0.004049124243123726,0.041874566402434706,0.025025640142258762,-0.018292126743623304,0.002727671262061764,-0.004592210885770872,-0.0049998146005099395,-0.023772991840661183,0.0032170737007420134,0.0009301727539949657,0.0019228720860503543
re500_e0.25,phase1_re_estarmap,500,0.25,3,2,B2_temporal,0.26804920033606133,1.0,0,1,1.566565755776876e-16,-0.03252361916490347,0.09309902195170763,-0.00025268453483202197,0.007778623201480916,-0.0014868607236897917,0.0012603577554483345,0.0,0.0,0.001973118745098844,0.9724160677849549,0.0008970892508798383,0.0006030471687809197,2.8313093975060204e-06,0.01616760631536659,0.0005005946043662352,0.0012783699918763874,0.0025891566092945857,3.759854113524597e-05,1.191002884232173e-07,0.002842682681858429,0.00011813984311138115,0.00035381991202374137,3.360929146960419e-05,0.00011286543447016033,2.4824429077038256e-06,6.120056829886317e-06,9.32231288567672e-06,1.7941291299545944e-05,4.123785500720841e-06,1.908441534804692e-05,5.584890055631004e-07,1.8582861061113313e-06,1.879520269920725e-06,2.9630785499960663e-06,4.113117370607755e-07,2.9478131760537386e-06,2.2470379015450207e-07,3.3659082205145454e-06,-0.03252361916490347,1.0210883396919082,-0.03101380701096961,-0.025428040534547787,-0.0017423320233588826,0.09309902195170763,0.023167562098150622,-0.03702248257781117,0.05268857024692326,-0.006349254723227031,-0.00025268453483202197,-0.0552079276800469,0.011254739530319385,0.01947728363822219,-0.006002980493817721,0.007778623201480916,0.0016314617204089559,0.002561621626440781,-0.003161542986763397,-0.004385954302470387,-0.0014868607236897917,-0.004523521757624355,0.0007738282272899358,0.0014115411502875225,0.001419582904049874,0.0012603577554483345,0.0006640836760769751,-0.0017778177235940808,0.000490842831315265,-0.0018997147227028579
re500_e0.25,phase1_re_estarmap,500,0.25,4,3,B3_mixed,0.25005488146467353,0.9999999999999998,0,1,1.61596622043128e-16,0.036296886415040155,-0.414240196582639,-0.056818611703037925,0.06979515110791766,0.01991089549864329,-0.0005616394918172911,0.0,0.0,0.0026343496189904433,0.5792875734784454,0.022935433163528304,0.0007365858199341237,0.00031312295853018636,0.34311455841158106,0.005690052401769816,0.0011354287064449557,0.0005219455045192966,0.00017008132895196478,0.006455292168164858,0.016855978266141623,0.008685553960926934,2.297955430211497e-05,2.815278468060695e-06,0.009740587925425604,0.0007203473333970689,7.0538441225889495e-06,1.895343697594716e-05,4.452397292822292e-05,0.0007927134980044396,9.16940325579019e-05,3.434500543588603e-06,1.8386357152655284e-06,8.179978418701387e-07,6.307393739348946e-07,8.348813196638742e-06,4.542463168279173e-06,2.364117068343812e-06,3.980689811427053e-07,0.036296886415040155,0.7611929729578722,0.15146111079807928,-0.02714309340456144,-0.017697222864521273,-0.414240196582639,-0.07544071523659707,-0.03369982140021997,0.022848634205447985,0.013042954657659084,-0.056818611703037925,-0.1298448250383689,-0.09320654839987606,-0.004794225579643239,0.001678063316589651,0.06979515110791766,0.026842232922467367,-0.002656198905160729,0.004354032354665559,-0.0066733610041427,0.01991089549864329,0.009576751107193728,0.001853443957952228,0.001356111847654812,-0.0009045315989774957,-0.0005616394918172911,-0.0028897484279820644,0.002131539433462768,0.001537737316050207,0.0006309963292901236
re500_e0.25,phase1_re_estarmap,500,0.25,5,2,B2_temporal,0.24528839951515707,0.9999999999999999,0,1,1.6001506806177318e-16,0.0067487876262485496,-0.0014292032334212237,0.031400723801636075,0.007985030750237253,-0.005378359005955678,0.003198141426398081,0.0,0.0,9.284200662206836e-05,0.962930306408405,0.01569054716819503,0.0005885030888942338,5.532729388868068e-09,4.163714807669617e-06,0.0020680190521082317,0.0007292032259145891,0.001993806350024087,4.0262879798772696e-05,0.0020098901073503607,0.012343007537463887,0.0008398674366544823,0.0003161100310998459,7.448916089076357e-05,0.00012997091629336213,1.2154176535011011e-06,8.493745707885562e-06,4.71436739245376e-05,3.727449652930889e-06,5.8964764852561e-05,3.230102927498719e-06,7.971137027873998e-07,2.8947452234894608e-06,1.0114486555943166e-06,2.084914860111745e-05,9.467019169834208e-08,3.3346472046722914e-07,9.808938160780946e-08,1.5154755257512237e-07,0.0067487876262485496,0.971999246303324,-0.1240759316290414,-0.024029397061482237,7.367806557574436e-05,-0.0014292032334212237,-0.04504491462789026,-0.026748090937925205,0.044229292037769055,-0.006285226279367229,0.031400723801636075,-0.11004720012918161,0.028706078752896606,0.017611146879084022,-0.008548994573895208,0.007985030750237253,-0.001092021704857102,0.002886809512646087,-0.0068011164742898715,0.0019123808821892626,-0.005378359005955678,-0.001780232318946473,0.0008843590772719459,0.001685286234292413,0.0009961859704342101,0.003198141426398081,-0.00030477204467260077,-0.0005719965999135865,-0.0003102269325768546,-0.0003856052728975105
re500_e0.25,phase1_re_estarmap,500,0.25,6,1,B1_Mode2,0.2642531223259777,1.0,1,0,1.4329629258434982e-16,-0.09170373426227407,0.6771694148673519,0.17823541846057012,-0.1324871969469987,-0.08069177616001486,-0.026181556942227697,0.0,0.0,0.015911968804046682,0.00024730327642617756,0.00010112894776372596,9.343468663392508e-08,3.993713675065292e-06,0.8676499494036682,0.0010970319157655583,0.00018794948076866557,1.3514990879678066e-06,1.0407512409420171e-05,0.06010877773967472,0.0019317977759372468,2.0191736179284163e-05,9.895036042946965e-06,1.8327898079201836e-06,0.03321220426909458,0.005187939945548134,0.00017922558495422135,3.396649103494531e-05,6.45736145385748e-06,0.012319935300188985,0.00027605760364389774,6.39861441193072e-05,2.54870852793943e-06,2.0418372246285234e-06,0.0012970025063195345,0.00010102099965165757,3.206046838739968e-05,8.488344352837456e-08,1.7948304669706986e-06,-0.09170373426227407,-0.016167951380068133,-0.010338982581299823,-0.00031426363249070994,-0.0020546058583698805,0.6771694148673519,0.03405255403239515,-0.01409485539232896,0.0011952202371382508,-0.0033167560355477697,0.17823541846057012,0.04518776799063202,-0.004619839534251486,0.0032340650394677116,-0.001391862679017061,-0.1324871969469987,0.07405212566971342,0.0137638541731381,0.005991911651699024,0.002612568028717533,-0.08069177616001486,0.017082047149534176,0.008223998630624138,0.0016413460164229122,0.0014690974942317423,-0.026181556942227697,-0.0103334630358737,0.005821367150284775,0.0002995377437729929,0.0013773736674451123
re500_e0.25,phase1_re_estarmap,500,0.25,7,1,B1_Mode2,0.25074650259701725,1.0000000000000002,1,0,1.628405013145171e-16,-0.061240787170881036,0.682793394591467,0.07222621885164451,-0.1472072299641997,-0.009265696157387468,-0.006332342127395565,0.0,0.0,0.007478537037337246,0.002783741058059384,0.00018694912890164256,2.123905712496082e-05,1.056870665313913e-05,0.9296377314721609,0.0005303816897397823,0.00048378011188992994,2.9860411978930604e-06,2.4474555042364283e-05,0.010402192324870545,0.0006529546365090844,0.0002873595842616538,2.7931535687620183e-06,1.0824590669289715e-05,0.04321090888465804,0.003411092625936485,0.00010684729172081981,2.3060197480047315e-05,6.419325690466083e-06,0.00017119506033350782,0.0001569666591151781,7.652583529756278e-06,1.5058776120246224e-08,3.418646181772484e-07,7.995835715170923e-05,0.00028253771005709875,2.4191346823134027e-05,2.0942331654438534e-07,2.090462806664908e-06,-0.061240787170881036,-0.0528398839682341,0.013693332718611029,-0.004615460667167335,0.003255804803883958,0.682793394591467,0.02306437545165676,-0.022027816149804196,0.0017305945648617908,-0.004954557126319582,0.07222621885164451,-0.025591099347949835,-0.016976973904832694,-0.0016737663977789176,-0.003294983005946284,-0.1472072299641997,0.05849169329017752,0.010352117601912916,0.0048092676645486955,0.002537418740307207,-0.009265696157387468,0.012547324941591196,-0.0027704574033310266,-0.00012289728142710434,-0.000585564197572255,-0.006332342127395565,-0.016833935089406473,0.004925807795280819,-0.0004583106552798994,0.0014480003281496455
re500_e0.25,phase1_re_estarmap,500,0.25,8,2,B2_temporal,0.25095904199586044,1.0,0,1,1.733232973434943e-16,-0.010228613234149175,0.13077244294156465,-0.030577411164954243,-0.02563469454368252,-0.002007660826825311,-0.0021264130244569063,0.0,0.0,0.0002084494104331523,0.9250540821931239,0.01998669310615628,0.00015279728018469208,2.35973256932689e-05,0.03407215714743378,0.0009362099385682141,0.004623706099887227,0.0021911024712178854,6.676009641110222e-05,0.0018628100946569816,0.008361395929473374,0.0005552345299038354,9.915009944745671e-05,7.36253913720629e-06,0.001309252615729115,6.269546153491803e-06,0.00015894959046832495,0.00014612927281371245,5.553156783055457e-06,8.030597270998861e-06,8.032303795609596e-05,5.7167735752908824e-05,1.1991280072103776e-05,3.039695409681051e-06,9.008705792426779e-06,5.477881214059168e-07,1.4592661919445523e-06,5.022417716084204e-07,2.6720798465302044e-07,-0.010228613234149175,0.9636403608432895,-0.1416452096554804,0.012384806668611891,0.0048670164370575395,0.13077244294156465,-0.030656180407225057,0.06812813965750467,0.04689891159042405,-0.008186342245198767,-0.030577411164954243,-0.0916158919011047,0.0236085684197656,0.00997649517037482,-0.002718599469234348,-0.02563469454368252,-0.002508704284230515,-0.012631680323625228,-0.012111558498043266,0.0023610293571477777,-0.002007660826825311,-0.008979486100141584,-0.007575423472683886,0.003469478438727767,-0.0017468131531137164,-0.0021264130244569063,0.0007415453652063129,-0.0012103157365701766,-0.0007100482064005316,0.0005179121927206062
re500_e0.25,phase1_re_estarmap,500,0.25,9,2,B2_temporal,0.2648087990449823,1.0,0,1,1.4758288677625552e-16,-0.03923803750632044,-0.011400248380786236,-0.008319547024180125,0.015140080516597144,-0.0022702933757994693,0.001271916650322861,0.0,0.0,0.002907047637578459,0.9530203401961449,0.00018367008309308415,0.00020582801194269623,1.8007936574229703e-05,0.0002453952882463364,0.02689526210140401,0.0016546938957724472,0.004008259066616531,5.541433634016911e-06,0.00013068837390820055,0.009473174005550108,0.000133295069557346,5.0306381254786844e-05,4.722037276810737e-05,0.0004328066870808684,0.00021428470323069638,9.362723551282692e-05,0.00018232838487753557,1.1785050100293043e-05,9.731987816846328e-06,3.811984852257075e-05,2.242056671559345e-05,9.88832081762272e-06,1.2689082019831554e-06,3.0546038711759738e-06,2.1233934162915987e-09,5.047303538276889e-08,5.675865944944978e-07,1.3336661835462802e-06,-0.03923803750632044,1.0047251798432875,-0.01394811157459987,-0.014765509629181332,-0.004367452372951526,-0.011400248380786236,-0.1687850948048769,-0.04186537965080765,0.06515895240692211,0.0024227425662760706,-0.008319547024180125,-0.10017144965615439,-0.011882374726980827,0.007299745859789672,-0.007072303783967116,0.015140080516597144,0.015065785730088047,0.009958577367084801,-0.013897073163976868,-0.0035331487167927418,-0.0022702933757994693,-0.006354359545080401,0.004873259010503835,0.003236364849819111,0.0011593412906741262,0.001271916650322861,-4.742544719739395e-05,-0.00023122027492299138,-0.0007753758429100544,0.0011885563350414576
re500_e0.5,phase1_re_estarmap,500,0.5,0,2,B2_temporal,0.4529077895961976,1.0000000000000002,0,1,2.1344566558544576e-16,0.05937212329286499,-0.4487155977092667,0.057224462276951035,0.06282804734014007,-0.0235570388471108,0.016670193277944573,0.0,0.0,0.0038915747369304633,0.6630713278485685,0.00033737122379592395,0.0023817431125406187,0.0002103926008805359,0.22228110473337162,0.022765239845527776,0.010227977019948363,0.0028283534800116494,6.454799951666859e-05,0.0036151278009656077,0.04920824337807299,0.007594988713821498,0.0006436404960299659,7.013850970571775e-06,0.004357800443324524,0.002018194650628075,0.0012214908791776482,0.0007236318644767768,9.280170159608535e-05,0.0006126347260874604,2.5643171133539185e-05,0.0009638260626628676,5.373818580846411e-05,1.938583125942109e-05,0.0003067902013473798,0.00030717609647498765,8.316405241191001e-05,8.384939132863583e-05,1.2259013295403154e-06,0.05937212329286499,1.096011258045301,0.02472230209691452,-0.06568744198054113,-0.019523160380655435,-0.4487155977092667,0.20308180083961505,0.13612245169913034,0.07158165471205005,0.010813748986165862,0.057224462276951035,-0.2985752617902211,-0.1173001202111057,0.03414731581553854,0.0035646193287019066,0.06282804734014007,0.060466720704560516,-0.04704137472907291,-0.03620709920562829,-0.012966204308223582,-0.0235570388471108,0.006815861488125548,0.04178632941983996,0.0098668014982407,-0.0059262109261109756,0.016670193277944573,-0.023590035766931344,-0.01227446897454069,0.012324940971159097,0.00149026207282497
re500_e0.5,phase1_re_estarmap,500,0.5,1,1,B1_Mode2,0.5161933571754659,1.0000000000000002,1,0,1.9872504103985017e-16,-0.00046771149027583647,0.9770062065547374,0.0970351392696297,-0.20338943803154477,-0.02746916810419686,0.011315856394325892,0.0,0.0,2.1189156649848592e-07,0.0022199424317368424,0.0001025733560315131,2.0020018594129283e-05,8.211815212493296e-06,0.9245964853844563,0.00741938864706645,0.000150613181697662,6.083432637680745e-05,8.825909330301044e-06,0.009120437256882193,0.008977034664777004,3.1938693352165414e-05,8.955119674725092e-05,2.719876474257284e-06,0.04006954267015674,0.005109568047461482,0.00036163312898891296,2.791802382621479e-05,1.5154793443055134e-05,0.0007308842566915634,0.00025118811292310246,0.00013819981639414297,1.2741445711087613e-07,8.242692676058383e-06,0.00012403162899816194,0.0003412378712674425,1.2947119837544486e-05,1.9882340048179115e-07,3.369491761095387e-07,-0.00046771149027583647,-0.0677028666032542,0.014553031987412255,-0.00642937029850322,0.004117710268118181,0.9770062065547374,0.12377138819482908,-0.01763468444802964,0.011207546593961094,-0.004268899515019937,0.0970351392696297,0.13614529975128448,-0.008120724436958071,0.013597901733435804,-0.002369795069915909,-0.20338943803154477,0.1027136813503563,0.027325637699322246,0.007592390518027497,0.005593855094537708,-0.02746916810419686,-0.02277381261821097,0.016892344678643714,-0.0005129151835099155,0.004125444560102681,0.011315856394325892,-0.026543904939925523,0.005170383836697295,0.0006407224627863079,0.0008341005368982568
re500_e0.5,phase1_re_estarmap,500,0.5,2,1,B1_Mode2,0.5035725659536491,1.0,1,0,2.1316743304312838e-16,0.035187812794916444,0.9654430358697008,-0.0077852916593670884,-0.16868743201424954,0.04602839873871695,-0.003054645315952301,0.0,0.0,0.0012293979587085495,0.018636221129400898,3.6206927606103e-06,0.00015760420205987883,5.925580599199201e-07,0.9254676669529859,8.452506454308428e-05,0.0015774761832243354,2.61152153148016e-07,6.410372205239425e-05,6.018076670502104e-05,0.013963894298083538,1.1525604910489311e-05,5.7235939654076306e-05,1.4538756774256977e-08,0.028253574205014596,0.005976796975756009,0.0002665147880101522,3.335377922182859e-05,8.987332680756897e-06,0.0021035831116396897,0.0012765431876636038,0.00026317346173871764,9.576157428360191e-06,1.9195707627285363e-05,9.264660782899145e-06,0.00045734424227076973,4.253276720609599e-06,1.656911892281224e-07,3.3526581969686216e-06,0.035187812794916444,0.19374921619260319,0.002700578859422794,0.017817424329725166,-0.0010925126685039223,0.9654430358697008,-0.013048295465593773,-0.05636927281124167,0.0007252835579690657,-0.011363252316322769,-0.0077852916593670884,-0.16771206375680262,-0.004818289505184627,-0.010737308600645028,-0.00017112941365631548,-0.16868743201424954,0.10972239496594055,0.023169767859248413,0.008196596412411125,0.0042547734036622155,0.04602839873871695,0.05070826869702461,-0.023024068747175903,0.0043919426991596506,-0.0062181771429151555,-0.003054645315952301,-0.0303516730085456,0.0029270008349218473,-0.0005777111295985814,0.0025986971281879104
re500_e0.5,phase1_re_estarmap,500,0.5,3,2,B2_temporal,0.5181453323708552,0.9999999999999998,0,1,2.1637275213127276e-16,-0.050832389932979,0.26996748595773656,0.022050590976296754,-0.002837643516012699,0.002585679461687404,0.0011495427477053596,0.0,0.0,0.0024934431566479994,0.9113864814788356,0.0007575596845057344,0.00032440830519289796,1.9352929558041638e-05,0.07033011678485612,0.001609105363615839,0.004619318128205595,0.0033437748083878943,3.932625442089543e-05,0.00046920094809995176,0.0022725969189496898,0.0009758921709274497,0.0006835995791971311,4.965868799484761e-05,7.77023377507302e-06,0.00011978769267962127,0.000407100260082543,1.3462809063803094e-05,6.083635150131528e-06,6.451605235929097e-06,3.541810428029905e-05,1.7565388253837553e-05,3.055245250303494e-07,2.2575920801132973e-06,1.2751717001439468e-06,8.471570354235855e-06,1.783611951773083e-07,3.227071635738864e-08,4.581511953474923e-09,-0.050832389932979,1.3743808080210602,-0.03962453858502249,-0.025929955581762185,-0.006333286703821716,0.26996748595773656,0.05774947388333351,-0.09784637196883297,0.08324809449988482,-0.009028115012075484,0.022050590976296754,-0.06863047387026171,0.04497350212128554,0.03764061270339123,-0.010145031768543835,-0.002837643516012699,0.015756577526534147,0.029047347525633448,-0.0052823069494339755,-0.0035508912441176896,0.002585679461687404,-0.008567782773684487,0.006033713262994116,-0.000795753998593279,0.0021631096123018037,0.0011495427477053596,0.0041902289373725735,-0.0006080033577447066,-0.000258618800962689,-9.744514423806473e-05
re500_e0.5,phase1_re_estarmap,500,0.5,4,2,B2_temporal,0.49011493656516375,0.9999999999999999,0,1,2.2210107123667038e-16,0.052507726820745955,-0.21969078803163974,-0.08418786083570744,0.026306861793328598,0.012283995679311786,0.0009627689060139958,0.0,0.0,0.0028126681826962804,0.8034764883663617,0.08200705433764766,0.0010504872387274574,0.00030396362076948874,0.04923747344266651,0.0017220739734956623,0.0008223994987871458,0.0022319253978953886,0.0010354507810998274,0.007230544698110933,0.033346302011645054,0.012915175874117644,0.00028018605123520095,4.740463363437877e-06,0.0007060088621898993,4.550902106420071e-05,5.8070595603229505e-06,0.00014681184765239579,0.00012478152328541578,0.00015393996243704363,0.0002802024626810768,1.7087024127447423e-05,6.245146305567955e-07,2.70735249704303e-05,9.456189734631216e-07,3.7802909810817327e-07,2.084885382092685e-06,4.84657053752164e-06,6.965154790767089e-06,0.052507726820745955,1.2550630711279491,0.40096325135649086,0.045381030678970785,-0.02441123599587333,-0.21969078803163974,-0.0581038441509801,-0.04015322045262544,0.0661483174331041,0.04505507269531772,-0.08418786083570744,-0.25568355985569513,-0.15912159632521414,-0.02343701079298162,0.0030485221997950665,0.026306861793328598,0.009445560009236813,-0.003374093435598849,-0.016965220823693214,-0.015640625098701916,0.012283995679311786,0.023437697175476828,0.005787782216466447,0.0011064970827604752,-0.0072853658723437695,0.0009627689060139958,0.0008608779412647844,0.0020217155752380142,0.0030824513696446278,0.0036952544694206692
re500_e1,phase1_re_estarmap,500,1.0,0,2,B2_temporal,0.9187824373230504,0.9999999999999999,0,1,2.9104982910267555e-16,0.09068871752200326,-0.7200890606547283,0.059934749519926694,0.07079930488650506,-0.041232821838654815,0.03212908444107422,0.0,0.0,0.004475729591516956,0.5175726434648773,0.0030151603990046477,0.0024507134264227927,0.00041076444054347175,0.2821822850605332,0.05072772700291446,0.029593800766422363,0.004291327868668661,6.549890423484646e-06,0.0019548557167039745,0.07018889569507962,0.007467737058175652,0.0024920937964103347,0.000233865123907289,0.002727817472772312,0.005767446073980343,0.008419518154069713,0.0016157358605178942,1.7876582642375505e-05,0.0009252166387353713,0.0002728930781193405,0.0017636863106729535,1.0454526232340335e-05,9.901608474265657e-05,0.0005617641484469958,0.0005084391811504396,5.786852690538418e-05,0.00018768063566372784,4.374237439472613e-07,0.09068871752200326,1.379183316103257,0.1052668308693186,-0.09490358170499273,-0.03885373360943168,-0.7200890606547283,0.4317765378322267,0.32978941400734074,0.1255833855018684,-0.004906291588353929,0.059934749519926694,-0.5078910302800734,-0.16566503138077499,0.09570145270169186,0.02931696904854908,0.07079930488650506,0.14558884793803292,-0.17590571805011732,-0.07705867198432341,-0.008105477202773125,-0.041232821838654815,0.03166887225292857,0.08050947788163565,-0.006198527274379752,-0.019076083421294184,0.03212908444107422,-0.04322707439038348,-0.014583358487594468,0.026263105061927413,-0.0012679073366880383
re500_e1,phase1_re_estarmap,500,1.0,1,1,B1_Mode2,1.009449367367447,1.0,1,0,3.2184823741696067e-16,0.19771476197086876,1.139298365699868,-0.5011842242014652,-0.2183379706080319,0.03230525112442134,-0.0037043738520209095,0.0,0.0,0.019362599237217525,0.023808268286924034,0.00044606345011157926,0.0002358201711948798,1.3286573467339238e-05,0.6429251471381172,0.077640357324228,0.0029475920638749706,0.00015164700175446632,0.0002000114285825333,0.12441714993764079,0.0554431395411886,0.004970129125360316,0.00018692678323927207,0.00012140618207156442,0.023612610473746045,0.002998059161659978,0.0068585150268228425,4.2378331139324945e-05,0.00024422400925341815,0.0005169299639731399,0.011940918273494019,5.1444984445801113e-05,0.00013207175552495162,3.323859516117236e-07,6.796965791024752e-06,4.694244127097646e-05,0.0006655136158500722,4.204039152653522e-06,9.51432695122729e-06,0.19771476197086876,-0.31005316550778783,-0.04243953192582946,-0.030857642335418593,-0.00732451313906575,1.139298365699868,0.5599071693883709,-0.10909527843377818,0.024745098099156215,-0.028418403195739027,-0.5011842242014652,0.4731470897499758,0.1416628914194468,0.02747312309038891,0.02214076725740441,-0.2183379706080319,-0.11002525026679728,0.1664130241886908,0.013081097745782614,0.03140266050109796,0.03230525112442134,-0.21957916473987166,-0.014412648195670646,0.023092834391799592,0.001158493484791833,-0.0037043738520209095,0.013767500520235431,-0.05183829852509735,0.004120079932736294,-0.006198138856735444
re500_e1,phase1_re_estarmap,500,1.0,2,1,B1_Mode2,1.000619877689258,1.0000000000000002,1,0,2.969462438268882e-16,0.04858435504671194,1.386816893993289,-0.026874200904763196,-0.18184651706385122,0.053707448342675074,0.03244446351473399,0.0,0.0,0.0011794886389604568,0.005370235139277997,3.7292968510313406e-05,5.169808214146053e-05,1.4917792715330628e-08,0.9610348246861736,0.0020109906046898076,0.0011750981293804988,9.040127290784929e-06,4.884740233584526e-05,0.00036088763094403606,0.0020621054098888666,0.0005602059514403146,2.9040045517059757e-08,2.2444447174157882e-05,0.016523835127390314,0.006745961991837247,4.673450386309948e-05,5.829077566702364e-05,1.3564333474327925e-06,0.0014413515420772444,0.00023334940603804468,6.877721858914813e-05,1.1824764768085898e-06,3.817941149382739e-06,0.0005259955534712067,0.00041554242915223586,6.220250356901407e-06,1.6991784363039123e-06,2.6819961011708834e-06,0.04858435504671194,0.14660919518538945,0.01221737870239916,0.01438473199321523,-0.00024435253157851946,1.386816893993289,-0.08971593332065297,-0.06858065460444632,-0.006015224372872732,-0.013982515045689236,-0.026874200904763196,-0.0908489661586824,-0.04735200990923202,-0.0003409284194277199,-0.009478050429536419,-0.18184651706385122,0.16431851585464824,0.013676764754774832,0.015274411126894441,0.0023300422057995706,0.053707448342675074,0.03056102446768755,-0.016591546287489996,-0.002175508646358029,-0.003909121541175276,0.03244446351473399,-0.040782349840734165,0.004989631710384745,-0.0026078586764674543,0.0032763751987320844
re500_e1,phase1_re_estarmap,500,1.0,3,1,B1_Mode2,0.9720101388731041,0.9999999999999998,1,0,2.9502408094816556e-16,0.01370230254095091,1.3656421640332033,0.10421667104992374,-0.14227187504595343,-0.060980197793156526,0.041323912237163495,0.0,0.0,9.657980272789156e-05,0.002827956471922628,5.098802627598291e-07,6.333066833471e-07,3.020850054986503e-06,0.9593410838015772,2.977457439241698e-05,0.0022396553659116596,2.3547831755233166e-05,0.00011304485041692869,0.005586934791297446,0.005600763380469945,0.00019651298163681725,3.6553749865734856e-06,2.9095664847752266e-06,0.010412075769373164,0.010029227412824655,2.6365847833515257e-06,1.3672324219566488e-05,1.3214903991676856e-06,0.001912832168193028,2.3222688471062928e-05,0.00032786191320767055,2.7826128033339756e-06,4.3650586262409466e-06,0.000878419706899645,0.0002303351829517953,8.672449380398547e-05,5.962402529410355e-06,1.9773603332258003e-06,0.01370230254095091,-0.10485804428846854,-0.0014079897514028094,-0.0015691787880665218,-0.003427125256807667,1.3656421640332033,0.010759402992742821,-0.09331597340750801,-0.00956843377247597,-0.020964802956636452,0.10421667104992374,0.1475669175831221,-0.027641462376015523,0.003769913287242859,-0.0033634078687705404,-0.14227187504595343,0.19746909358509385,0.0032017414895123748,0.007290991088563729,0.0022667175090111745,-0.060980197793156526,0.009502144735956132,0.03570350704276483,-0.0032892113689446806,0.00411965107332245,0.041323912237163495,-0.029925783743677385,0.01836268904775241,0.004814775471662,0.0027727346011480994
re500_e1,phase1_re_estarmap,500,1.0,4,2,B2_temporal,0.963010889382545,1.0000000000000002,0,1,2.900754907653801e-16,0.0790370420073599,-0.14204755948351985,-0.10862568038709473,0.02658889677474174,0.012890759187796079,0.005111214964743113,0.0,0.0,0.0032433973894513686,0.7742222641025072,0.13883525995593254,0.010069850050127376,0.00010372917879852466,0.010476262198946344,0.0019367726295783701,0.0003766351419571895,0.0020047450536544273,0.0011257666882105804,0.006126378512253784,0.03013927876966956,0.018793691104614624,0.0013912383950106348,1.9135104959088854e-05,0.00036706201326090933,5.619750502716624e-08,4.797110119507623e-06,0.00018499735096090864,0.0002852258813130441,8.627715131253268e-05,9.307661437170034e-05,3.27021320864168e-05,1.7011090134281597e-05,1.4795822999869238e-05,1.3563978717086071e-05,1.1200291217564545e-07,1.8905594725247442e-05,4.12885871987929e-06,1.2883925189867255e-05,0.0790370420073599,1.726944667478519,0.7312998486744529,0.19695050396200595,0.019989229973131857,-0.14204755948351985,0.08637437426788194,-0.03808956513424191,0.08787698941372554,0.06585212463241906,-0.10862568038709473,-0.3407312938567747,-0.26906154824081235,-0.07320594850481307,-0.008585409587219588,0.02658889677474174,-0.000465268994442103,-0.004298683185652575,-0.026694903145153343,-0.03314668186338988,0.012890759187796079,0.018935025026316422,0.011223637432712392,0.00809490334459434,-0.0075494473085785,0.005111214964743113,0.0006568409977085883,0.008533766715974018,0.003988050103981058,0.00704481660679176
re500_e2,phase1_re_estarmap,500,2.0,0,2,B2_temporal,1.8350547955035539,0.9999999999999997,0,1,4.811513680259679e-16,0.27365113885455233,-0.9380512069846838,-0.14601187803150664,0.11640042807362525,-0.07980346977756118,0.05610704040367449,0.0,0.0,0.020404008092805872,0.4904956792601024,2.8923826163316785e-05,0.0033693185619990624,0.0008987566592298397,0.23975852630710123,0.08393516841723755,0.03146661322481409,0.002328562143272312,0.00011831958611654351,0.005808946026714516,0.08249021240746914,0.0011113531348176193,0.005439785270013164,0.0003943009888075927,0.0036917316281024812,0.006737293876510558,0.016118971948034966,0.00038544827153663946,6.155209439880973e-05,0.0017352598418704243,0.0003415806258660671,0.0009222822004383123,0.00035499398929075577,3.90609343199718e-05,0.0008577400496631285,0.0004883033636621525,7.110493396989149e-05,0.00012832732376523076,1.7875011906218583e-05,0.27365113885455233,1.8974577185276345,-0.01457076606157763,-0.157262636182604,-0.08122235449703415,-0.9380512069846838,0.7849219918321826,0.4805952954262064,0.1307369745349783,-0.02947018316231909,-0.14601187803150664,-0.7781363887145569,-0.09031929803856936,0.1998229621064331,0.05379828697581982,0.11640042807362525,0.22238078547219345,-0.34397207312122785,-0.053190927764116554,0.02125572544043823,-0.07980346977756118,0.050072713748972375,0.08227851176879404,-0.051046387626273365,-0.016932684942526227,0.05610704040367449,-0.05986863717001579,-0.02284569544272294,0.0306912150863744,-0.011454540814574721
re500_e2,phase1_re_estarmap,500,2.0,1,2,B2_temporal,2.0354754131969695,1.0000000000000004,1,1,4.1992738581199837e-16,0.5492990677546457,0.7178540874863354,-0.8597765189180804,-0.04207626053423492,-0.043703009004831206,0.002323794495222992,0.0,0.0,0.07411768864410373,0.022020720147861276,0.00976837770555252,2.941366124126709e-05,0.00030038616129603586,0.1265833248536943,0.411473836428654,0.0014231660594823787,0.0003249874606842048,1.306201912696144e-05,0.18158304877823636,0.008050192447652274,0.07696606209428206,4.019394328569935e-07,0.00025432174280499466,0.0004348889917968012,0.05936644563053755,0.0009332234522549849,0.010006559963688213,3.321861667313903e-05,0.0004691663145850867,0.0007095234578161414,0.013348104037095966,5.111657480428227e-05,0.00040405333194896937,1.3264765619416816e-06,7.345191980493075e-05,3.5488339339505793e-06,0.0012563806460519323,1.6083409453491805e-09,0.5492990677546457,-0.42342713395276294,-0.28201625943532815,-0.015475242714568817,-0.0494541664890917,0.7178540874863354,1.8303495592092311,-0.10764421996508308,-0.051439439570042586,-0.010312597884071415,-0.8597765189180804,0.2560153807777973,0.7916123471586388,0.0018090194395580655,0.04550453403875134,-0.04207626053423492,-0.6952379174062757,0.08716773238036694,0.2854337525715452,0.01644575051477912,-0.043703009004831206,-0.07600572487572901,-0.3296649061110633,0.020400640305731608,0.057356451173427414,0.002323794495222992,0.024454821758913076,-0.005375337837969064,-0.10114013871169512,-0.0001144331848773987
re500_e2,phase1_re_estarmap,500,2.0,2,1,B1_Mode2,1.9713307141136283,0.9999999999999997,1,0,4.236691638062546e-16,0.3540274472733285,1.8475859879439702,-0.5267207213683187,-0.19085601869891552,0.07974260068978606,-0.019455043390762514,0.0,0.0,0.031789550207262936,0.0013711556820775969,0.00010988962092627524,1.780055491246927e-05,1.945881054318169e-05,0.8658044939917008,0.012985021656083328,1.1886719360228353e-05,0.00017172818623753262,8.58040281791358e-10,0.07036737071372251,0.00044752989520235994,0.0009384323904925039,3.124659514429995e-05,4.9011509278577015e-05,0.009238941901734398,0.003625109538010072,3.463156858780802e-05,4.0950695321029635e-05,1.418875852884811e-06,0.0016128400778328612,0.0011253315050627451,1.4065655197609036e-05,6.520528777816238e-05,1.95699677896521e-06,9.600081575014596e-05,2.3853170758645457e-05,5.825016393866751e-07,3.941972119870576e-06,5.92046590138262e-07,0.3540274472733285,-0.10398079264769985,-0.0294366292156062,0.011847494355722124,-0.012387049831802915,1.8475859879439702,-0.31998607478493607,-0.009681457527638543,-0.03679853518873127,-8.225524084073954e-05,-0.5267207213683187,0.05940469435647205,-0.08602233650621091,0.01569679874616888,-0.019658880292216435,-0.19085601869891552,0.16907146151028,0.01652516563730345,0.017969681516449308,0.003344890759535204,0.07974260068978606,-0.09419979956432828,0.010531487664177115,-0.022675201125433,0.0039283013416974814,-0.019455043390762514,0.013714589041676002,0.002143178361914373,0.005575277827724993,0.00216066621885547
re500_e2,phase1_re_estarmap,500,2.0,3,1,B1_Mode2,1.9065894871333786,1.0,1,0,4.107096020867256e-16,0.32792489577714784,1.5765997820909425,-0.4389963344599781,-0.09211472009968659,0.006017352195889419,-0.019492728746562108,0.0,0.0,0.02820081039892215,0.1272997844263691,0.0021114607783514435,0.000248629702458682,4.181032991690639e-05,0.6518621049952633,0.06329547946604842,0.019052585661929987,0.00015524575535656306,0.0007918947277721314,0.05053992560271971,0.04084948935280441,0.004436718783953729,7.074489568539907e-05,4.549368160564341e-05,0.0022252093899356564,0.0020470410007368484,0.004588773002244914,0.00020228985776553175,4.216899980192259e-05,9.495627583632582e-06,0.0009663558612370952,0.0003530729099134753,0.00024044241446708508,3.5643798873839004e-06,9.964559139532995e-05,0.0001239530916163897,4.933738723483272e-05,4.490551891951468e-05,1.5664081026507628e-06,0.32792489577714784,-0.9853089478973805,-0.12689663387969474,-0.04354467944063077,-0.01785666659521333,1.5765997820909425,0.6947762106837987,-0.38118478209783696,-0.03440871547064223,-0.07771275732816832,-0.4389963344599781,0.5581512589068442,0.18394565926765835,-0.02322769677623069,0.018626623427804932,-0.09211472009968659,-0.12494585790230689,0.18707117752258498,0.039277663686602814,0.017933094736299716,0.006017352195889419,-0.08584739776753557,-0.051890850763217304,0.04282172251014249,0.005213754586259618,-0.019492728746562108,0.03074590453205039,-0.01939754044455746,-0.018505825059825433,0.0034562969901757497
re500_e2,phase1_re_estarmap,500,2.0,4,2,B2_temporal,1.8866560498188256,1.0000000000000004,0,1,4.3856967508846987e-16,0.4005668625047467,-0.9956767623116534,-0.5827384346336648,0.23580762318790857,0.07797614380899293,-0.022819977142323738,0.0,0.0,0.042523334169019544,0.2728147375568019,0.0031643724881241474,0.005115611143759285,0.0006086361571647416,0.26273263086364296,0.17524111676887016,0.017146311070576487,0.0004942404242629664,5.3022974265159543e-05,0.0899962882031158,0.07231297563792251,0.004802877575998954,0.0031434207663125716,0.00020891883833514162,0.014736452666841527,0.008559922030361601,0.01538205746389258,4.889227550093928e-09,9.719152541352526e-07,0.0016113904290887126,0.007542898595657254,0.00011189557477962023,0.0010234329589112663,1.714891108598855e-07,0.0001380090867188498,5.5178181420114967e-05,0.0004456569424315959,1.5123970168385144e-07,3.331189843046813e-05,0.4005668625047467,1.434862467404142,-0.15453261789796577,-0.19648306505034022,-0.06777276999070767,-0.9956767623116534,1.1499908054049757,0.35971761988192147,0.06107247126163305,-0.020003611191657486,-0.5827384346336648,-0.7387278604944797,0.19038254158716972,0.15402017797535156,0.03970682511942329,0.23580762318790857,-0.25416237868385766,-0.3407089771221989,0.00019208634242262604,0.002708261282908631,0.07797614380899293,0.2385862969130179,-0.029059144041483763,-0.08788324034795081,-0.0011376132356505954,-0.022819977142323738,0.02040610200839549,0.05799315016731995,0.0010683394557061585,-0.015855358047649752
re700_e0.1,phase1_re_estarmap,700,0.1,0,1,B1_Mode2,0.1252713074864889,0.9999999999999998,1,0,1.0136254849571805e-16,0.019607309245537663,-0.4800701637238916,0.018162010905776543,0.13244058164587627,-0.003264859335760234,0.004752936698194544,0.0,0.0,0.0015344558285687688,0.0034039309560380897,2.3429256603196013e-05,5.623245120663027e-05,4.1929848850775673e-07,0.9198729011539257,0.0001842728910690372,8.933247980575472e-05,3.3044006835078514e-05,3.891438811305268e-06,0.0013165769830299045,5.431298653184668e-05,7.223081843974461e-05,2.3359422733087926e-05,1.2809854549174795e-06,0.07001007660349455,0.002766881004215928,0.00011040857233104653,2.779603196291271e-05,7.956682510237369e-06,4.254488396495108e-05,0.0001267875219193665,1.305102215150891e-06,6.259035613433876e-07,2.6196955441490313e-07,9.01659274989244e-05,0.0001286476057091031,1.609764351138725e-05,9.229679528735241e-09,7.643603295445522e-07,0.019607309245537663,0.041299631061626964,0.003426376282966492,-0.005308224820342396,-0.0004583713336694398,-0.4800701637238916,0.009609184356340268,0.006690529589285817,0.004069135505643803,0.001396403420070116,0.018162010905776543,0.005216841510469911,-0.006016128012855444,0.003421266097750093,-0.0008011759427458801,0.13244058164587627,0.03723497286464212,-0.007438017535237943,0.003732047838348438,-0.0019967413666394694,-0.003264859335760234,-0.00797065584348262,-0.0008086825357220596,-0.0005600277046358903,-0.00036231074288907205,0.004752936698194544,-0.008028911201946536,-0.0028401217228301153,6.800629448061245e-05,-0.0006188777516532634
re700_e0.1,phase1_re_estarmap,700,0.1,1,1,B1_Mode2,0.12406053150555894,1.0,1,0,1.0495128574286415e-16,0.0011538455631435569,0.47468681081497166,0.06318891119141568,-0.12448736568255077,-0.03168081738537037,-0.011607935258056755,0.0,0.0,5.3657660797882995e-06,2.359887881629135e-05,4.2124608264139454e-05,2.5542934050042633e-09,3.2670716018856596e-06,0.9081355916631396,0.005247404121756315,0.00011143178240767542,5.4205849436393295e-05,8.89068577065209e-06,0.016092299658484473,0.0016167755581883636,3.116046303171576e-05,2.0209903614543382e-05,2.757566300949156e-06,0.06245783419800486,0.0013422519652565338,0.00014017926487693366,8.273144801514756e-06,8.599260840125749e-06,0.004045098703128692,1.6830103537470464e-06,2.006581077014695e-05,2.11917001508088e-07,9.252883029563273e-07,0.0005430581318652478,2.8512896062512517e-05,8.206511719027973e-06,1.158111986906893e-08,2.1847099329783203e-09,0.0011538455631435569,0.0034220984491299374,0.004572089802579385,-3.560264020805046e-05,0.0012732865182615463,0.47468681081497166,0.05102923649711209,-0.0074362049869830795,0.005186446371761403,-0.002100460142117444,0.06318891119141568,0.028325115009407827,-0.003932319216784912,0.003166860517355552,-0.0011697950948051893,-0.12448736568255077,0.02580856386737601,0.008340435026229968,0.0020261991425310323,0.002065748165078154,-0.03168081738537037,0.0009138821784348732,0.00315555075968326,0.0003242871310561536,0.0006776186498632947,-0.011607935258056755,-0.0037615555507146572,0.002018022998550025,7.580923126865965e-05,3.292635877049052e-05
re700_e0.1,phase1_re_estarmap,700,0.1,2,1,B1_Mode2,0.1243489985166315,1.0,1,0,9.725754690730229e-17,0.01700082929511354,0.4701028855497537,-0.0347917659117786,-0.15612477728163454,0.012232725012386057,0.007722625016630306,0.0,0.0,0.001162165357861461,0.0009529107203136577,7.609316472742232e-06,9.761149507796334e-06,4.2745322749619273e-07,0.8886148084765106,0.0045310025829632845,1.771535965323951e-05,6.527626025883132e-05,4.0072205137459765e-07,0.004867216421924384,2.8047186607843406e-05,2.892308029903322e-06,1.2168262326378842e-06,3.586398572307381e-07,0.09801022272800963,0.0006823900752899003,7.986130602156491e-05,3.5325976316957773e-06,5.038508834380292e-06,0.0006016918632788241,7.264709016289222e-06,1.676842538123415e-06,7.357658439578382e-08,2.3668561260914179e-07,0.00023980465407410421,0.00010351598680703157,1.954637094805127e-06,4.427696509465088e-07,4.842780830374147e-07,0.01700082929511354,0.021770943364656046,-0.0019454674325535275,0.002203442003471464,-0.000461100339413683,0.4701028855497537,0.04747317699365632,-0.0029684253275043143,0.005698083042601843,-0.00044644993346157585,-0.0347917659117786,-0.00373504461333163,-0.0011994258741916308,-0.0007779746098614956,-0.0004223577018347836,-0.15612477728163454,0.018423302902572915,0.00630259420366307,0.0013255564532129052,0.001583077417655106,0.012232725012386057,-0.0019009043013158847,0.0009132659859772138,-0.00019130263546423122,-0.0003431129195541444,0.007722625016630306,-0.007175544380718502,0.0009860165621377274,-0.0004692886645498989,0.000490793213601234
re700_e0.1,phase1_re_estarmap,700,0.1,3,2,B2_temporal,0.12216729554267362,0.9999999999999999,0,1,1.219704471893713e-16,-0.024368037038079934,0.04512547411091042,-0.001552318370603694,0.00015020931522808682,-0.001261799883307456,0.0012070949471434834,0.0,0.0,0.0024302790139191454,0.9718705430258171,0.006586922726071018,0.00012141239909280783,1.0762579371334337e-05,0.008334097946136305,0.007317762461278484,0.0003137952018276771,0.0004097593785019394,6.220456645981295e-05,9.862264336006319e-06,0.0018498414533653406,0.0004962932738529324,6.587916281467961e-05,4.7254771064769956e-07,9.234402006308409e-08,4.676144575829642e-05,1.600998511015533e-05,1.439248765906357e-05,3.944944344014205e-07,6.516224077983979e-06,1.0269886095463447e-06,1.3202033180284506e-07,1.682274402478929e-05,6.511962863929184e-09,5.963454478331986e-06,8.831678323624787e-06,1.3255446869194127e-08,1.498257270966184e-06,1.6501079356430358e-06,-0.024368037038079934,0.6891467067585935,0.05673469962527947,0.007702629276426613,-0.0022933252842623824,0.04512547411091042,0.059799372883604436,0.01238313549333201,0.01415050459804578,-0.005513388669339339,-0.001552318370603694,-0.030065936043328002,-0.015573157298715277,0.00567389783259617,-0.0004805408445687477,0.00015020931522808682,-0.0047802591410744675,-0.0027970674518760902,0.0026520115334885725,-0.00043906408715565983,-0.001261799883307456,0.0007084191442399274,-0.00025399658968576727,0.002867186175409738,-5.641095254507061e-05,0.0012070949471434834,-0.0020774429050157734,-8.048309375810666e-05,0.0008556589012476536,-0.0008979737721136711
re700_e0.1,phase1_re_estarmap,700,0.1,4,2,B2_temporal,0.12255279355616115,1.0,0,1,1.0649310457528369e-16,-0.0016814536976350206,0.05988151126373842,-0.001961175217797909,0.0008559017080702979,-0.0024217965171805193,0.0016500959733593897,0.0,0.0,1.1534973847800737e-05,0.9746976091894533,0.001251683005820915,0.00014217381283415862,0.00018102036988058119,0.014629594671728153,8.797987570063194e-06,0.0003009283092594332,0.001160622384061108,2.608022210295156e-05,1.5692046355279974e-05,0.006871322530191609,3.280098857783859e-05,0.0003687300721341431,2.116724050726059e-05,2.988784313357762e-06,0.00012427441389092526,6.989602599559085e-05,1.9199772115381516e-05,2.2400161673581015e-08,2.392886445277132e-05,2.7813852161289664e-07,1.721416601522096e-05,9.362540584683507e-09,1.5716551344931227e-06,1.1108750124284646e-05,8.54397629029153e-06,5.823505789004288e-07,5.560658901400902e-07,6.746965004397567e-08,-0.0016814536976350206,0.6912363268193561,-0.024770728613436127,-0.008348364614307867,-0.009420095969667145,0.05988151126373842,-0.0020767454869421303,-0.012145716110608867,0.023852674100024975,-0.0035755861479102157,-0.001961175217797909,-0.05803791076530482,-0.004009914104625111,0.013444537985100723,-0.0032212447631559567,0.0008559017080702979,-0.007805171770022103,0.005853529958660405,-0.003067888986506318,-0.00010478935803233089,-0.0024217965171805193,0.0003692514201421096,-0.0029049228106129495,-6.774674910092434e-05,-0.0008777487732580806,0.0016500959733593897,-0.0020465465178713467,0.0005342983820798831,-0.0005221012477976335,0.00018186362025590262
re700_e0.25,phase1_re_estarmap,700,0.25,0,3,B3_mixed,0.2445965348033283,1.0000000000000004,1,0,1.371169069169063e-16,0.04531671111414597,-0.5129835325682849,0.014649169100384309,0.15145020061080772,-0.022521718635221503,-0.004874620256772309,0.0,0.0,0.004197942354036605,0.3248474344249909,0.004155271861280251,0.003082266997750745,0.0005087513867921674,0.5379309745696689,0.001455019159663865,0.002111331128216061,0.0005373518059488714,5.5903007021791245e-06,0.00043867783225998164,0.051387992175969684,0.01017165915050377,0.0005742844751146719,1.0059692013916754e-05,0.04688775187166263,0.006430001038035911,0.0005871959087560303,0.00012983929827039444,1.7280964855709195e-05,0.0010368663045286558,0.0007910014995768365,0.0016248496657304333,2.4778863093967816e-05,8.890330988283129e-07,4.8573710716795465e-05,0.0008612028749248148,0.00011099541322095157,3.416490259559131e-05,1.336020026882605e-09,0.04531671111414597,0.5637607889880395,0.0637609629298343,-0.05491490970541572,-0.02231043041142433,-0.5129835325682849,0.037730234270475026,0.04544994071653121,0.022928967678934386,0.0023386903858883304,0.014649169100384309,-0.22422600042584473,-0.09975876064614651,0.02370383872746328,0.003137238153403565,0.15145020061080772,0.07931597500340995,-0.02396882012385394,-0.011270890370904025,-0.004111867761377824,-0.022521718635221503,0.027819146343533302,0.0398714232409133,0.004923748185742486,-0.000932640156327981,-0.004874620256772309,-0.02902738286303289,-0.010420958392184146,0.005781562690752345,3.6154439229689884e-05
re700_e0.25,phase1_re_estarmap,700,0.25,1,1,B1_Mode2,0.26808709615579884,0.9999999999999996,1,0,1.6099758927560867e-16,0.00858284500819863,0.7021988068307574,0.05732317065584798,-0.17615250527240364,-0.032941896097252434,-0.005970116545711953,0.0,0.0,0.00013739047774225877,8.73183353094368e-06,1.8342359048262986e-05,3.1347273835564957e-06,1.8910289257969142e-06,0.9196324093644254,0.006411601736519097,0.0002082079588330786,6.53077776751749e-05,1.5308706154932698e-05,0.006128504394948281,0.0033976085531503635,1.461175390462041e-07,4.034047815883035e-05,2.3646526874551918e-07,0.05787243317319397,0.003534213053550966,0.00022851479629744842,2.3823542430289188e-05,1.2062297180707427e-05,0.0020239103896509984,3.2880367138890587e-07,3.392603125812523e-05,3.0659492463544297e-07,1.8257141965814688e-06,6.647520913999921e-05,0.0001127079441112009,2.003590460661592e-05,1.1491732631436549e-07,1.5964915663526856e-07,0.00858284500819863,-0.00305999470288857,0.004435019627418064,-0.001833444803093593,0.001424023108609568,0.7021988068307574,0.08291845853007355,-0.014942271190161976,0.008368553632098236,-0.0040516991887248055,0.05732317065584798,0.06036074919641691,-0.00039583949646455647,0.006577160982410953,-0.0005035604719978994,-0.17615250527240364,0.06156222590915301,0.015653992227929188,0.005054417596629978,0.003596524001946398,-0.032941896097252434,-0.0005937946495818813,0.006031627045526491,0.0005733904186211063,0.0013992146616898255,-0.005970116545711953,-0.010993733751635414,0.004635242166205453,-0.0003510433153307815,0.00041376263149816433
re700_e0.25,phase1_re_estarmap,700,0.25,2,1,B1_Mode2,0.26291421413289706,1.0,1,0,1.8775622264262253e-16,0.03763946404705453,0.686660731751163,-0.07554142166386194,-0.1988162995380958,0.02797682349278134,0.0034664493583489516,0.0,0.0,0.002694280448894609,0.002831985544702378,1.2276987932357965e-06,2.528961879057616e-05,3.0918948062112333e-07,0.8966859439001438,0.00410258990280459,0.00026691629013326053,6.0096761231141736e-05,1.2235223386431137e-05,0.010852411319444451,0.00043136594267260167,4.954117938935869e-06,9.481292177540696e-06,2.142380166645513e-07,0.07517265867953676,0.004448152408289198,0.00019507939178486523,3.1423409109476656e-05,1.0526285292061363e-05,0.0014885133832106237,9.61947580808213e-06,1.2572301269569927e-06,1.3543913923930225e-08,1.3158628339546474e-06,2.2852075901692992e-05,0.0006025990937709042,3.121980947971193e-05,1.4308732823948514e-06,4.036989048274746e-06,0.03763946404705453,0.05457359265876309,-0.0011362736702317721,0.005157131082315003,-0.000570229109448689,0.686660731751163,0.06568498154693894,-0.016754233692969016,0.007949916414911036,-0.003587095840026573,-0.07554142166386194,-0.02129903639336422,-0.0022825494734064465,-0.0031576994675380343,-0.00047466291108006744,-0.1988162995380958,0.0683953944288271,0.014323288028192603,0.005748621021217028,0.0033271669782570196,0.02797682349278134,-0.003180626933453421,-0.0011498585492365574,-0.00011934634448685418,-0.0011763656623616195,0.0034664493583489516,-0.02517394424209073,0.005729967425644664,-0.001226697883856659,0.002060467716893683
re700_e0.25,phase1_re_estarmap,700,0.25,3,2,B2_temporal,0.2655256054060191,0.9999999999999993,0,1,1.5175328348805709e-16,-0.04838924829304774,0.060939956242193435,0.02532198127780688,-0.0070470761289490565,0.0014087499355474892,0.00010055158927668209,0.0,0.0,0.00440921572664484,0.9762325754010022,0.0017773857173467684,0.00040256660013390344,9.548100010268256e-06,0.006993069954820009,0.0032922488163378344,0.00017666128392517972,0.0016869303433092102,9.544907131822662e-06,0.0012074216625043177,0.0031852701861383483,0.00025870068926885976,0.00013091579046167233,5.2663694817770465e-05,9.35150527032333e-05,2.4679599448896437e-06,3.731507615124525e-07,1.1674093474476622e-06,8.44640037797868e-06,3.7370715676750082e-06,4.093126962238747e-05,9.918893611243463e-09,1.5441509243543344e-05,8.957710871551895e-07,1.9038883445169562e-08,1.7441864330229082e-06,3.7205739705309912e-06,4.642411229742107e-08,2.765389198286267e-06,-0.04838924829304774,1.0182627275913192,0.043448425455406885,0.020677692348692833,-0.003184503123379656,0.060939956242193435,0.0591329471650231,-0.01369789682630702,0.04232839239493802,-0.003183970630970984,0.02532198127780688,-0.05816427750969243,-0.01657608604430713,0.011791775866177764,-0.007478919560847365,-0.0070470761289490565,0.001619020146242323,0.0006295429512219512,-0.0011135116950219898,-0.002995153133891099,0.0014087499355474892,-0.006593421007799041,0.00010263956802487656,0.004049748678757479,-0.0009753976834544761,0.00010055158927668209,-0.0013610674613249304,-0.0019878708770774,0.00022205216074796253,-0.0017138047042276746
re700_e0.25,phase1_re_estarmap,700,0.25,4,2,B2_temporal,0.2578494885818957,0.9999999999999996,0,1,1.4032206942358991e-16,0.001012225982071361,-0.011132402463099036,-0.0032858280811904838,0.006107034749584717,-0.000474774807733601,0.0021103207541182905,0.0,0.0,1.9868207697741983e-06,0.9818696287870113,0.00016940222191187614,0.00012113254519291273,0.00022810279003037965,0.00024031535854889216,0.0009119766564616627,0.0002765153234651103,0.0033576269848603103,1.25261661028366e-06,2.093598524960968e-05,0.011787526188600255,0.0004191640006667552,0.0002974906231565917,9.405727961912294e-07,7.23210149412216e-05,9.456122324534298e-05,2.9857034506204136e-06,4.6396667166849484e-05,1.452086413597082e-05,4.370982453720959e-07,2.435665553286676e-05,1.2556880384796513e-05,1.7017129510197554e-06,6.088566292045049e-06,8.635762106326471e-06,6.851681593314254e-06,9.835730119396734e-07,3.5452718612885533e-06,5.984974883687655e-08,0.001012225982071361,1.0063291343031397,-0.013218211117184363,-0.011177471060775048,-0.015338342511945276,-0.011132402463099036,0.030669379809006046,-0.01688778668038369,0.05884768137811391,0.0011366381171698044,-0.0032858280811904838,-0.1102616451786618,-0.020792423928331607,0.017516598418509985,-0.0009849390122681752,0.006107034749584717,-0.009875740590657526,0.0017548357276961,-0.006917617191165343,-0.003869985731874094,-0.000474774807733601,-0.0050121257656667376,-0.0035987693370950124,-0.0013248181975405266,-0.002505939907181164,0.0021103207541182905,-0.002658347302187635,0.0010072016642392915,-0.0019122202135915614,-0.0002484530308073824
re700_e0.5,phase1_re_estarmap,700,0.5,0,3,B3_mixed,0.4612805614938808,1.0000000000000004,0,1,2.140514792676278e-16,0.07257014324206097,-0.5880786399009205,0.01341437475240076,0.10285414176167541,-0.032594328361560974,0.026495542138371467,0.0,0.0,0.005708484304126816,0.4791719520402612,0.002202150585666938,0.005281904332076985,0.0006339820456025368,0.3748656626540985,0.012819738586257897,0.008661696702581451,0.0025727682805881612,6.256299452831666e-06,0.00019504989481356462,0.06640646294042293,0.010481446744257149,0.0026980156565202984,0.0001707757474471652,0.011466963233037902,0.004244118298161068,0.004612791601771999,0.0014669848215400287,5.211876110631124e-06,0.0011515662375850531,0.001219564105560626,0.0022271218362078823,2.3018959679567766e-05,0.00015058352502838595,0.000760940100025796,0.0005111269188370185,1.365507577963008e-05,0.0002695017609918884,5.048355083082627e-07,0.07257014324206097,0.9402823131150572,0.06374352543280058,-0.0987206117496733,-0.034201964503377716,-0.5880786399009205,0.15379852032154032,0.12641949720603177,0.06889899845609813,-0.0033975928681794997,0.01341437475240076,-0.3500400577761401,-0.13906671261605555,0.07055613869703939,0.017751116322301034,0.10285414176167541,0.08849246909476967,-0.09225597216700165,-0.052026592515096934,-0.00310105603867358,-0.032594328361560974,0.04743674589981012,0.06410391598401005,-0.006517115511020508,-0.016668683568515148,0.026495542138371467,-0.0307097972716055,-0.005019490421494698,0.0222994101835836,-0.0009651337870668173
re700_e0.5,phase1_re_estarmap,700,0.5,1,1,B1_Mode2,0.5188237306596131,0.9999999999999998,1,0,1.94233115165942e-16,0.0077225830099432605,0.9869946343772941,0.060819976316603214,-0.1741227486559974,-0.03620148604771142,9.708396126989484e-06,0.0,0.0,5.7474518628554645e-05,0.0020548833176730363,1.6446236725163348e-05,2.039264283655354e-05,1.7756096637468059e-06,0.9388144284100689,0.004706461482226862,0.0006208736124076402,3.720913055961497e-05,3.52223603600426e-05,0.0035648615324990218,0.010189949381595804,3.874815046909267e-06,7.536131434222135e-05,4.649308488053858e-07,0.029218720933382843,0.007858955395387706,0.00047475605534125123,3.509804845211191e-05,1.8770274033608134e-05,0.0012629988901977013,0.00024454043560119754,0.0002448991350311977,8.182399515937196e-07,1.1671632703910242e-05,9.08333117672882e-11,0.0004160597187431091,1.2186630021296426e-05,6.71153233274934e-07,1.7407160291919307e-07,0.0077225830099432605,-0.0653030544138734,0.0058421564145648775,-0.006505439888115097,0.0019196129088338398,0.9869946343772941,0.09882962924982999,-0.03589562446078589,0.008787486542018726,-0.008549665819114703,0.060819976316603214,0.14542059762485027,-0.002835733413601123,0.012505876739268316,-0.0009822772673251697,-0.1741227486559974,0.1277092409706133,0.03138883290505652,0.008534565117637,0.006241302299879356,-0.03620148604771142,-0.02252761692640748,0.02254413297265595,0.0013031075232084186,0.004921593247041636,9.708396126989484e-06,-0.029384462251706378,0.005029001034725466,0.001180186806114969,0.0006010406922278542
re700_e0.5,phase1_re_estarmap,700,0.5,2,1,B1_Mode2,0.510808350111014,0.9999999999999996,1,0,2.1391946871433772e-16,0.03833821618815019,0.9724288189404839,-0.040900114827710665,-0.23163516378834795,0.04033411554399882,0.004260562493394932,0.0,0.0,0.001438718474521712,0.0015105481936267598,7.5370928490333485e-06,3.807657241770563e-05,5.221016246447166e-07,0.9256091914907747,0.001368587814688534,0.0008026481036870189,1.624741438733664e-05,3.392466873776103e-05,0.0016374236957523932,0.0028170622308984275,0.00010934664472749789,3.792893556016152e-05,4.257418741071822e-06,0.05251954974071387,0.009302435787826645,0.00014926061199509953,5.5383400187562736e-05,5.860531649331285e-06,0.0015924180530360224,8.612949200241367e-05,7.464304624826947e-05,1.5326798205908703e-06,1.0142174852005767e-05,1.7768300729792868e-05,0.0007034158756304681,4.124782221350347e-05,1.0668813519524525e-06,7.124748747494966e-06,0.03833821618815019,0.05555540047734901,-0.0039242884516040594,0.00882039253878664,-0.0010328482356571998,0.9724288189404839,0.0528804721462692,-0.04049688153742707,0.005761706322528208,-0.008325624076547874,-0.040900114827710665,-0.0758677509967253,-0.014947264523440855,-0.008803275979986785,-0.002949389796455265,-0.23163516378834795,0.13786604914616768,0.0174635124702652,0.010637725936185224,0.0034604095148223677,0.04033411554399882,0.013265845424344835,-0.01234962206730856,0.001769639116209254,-0.004552233562852628,0.004260562493394932,-0.03791098536691937,0.009180355550969068,-0.0014764442463635942,0.0038154324277404872
re700_e0.5,phase1_re_estarmap,700,0.5,3,2,B2_temporal,0.5198723895301882,1.0,0,1,2.0510949931532843e-16,-0.06724648936121014,-0.05318741349059712,0.018086471245125944,-0.01273414870711363,-0.0002923675716830533,0.0006824297427079456,0.0,0.0,0.004349231102169118,0.9871195365456532,0.00012444603602432955,0.00011640553331838257,0.00016608253981056123,0.0027207647595751793,0.0020345907747887047,4.155754835414229e-05,0.00216427317432012,2.26764490576304e-05,0.00031461609491935925,0.00041107157230932384,0.00015548632036010615,6.996075161471608e-07,3.7402445927443746e-05,0.0001559599495574552,2.3397786000922846e-06,3.53235222731677e-06,4.779899581396013e-07,1.8370788721475504e-06,8.221132598433725e-08,4.1763395774116916e-05,2.7892703223664373e-06,6.86630246601185e-06,2.865733674571773e-08,4.479083358834444e-07,2.909376053702328e-07,1.6928364890182375e-06,2.2173701750609134e-07,2.8290900082180245e-06,-0.06724648936121014,1.4327263412332736,0.01608677197147123,0.015558409013875871,0.018584049809506977,-0.05318741349059712,0.06504544773634757,0.00929615446641982,0.06708638808968288,-0.0068669817992040435,0.018086471245125944,-0.029237288558577365,-0.017981439865023572,-0.0012061618981757038,-0.00881918339498025,-0.01273414870711363,0.002205798079427557,0.002710256366528784,0.0009969830123115824,-0.0019545296958795692,-0.0002923675716830533,-0.009319149393798798,-0.002408372585406401,0.0037786775836224,0.00024411602267419927,0.0006824297427079456,-0.0007778185600974403,-0.0018762291444594985,0.0006790433068315714,-0.0024255026553424213
re700_e0.5,phase1_re_estarmap,700,0.5,4,2,B2_temporal,0.49181424688419595,1.0000000000000004,0,1,2.0122260729535313e-16,0.01969956173761418,-0.15874160739389404,-0.025141890718193474,0.01666403059861699,0.003212492596295486,0.004873070314472791,0.0,0.0,0.00039453181268399616,0.8989157515072473,0.036863185442218394,0.0006159995941192591,0.00018855237784423608,0.025618308210508794,1.0729121186135232e-05,0.00021446642448203683,0.003327007775156061,0.0006471508902116809,0.0006426355813096471,0.021854071685719963,0.00946117025065488,0.0001273045954238123,1.2182726724078294e-06,0.0002823117849380123,3.0038030844158373e-05,2.7062283592137742e-05,0.000419321146138956,0.0002742840062898646,1.0491876502800168e-05,2.8493390498961935e-06,1.2386178455470402e-08,4.431395900134756e-06,3.0056665923587904e-05,2.414205611187534e-05,4.039247029415189e-07,7.633559945284385e-06,9.43538752544726e-08,4.783648568050877e-06,0.01969956173761418,1.3298113751053235,0.26929418698529006,0.03481134162670171,-0.019259568604482014,-0.15874160739389404,-0.004594228838831767,-0.020540461829139017,0.08090166434174868,0.03568069661258843,-0.025141890718193474,-0.2073465100498737,-0.13642783178617168,-0.015825323216068544,0.0015481135060193144,0.01666403059861699,-0.00768716632251547,-0.0072964694541493855,-0.028721289225308012,-0.0232290147863253,0.003212492596295486,-0.002367568828095544,0.00015609867429098082,0.0029525742241444082,-0.0076895504459127545,0.004873070314472791,0.0008914166782714035,0.003875199884153283,0.0004308344466213621,0.0030676808946529
re700_e1,phase1_re_estarmap,700,1.0,0,2,B2_temporal,0.9717899425840325,1.0000000000000002,1,1,2.9349274926358554e-16,0.3331558290218243,-0.5228167507072352,-0.7485084931088349,0.07512243922416974,0.10707357779706128,0.004882397384066974,0.0,0.0,0.05710740641958292,0.00647554481770923,0.0046046545716783936,7.842187932940565e-05,0.0001406172911115533,0.1406360278298699,0.3476287060543251,0.008222721792528533,8.815280465395247e-06,6.044146603662539e-05,0.2882644384887795,0.04754141570220602,0.021690980504896346,0.0004588809241467555,0.00011258825265142308,0.0029036011938871663,0.027210695299469404,0.018711538481773697,0.0017549694092299252,4.2745212161785697e-05,0.005898780466783826,0.013705882036297187,0.0025672197622932567,0.0019779024655258146,4.920566088320011e-05,1.2264895514640874e-05,0.00058236478707955,0.0014822428920593168,1.5116456228059213e-05,5.3809705496180355e-05,0.3331558290218243,0.1586552151881807,-0.1337872490460978,-0.017459621257158477,-0.023379518323149308,-0.5228167507072352,1.1624492768238863,0.1787820834272358,-0.005853751240812541,0.015327936431160842,-0.7485084931088349,-0.42988495966065343,0.2903727032587229,0.04223438726580431,0.0209200508201833,0.07512243922416974,-0.32522656732034044,-0.2696937886334187,0.08259447006748775,-0.012890208264018703,0.10707357779706128,0.23081800897778115,-0.09989591273719976,-0.08768365237397785,0.013830049365710074,0.004882397384066974,0.04757882903136639,0.0759059611616878,-0.007665512410775865,-0.014462604276491396
re700_e1,phase1_re_estarmap,700,1.0,1,1,B1_Mode2,1.0056024592897799,1.0000000000000002,1,0,3.204154305807667e-16,-0.008127165768175315,1.2559812128213041,0.11263118296004121,-0.21197410345578618,-0.10044577747165864,-0.025969593241085196,0.0,0.0,3.2841418998741274e-05,0.06075295042299227,1.437471123008416e-06,0.00015933643036056968,7.760298567116099e-07,0.7843501138979894,0.011775124010848553,0.0044496517448721525,5.4369295917923257e-05,0.00024523739627230125,0.006307553873693676,0.06708253430044017,0.0007137398706808962,0.00023183327082247128,2.348336452116049e-05,0.022341343798830245,0.023278403202221652,0.0040578103560895,2.5407888700181427e-05,0.00015139834590780057,0.005016571965730726,0.0015216205497801782,0.004366962201895581,4.4213084741335895e-05,0.00010304486419241896,0.00033533120711724183,0.0023946881727707338,5.268091467439422e-06,0.00017682448554189295,1.2898562333650694e-07,-0.008127165768175315,-0.49434124389725403,0.002404599339977706,-0.025316327239553814,0.001766779592808894,1.2559812128213041,0.21763357887744658,-0.13378461402757041,0.014788359974644574,-0.031407726998383595,0.11263118296004121,0.5194549507624839,-0.05358128663068398,0.03053732845448473,-0.009719038865006633,-0.21197410345578618,0.30599882031467496,0.1277582728971418,-0.010109448127818542,0.02467764567192657,-0.10044577747165864,-0.07823414515324659,0.13253569979219498,0.013335784453668231,0.02035899495054487,-0.025969593241085196,-0.09814487894476003,0.004603305653732148,0.026669468500409056,-0.0007203006595588167
re700_e1,phase1_re_estarmap,700,1.0,2,1,B1_Mode2,1.0302063475089631,0.9999999999999998,1,0,2.9081303585974108e-16,0.052306058476209456,1.3969074267629984,-0.009891146930474548,-0.24698119999315413,-0.017839999643024684,0.02679995688477606,0.0,0.0,0.001327852308390499,0.002666160278549502,2.7295428671189175e-06,2.435831555162543e-05,8.610644047666194e-07,0.947067722725638,0.004252790474349157,0.001251952055094215,4.638215298195303e-07,6.354968716860092e-05,4.7483102699182735e-05,0.003379333921334347,0.0009107108845510868,3.689796627542685e-05,4.948185580882059e-05,0.02960558013331774,0.007778416596578664,2.5235871627695918e-05,2.528819306352488e-05,6.225185016305769e-06,0.00015446691239705832,0.0004181985690150363,0.00014847516391595366,2.0493419396227947e-05,6.966203781863819e-06,0.00034858923688567493,0.00036262754237476145,1.5653805839874126e-05,3.636483467379715e-07,1.0715142307972342e-06,0.052306058476209456,-0.10481784661855942,0.003353799270978347,-0.010018800586080314,0.0018836921355726878,1.3969074267629984,-0.13238204925593433,-0.07182670684181341,0.0013825076985411662,-0.016182619207446187,-0.009891146930474548,0.11800697023669406,-0.06126075853301302,0.012330858699558014,-0.014279568892760065,-0.24698119999315413,0.17903490331624622,0.010197677213125289,0.010208243141907518,0.005064869245386653,-0.017839999643024684,-0.04151292908569356,0.024735404287268014,-0.009189657391689275,0.005357845594683389,0.02679995688477606,-0.038656497303095366,0.008031600124237063,-0.0012241451467380796,0.0021013145999716413
re700_e1,phase1_re_estarmap,700,1.0,3,1,B1_Mode2,0.9348762326428869,1.0000000000000002,1,0,2.812948944595616e-16,0.1671582025483118,1.202454777955529,-0.26061101316514856,-0.2664581631884501,-0.04331702640633531,-0.006432213200213436,0.0,0.0,0.014944151805095644,0.018695769737712257,0.0005305958922434278,5.733508653095277e-05,2.4196288165068745e-05,0.7733095796758792,0.032142362465799185,0.0025534347746180063,5.4390129223812565e-05,9.737137528143035e-05,0.03632464801835927,0.058791699496117594,0.0005001999694187238,9.831973759010354e-05,1.4853200889523332e-05,0.037972915692297826,0.005876422343748232,0.005277183169707836,4.69102122706192e-05,0.0002031572903279711,0.0010035364635288052,0.00939360238869176,0.001158017555589231,1.7880902750467396e-05,3.789277957016639e-05,2.212772408174172e-05,0.0006511254816264057,0.000136805544613879,6.351461859186152e-05,1.7967903933198267e-10,0.1671582025483118,-0.2644105200535813,-0.04454397776563413,-0.014642569404897632,-0.00951220999004987,1.202454777955529,0.3466937018768496,-0.09771684567963133,0.014261562200785394,-0.019081947960348317,-0.26061101316514856,0.46888362110699977,0.043249280362950025,0.019174648458073304,0.007452759083798576,-0.2664581631884501,0.14823936834919166,0.1404779430467703,0.013244658171509691,0.02756279537461691,-0.04331702640633531,-0.18742311076369825,0.065805868726234,0.008177146445945747,0.011903790826274544,-0.006432213200213436,-0.0493445736526593,-0.022618245038312022,0.015411464219458106,2.5921239428358905e-05
re700_e1,phase1_re_estarmap,700,1.0,4,2,B2_temporal,0.9707998497443284,1.0000000000000002,0,1,2.962048921493451e-16,0.05802094930626483,-0.2083854702628927,-0.06121678914181171,0.017370060152031047,0.014483446435741891,0.0029983257207581615,0.0,0.0,0.0017338437780386666,0.7906765620135036,0.13116051076629873,0.007572920786179382,0.000142988865790836,0.022365322897466088,0.0007586514036506673,0.002322448050063041,0.0010948531745937034,0.0007501075225058408,0.0019301070523548099,0.020595828671237985,0.01703782700153707,0.0011137311857974048,8.324430159611495e-06,0.00015539711391830048,2.0250537512041107e-06,4.2484232246011006e-06,9.68299897601933e-05,0.0003242132765488633,0.00010803989139071764,1.411638972700855e-05,4.655258133411295e-07,3.080199169332445e-06,1.7164043679831985e-05,4.630180531098948e-06,1.946891581439859e-07,4.0396083015810915e-06,1.1656592590478746e-07,1.4114499225440768e-06,0.05802094930626483,1.7522427772418654,0.7136682818909978,0.1714851639221148,0.023563834104394433,-0.2083854702628927,-0.054277017923699225,-0.09496593532504609,0.0652037820187654,0.053970520477044155,-0.06121678914181171,-0.28280330535124776,-0.2572183499913025,-0.06576351778388055,-0.005685545021599247,0.017370060152031047,0.0028042267222128385,0.004061708324384243,-0.01939098135834703,-0.03548217581596444,0.014483446435741891,0.007403833878717778,0.0013445183370169034,0.003458471853735718,-0.008164031118359602,0.0029983257207581615,-0.0008694922782245541,0.003960631834544012,0.0006727917459472171,0.0023411410659995983
re700_e2,phase1_re_estarmap,700,2.0,0,3,B3_mixed,1.9328896917895602,1.0000000000000002,2,0,4.091401683636206e-16,0.6093842058465636,-0.532172127857659,-1.2195858719936234,0.09792987266449456,0.20550346584505688,0.019008442422273526,0.0,0.0,0.0960606060223319,0.00016624256550920884,0.006368779069204892,0.00023125178140067696,0.00014920986905437268,0.07326004553481322,0.2675784041583186,0.007869788639812742,5.445275219384402e-05,4.7644121664119724e-05,0.38475804012109754,0.06167686664519795,0.027819928353526348,0.00045948277225283914,0.00028444226206106207,0.0024808089154857572,0.02363590507692259,0.014115740715868822,0.0014642192989169733,4.18544670880281e-05,0.010924491618357794,0.015717485849152335,0.0021421417235146403,0.0010224763280556022,2.729680730456859e-05,9.346650376782752e-05,0.0004965760562771785,0.0009965259257852406,4.702573064480045e-05,8.800314418542064e-06,0.6093842058465636,0.035851278426823244,-0.22190220739912656,-0.04228400096856215,-0.03396505367629894,-0.532172127857659,1.4383317268879454,0.2466692793069833,-0.02051839793015551,0.019192793609992754,-1.2195858719936234,-0.6905492879161703,0.4637794852765921,0.05960300375123398,0.04689543757113827,0.09792987266449456,-0.42748378813377336,-0.33035840974116,0.1063987667108215,-0.017988893016502704,0.20550346584505688,0.3485981433035743,-0.12869380180465212,-0.08891195543002109,0.014527452282870055,0.019008442422273526,0.061962141356401525,0.08777641345034189,-0.01906783155077758,-0.008248645227940644
re700_e2,phase1_re_estarmap,700,2.0,1,3,B3_mixed,1.9729143518346681,0.9999999999999998,1,0,4.740410620708316e-16,0.5030307912103776,1.1263577390205,-0.6989231278845054,-0.24068657672644037,-0.022538467843814664,0.0022046743840111187,0.0,0.0,0.06412847488042994,0.0513086050529679,0.00034068123586757164,4.387081298872726e-05,6.228158829775793e-05,0.32152479276953666,0.2622365361574468,0.012300650599826084,6.295800119397058e-05,0.00045778426604272564,0.12379998610623845,0.07706355105185424,0.024956491849256097,0.00013257746827353417,0.00044635342329439446,0.014681333774682594,0.014456087594548658,0.018107538912422002,0.0011056620960927079,0.00010337698536156324,0.00012873912450235876,0.008053696145218727,0.001247748258801305,0.002187938478494961,3.4205511181011944e-05,1.231829738324628e-06,2.1513184311120886e-05,0.0007889450201573298,9.30184409469603e-05,0.00012336938002559315,0.5030307912103776,-0.6363253359143172,-0.05185112919286922,-0.01860681128749521,-0.022169911087571346,1.1263577390205,1.4385690470192074,-0.3115646328150909,0.02228997479751009,-0.060105545451972844,-0.6989231278845054,0.7798455895202507,0.4437883321622697,-0.032345880101599396,0.05935038583894954,-0.24068657672644037,-0.3377609964851724,0.37801917092508464,0.09341041949720397,0.02856248855189131,-0.022538467843814664,-0.2521051582988144,-0.09923105254436863,0.1314019060006972,0.01642979536340726,0.0022046743840111187,-0.01302976133028918,-0.07890553727278936,-0.027093720093744496,0.031202385833742775
re700_e2,phase1_re_estarmap,700,2.0,10,3,B3_mixed,2.0071542368723376,1.0,0,1,4.888349569301628e-16,0.299357361183613,-1.2082808341126359,-0.2532497260486465,0.1134161695092233,-0.10797691664099954,0.060613196457696576,0.0,0.0,0.022323852359861257,0.3895314184415981,0.009343789713720666,0.011176739322958403,5.485219996583754e-05,0.3636847002746767,0.02664550589144783,0.060843687822996616,0.003257212491736093,4.5770883941309726e-05,0.01597670536860535,0.06343222296890363,0.0013883946181443268,0.006675042454560075,0.0009016488394896154,0.0032043445565471556,0.0008239765411168767,0.011296687629345572,0.003085904890648791,6.213030081591161e-06,0.0029043643764679254,0.00018899571013833517,0.0013229891719694958,0.00012586115086442824,0.0003491143029444882,0.0009152160599636563,0.00010988877512889926,0.0003075200880841958,6.926325711850188e-05,8.116806974407403e-06,0.299357361183613,1.7684452345718202,-0.27389360790159817,-0.29955593592178154,-0.020985406887949493,-1.2082808341126359,0.4625219564242387,0.6989210707965973,0.16171243431698878,-0.01916968686527684,-0.2532497260486465,-0.7136336737746215,-0.10557882629124339,0.23149807553388416,0.08508227285052058,0.1134161695092233,0.08133506022832106,-0.30115905722965924,-0.15740250412049725,0.007062721756399861,-0.10797691664099954,-0.03895348715351968,0.10306198759687879,-0.03178822059915689,-0.052942468862256974,0.060613196457696576,-0.029702775667245763,-0.049688640461238144,0.023581521578132245,-0.008072591531486468
re700_e2,phase1_re_estarmap,700,2.0,11,2,B2_temporal,1.907482053052358,0.9999999999999999,1,1,4.472435691365741e-16,0.47443962242406096,0.022556102739185485,-0.6431187602023913,0.05969965169402549,-0.004420523325465706,0.021894703678003762,0.0,0.0,0.059002640409038486,0.223490070458184,0.00536026060724527,0.0015498152466042498,0.0004580940617300282,0.0001333637110678298,0.49559036968165837,0.03597551340315012,5.557710741122946e-07,8.244566883674134e-05,0.10841563071652871,0.0015588562975130003,0.03615069882544842,0.0037996851632580795,5.213708685481975e-05,0.0009342285571402257,0.01754237671828833,0.0007248240191763532,0.005017828503209263,7.850456373275008e-05,5.122204541771907e-06,0.00039292211041251694,0.002859835603093241,2.0574795511263695e-06,0.00037269731277209177,0.00012565728950909115,1.6447272783863706e-06,1.791788256727298e-05,0.0002595731081747906,4.467281236037693e-05,0.47443962242406096,-1.3058381192696022,-0.20223353735722358,0.10874271963574428,-0.05912042629615885,0.022556102739185485,1.9445613755634938,-0.5239184904767283,-0.0020592458323132126,0.025080959603490625,-0.6431187602023913,0.1090594408713651,0.5251925712149547,-0.17026839114955078,0.01994498006757597,0.05969965169402549,-0.365851165136964,0.07436635820584929,0.1956672462643275,-0.0244741534197141,-0.004420523325465706,-0.05475369846354977,-0.14771709566032665,-0.003962123328870908,0.053325919976446964,0.021894703678003762,0.00354247809629793,-0.01169239743179694,-0.044503080580940976,-0.01846213290351844
re700_e2,phase1_re_estarmap,700,2.0,12,2,B2_temporal,2.039721377159428,1.0000000000000002,0,1,4.705431103984747e-16,0.1792163432659261,-1.1354847312985727,-0.3391841766221352,0.15302332981933633,-0.004316093969525911,-0.0038600636498211317,0.0,0.0,0.007873256135193168,0.539098415852132,0.00024112740068018342,0.000658205458626703,0.00027504172526235106,0.31605433699178614,0.06271651031949659,0.010088320089027011,6.870847769209469e-07,7.289546942149542e-05,0.028201377638903773,0.02516239067907266,0.00027155385705209526,0.00013892417954292148,3.081717287751227e-05,0.005740033842663194,6.136168544514911e-05,0.0019848375417775097,9.492888114393217e-05,0.00012121891226359515,4.566473480736062e-06,0.0008730794470080722,0.00013288301795479865,4.200571365979249e-06,8.447559947505249e-06,3.652482036889939e-06,9.730132845465951e-06,2.6798480960532895e-05,4.7963110615383045e-05,2.437806639884292e-06,0.1792163432659261,2.0972463500565466,-0.04435460353948649,-0.07328180523223787,-0.04737123543368603,-1.1354847312985727,0.7153298729943187,0.28689623312421025,0.00236766679024433,0.024387410463359623,-0.3391841766221352,-0.45309719120092384,0.047069914267151756,0.03366699385558689,0.015856663747696675,0.15302332981933633,0.02237505231645309,-0.1272558928168304,-0.0278300893407912,-0.03144854887972214,-0.004316093969525911,0.08439997184883172,0.0329268481567163,0.005854227604550972,-0.008301968106361824,-0.0038600636498211317,-0.008909940508779617,0.014786674337470055,0.019781949553798694,0.004459796549957491
re700_e2,phase1_re_estarmap,700,2.0,13,1,B1_Mode2,1.9579701831345508,1.0000000000000002,1,0,4.185886215574777e-16,0.15798816789083736,1.9214625270133368,-0.0830247874754565,-0.16235297193651158,-0.001104176476119878,0.03880294377215241,0.0,0.0,0.006374014632220819,0.03284011424617757,0.00021848901441966554,0.0003772604748314209,1.3327141539493613e-05,0.9428177902091076,0.004713449143660273,9.146204763845315e-06,2.9419917561732057e-06,7.679613029832767e-06,0.0017602707627317905,0.0028783701880355675,0.00028087481267178666,2.7243945804524157e-05,1.409474828388669e-05,0.006731074794617127,6.4200160694398e-06,8.17398424564872e-05,4.412727706992599e-06,6.665784970219621e-06,3.113442944428966e-07,0.00032169432870172434,1.0406396878239592e-05,1.979963991499255e-06,7.2566442606006e-07,0.00038449728661709467,0.00011458428517546206,6.888554109372013e-08,2.204434047130892e-07,1.3110611536300953e-07,0.15798816789083736,-0.5071487533446094,0.041366410314464565,-0.05435677551124992,0.010216485846071023,1.9214625270133368,0.19213321298523997,-0.008463568093056808,0.004800138388677889,-0.007755373190356256,-0.0830247874754565,0.15014343814095948,-0.04690179136898123,0.014607235680469038,-0.010506587815011497,-0.16235297193651158,-0.007090895582141316,0.025301713325695366,-0.005878771734498018,0.007225346557467385,-0.001104176476119878,-0.05019433847283821,-0.009027826937077958,-0.0039378727551994935,-0.002383970896791355,0.03880294377215241,0.029956809832112703,-0.000734508912159938,0.0013139583151635995,-0.0010133150836879343
re700_e2,phase1_re_estarmap,700,2.0,14,3,B3_mixed,1.8184537956022355,1.0000000000000002,1,0,4.018637802883632e-16,0.4519856316377456,1.194291948906467,-0.8018661137066053,-0.26629069454702303,-0.0030506937057905026,0.011949090329860497,0.0,0.0,0.05617162550432432,0.05419921969287149,4.6691947378290465e-05,0.00045990327144097035,1.2189093426091329e-08,0.39218298058280715,0.127788231844667,0.006525057006916027,0.0009487339419764634,0.0003353953465226824,0.17679560125914262,0.09935558982037025,0.0057365462595819205,6.58429645045281e-07,0.00023289195917529048,0.01949753526150267,0.01523532440221207,0.01951705413189667,3.072867450079658e-07,0.0004124843120948893,2.5589685338877656e-06,0.020747938034463984,0.00044538306027248464,0.0010081480400296937,2.7780119170620893e-05,3.925883628620861e-05,6.3940245830310565e-06,0.0022769535948175537,5.89821068125582e-07,3.1510504102532574e-06,0.4519856316377456,-0.6278814434881209,-0.018429015050632755,-0.0578381482954535,-0.0002977603278183716,1.194291948906467,0.9641099423431607,-0.2178578865292456,0.08307174821330705,-0.04939234519281298,-0.8018661137066053,0.8501142262617445,0.2042708429451893,0.0021884459208942075,0.04115839001358279,-0.26629069454702303,-0.3328947790905343,0.37678036660697595,-0.0014950407991730418,0.05477531060451702,-0.0030506937057905026,-0.38847994372781214,-0.05691778338795139,0.08563341940903565,-0.014215043179406524,0.011949090329860497,-0.006819747289214411,-0.1286939766563476,-0.0020712917322860433,0.004787500215627783
re700_e2,phase1_re_estarmap,700,2.0,2,1,B1_Mode2,1.96145777114617,1.0,1,0,3.99456165324941e-16,0.5074008135612698,1.632629950788612,-0.860179718616315,-0.18397654867763888,0.11461510048380119,-0.05570289078857949,0.0,0.0,0.06562863330271831,0.03477816790605775,1.2640368612966584e-07,0.00014327680368080785,5.92493104321525e-07,0.6794641708382185,0.0024165534311421967,0.0005098440690091047,1.059311435202873e-05,2.242207007078615e-05,0.18861205150658938,0.00771270840422796,0.0006473550191876989,4.779139142541999e-05,3.241149951375247e-05,0.008628116027080471,0.0003634798605146723,0.0007020408370883634,6.37995386575317e-07,4.2501671455663584e-05,0.0033486882695505375,0.004451317821543766,5.137526915794592e-06,3.62508259836481e-05,1.034147630549313e-09,0.0007909454100536912,0.0013765872922373887,0.00018261098472139022,4.143107116169099e-05,3.5551191743059525e-06,0.5074008135612698,-0.5223635044892141,-0.0009958624251583236,-0.033527982343392194,-0.0021560614126893266,1.632629950788612,-0.13769484386720954,-0.06324674256373028,0.0091165665612503,-0.013263475198533369,-0.860179718616315,0.2459931042615407,-0.07126737074078683,0.019363966133545935,-0.015946634453169118,-0.18397654867763888,0.053402262014324076,0.07421653334854526,-0.0022373207270783156,0.018260912766169462,0.11461510048380119,-0.1868804102404365,0.006348871425208709,-0.01686469262525636,9.007634331950534e-05,-0.05570289078857949,0.10392531630012179,-0.03785148531185668,0.018029453291434967,-0.005281369569266353
re700_e2,phase1_re_estarmap,700,2.0,3,2,B2_temporal,2.044248108170293,0.9999999999999998,1,1,4.78746570754948e-16,0.5731744889347375,0.8756957313374395,-0.5567817616856092,0.01819794308733275,-0.06352253663807561,-0.029297740815031063,0.0,0.0,0.08035448179028715,0.06619877376927731,0.018445857725004903,0.00015766315225327428,0.00020707531565334692,0.18756114065062704,0.34219124088783126,0.020673048351796397,0.0017613914594169539,5.523992021789036e-05,0.0758239493794131,0.06349891208462108,0.058845734957163665,0.005390093663172382,1.0564054145550008e-05,8.099925133505726e-05,0.027089639122427147,0.027949161938139958,0.008284101791805993,0.00036720437559972373,0.0009869429852493031,0.0011047409413890157,0.005046123804757865,0.005807626506005746,0.0005018006171193993,0.00020994457899560224,7.108153036491174e-05,0.00023554001011676166,0.0004017821170314159,0.0006881432687809787,0.5731744889347375,-0.7357355993590043,-0.3883704919682733,0.03590557620882421,-0.04114915903262766,0.8756957313374395,1.6727507845670184,-0.4111488294195803,-0.12001201870913461,-0.02125315058064571,-0.5567817616856092,0.7205762441264862,0.6936722060456862,-0.20993988447935114,0.009294201999450871,0.01819794308733275,-0.4706503735344854,0.4780586634168981,0.2602672427777997,-0.0547962352769454,-0.06352253663807561,-0.09504450703649872,-0.20313078586437208,0.21791952182273064,0.06405638023569603,-0.029297740815031063,-0.024108777154747612,-0.0438863176892116,-0.057318141373848726,0.07501294755855517
re700_e2,phase1_re_estarmap,700,2.0,4,2,B2_temporal,1.9098262072384091,1.0000000000000002,0,1,4.24095713744694e-16,0.26536178924909204,0.2732092346699835,-0.2687991894342643,0.020703471570308444,0.03334994637555997,-0.04223103580975564,0.0,0.0,0.01843541546518562,0.7625107401768749,0.043246620782454545,2.964992465510832e-10,0.00018172797907427493,0.01954190533831128,0.08269712553180113,0.013032688481143893,0.01307515656579053,0.001649776574455135,0.01891612021205706,0.017864671471131736,0.00028865419748625544,0.004143694622349688,0.0006308472096809083,0.00011221799487252045,8.074453896406925e-05,0.00026436321427382496,0.0007931945999319159,4.589908705996099e-05,0.0002911832812423765,6.64335796525726e-05,0.0008356796061474406,0.00014693770400216774,8.882426972697585e-07,0.00046691693170964753,0.0006707443640120624,2.621694169869794e-10,9.647805008778856e-06,3.883959666899457e-09,0.26536178924909204,2.4135144456916375,0.5747818011900966,-4.7592521744059795e-05,-0.037259568275787816,0.2732092346699835,0.7948261133201862,0.31553237559440866,0.3160460515373803,0.11226373480305073,-0.2687991894342643,-0.3694234305469632,0.046958677629959804,0.17791836987288634,0.06942070393799886,0.020703471570308444,-0.02483610570157587,-0.04493941676746302,-0.07784250341272327,-0.01872530687122973,0.03334994637555997,-0.02252790194058412,-0.07990000782665929,-0.033503759665731846,-0.0026049101187057624,-0.04223103580975564,-0.07158226497527712,4.475256521354493e-05,0.008585017378687559,0.0001722520009718499
re700_e2,phase1_re_estarmap,700,2.0,5,3,B3_mixed,1.8863055058465834,1.0000000000000002,1,0,4.199598677626315e-16,0.400579501727668,1.0995193574538886,-0.5099459416775487,-0.14942695732817776,-0.048978410980093784,0.013749326531961011,0.0,0.0,0.04253392059425965,0.1265707254349871,0.011814512555475384,0.00015465096817337295,0.00023233674978317381,0.32045254961847564,0.3007041446252058,0.004374605479258875,0.0006392428266805748,5.292561358275636e-05,0.06892967831228708,0.05202364786506716,0.011649886246576913,0.002336916707012028,0.0003542480853338755,0.005918557600333131,0.00772551970363735,0.025859509024966833,0.0012304770157795008,9.973390138307734e-06,0.0006358685628334473,0.00968819061762964,0.0018467808821842082,0.0029630801829790446,8.636393739306363e-05,5.010958709937155e-05,2.8388696884379863e-09,0.0007326553475494891,0.00017152089384827769,0.0002573987325993008,0.400579501727668,-0.9772431760150845,-0.2985684516641824,-0.03415956514652598,-0.0418692292896108,1.0995193574538886,1.5062800319162608,-0.1816793042856852,0.06944947123025492,-0.01998338072513878,-0.5099459416775487,0.6265221253941478,0.2964809914271363,-0.13278763272446203,0.05169990769047464,-0.14942695732817776,-0.24143479742984358,0.4417190702348467,0.09635466921083889,-0.008674758954540673,-0.048978410980093784,-0.2703692830461774,-0.11804394005888286,0.14952290076664876,0.025527144032274785,0.013749326531961011,0.00014635539653434784,-0.07435083902608076,-0.03597448020103883,0.04406961068582266
re700_e2,phase1_re_estarmap,700,2.0,6,3,B3_mixed,2.132160977263037,0.9999999999999996,1,0,4.698228611393034e-16,0.07753764849875336,1.487703332308893,-0.46824649941562807,-0.281222348981588,-0.07075311032596426,0.024671875883049286,0.0,0.0,0.0014098576511876895,0.17928162181541588,0.0016857027998267498,7.925073577863453e-05,0.00011439164767415729,0.5190183172295115,0.068203857859074,0.01729202171069394,0.000412419953723859,0.00024471058240594637,0.05141609534952602,0.09439463410304116,0.002089206408762711,0.001376472937536819,0.00015211377483494073,0.01854597528284223,0.0007244382641584858,0.02324212235505893,2.3738419957111274e-05,3.624369536001003e-05,0.0011739269863254088,0.014836165568515665,0.0001151029908766574,0.0018718503964358303,2.4281195012487163e-05,0.00014274284776798435,0.00017933465030591268,0.0017973820499693003,7.443791403833812e-05,4.158282438143106e-05,0.07753764849875336,-1.2365391671520305,-0.11990312304612655,-0.025998101949687644,-0.031234686314778975,1.487703332308893,0.7626836938755476,-0.38402798809215377,0.059307528411649046,-0.04568423599139071,-0.46824649941562807,0.8972503670604477,0.13348444670764756,-0.10834873111715941,0.036018387238033675,-0.281222348981588,-0.07860328230487314,0.44522329819644224,-0.014228722035999545,0.01758151221236931,-0.07075311032596426,-0.3557138922077831,0.03133165207986788,0.12635009094662059,-0.014390471359471031,0.024671875883049286,-0.03910858439030387,-0.12381127360911177,0.025196318424833813,0.018832023308234226
re700_e2,phase1_re_estarmap,700,2.0,7,1,B1_Mode2,1.8880192721050069,0.9999999999999999,1,0,4.2905656425235653e-16,-0.15007548485005545,1.679535923800116,0.1990317626748204,-0.16591510924617223,-0.032502531711541244,-0.022188801766451747,0.0,0.0,0.005964624272046776,0.1789542909499179,0.0015219766777814611,4.9770183688328186e-05,2.113828981063381e-05,0.747037109475602,0.0173498881788888,0.01242486815780576,1.2716075242214506e-05,0.00029297788120053906,0.010490794013262281,0.004740832382353105,0.004276169883142885,6.85329868187408e-06,0.00010615919433277211,0.007290133073026765,0.008116243084820432,8.439183736419251e-05,1.0355114819645206e-05,9.754230702327535e-06,0.0002797679513307926,7.612773717280548e-05,0.0001918346195286197,1.8524119213200982e-06,7.22538931237838e-07,0.0001303860959220943,0.00048758968288219537,4.701599861715683e-05,1.9757843332545372e-05,3.898865870563786e-06,-0.15007548485005545,-1.1625302579104453,-0.10721047149128206,-0.019387322247259406,-0.012634793000570691,1.679535923800116,-0.36197747582195716,-0.3063226438597128,0.009799631650799601,-0.04703819239754474,0.1990317626748204,0.18921715465255423,-0.17970521584159743,0.007194208778974962,-0.028314703234285494,-0.16591510924617223,0.24757724742980702,0.025245468136039537,-0.00884322482906554,0.008582814352076537,-0.032502531711541244,0.02397754240317397,0.03806244651763549,-0.0037402617059929958,0.0023359515637300294,-0.022188801766451747,-0.060682080325616845,0.018843259960681376,0.01221526733020233,0.005426281932585845
re700_e2,phase1_re_estarmap,700,2.0,8,2,B2_temporal,1.869697200772096,1.0000000000000004,1,1,4.188956425210005e-16,0.5434137586213403,0.5738827021758431,-0.8544337465922125,-0.3136114082035239,0.12188541716880358,0.04678182717278482,0.0,0.0,0.07896960880537983,0.18350845352594825,0.018576740485433264,6.988110012798413e-05,0.00015924778745918906,0.08807344732629571,0.2465698713517672,0.028425785590000665,0.002891322404773079,0.0001511767072907398,0.19523402693605316,0.0313624403326559,0.00025818435025728396,0.0016985892914275708,0.0006522848257039929,0.026301615928713627,0.06769031719900256,0.013030021611189038,9.95920616584876e-06,0.00020815930123400613,0.003972850500144738,0.0004194456120272022,0.005802775547812488,0.0022692347046358004,0.0001299743099739271,0.0005852657191550976,0.001803009880251331,0.00023134426489158412,0.0005749855036362733,0.00036997989059284046,0.5434137586213403,1.171503720652191,0.37273518580935844,0.02286101461406877,-0.03451058634341616,0.5738827021758431,1.3579558140987282,0.46107531596203255,0.14704961620805232,0.033624673467169235,-0.8544337465922125,-0.4843067907818292,0.04394207810102777,0.1127093189304875,0.06984483123968072,-0.3136114082035239,-0.7115065609995466,-0.31216787107221694,0.008630341798607893,0.03945604454741488,0.12188541716880358,0.05600843817438221,-0.2083212250199559,-0.13027327853635143,-0.03117772304261722,0.04678182717278482,0.11612204831246038,0.04159537111181835,-0.06557587320450332,-0.05260229522685869
re700_e2,phase1_re_estarmap,700,2.0,9,2,B2_temporal,1.941758345049457,1.0,1,1,4.3961927123317687e-16,0.5163784463337352,0.8338084895925303,-0.9277107998591732,0.0008622535431167534,-0.0373523621479501,0.027007480014312833,0.0,0.0,0.06866114429683334,0.11420197178164054,0.0025916047457091983,1.844020115253931e-05,6.48340778605079e-07,0.1790224306461958,0.24316428367566734,0.015645841309947863,2.8674950601638404e-05,0.0002591619731365074,0.22161545754897372,0.05355143402732202,0.01844335640902783,0.001671771608853852,0.00021052899892275856,1.914453398675771e-07,0.04015721708940947,0.016732014954573448,0.0012749415937003486,1.273803019659993e-06,0.0003592617386166246,0.009200519948761478,0.008327380770416367,0.0022361024184858595,4.532881263236588e-06,0.0001878204820345265,0.0009817498782258736,0.0006057096522854742,0.0007367275137305211,0.00010780531537375692,0.5163784463337352,-0.9418123629006006,-0.14187699097528975,0.011967692254120478,-0.0022440330811218222,0.8338084895925303,1.3742871272702812,-0.34859972994201127,0.014923782982154668,-0.044865573619749764,-0.9277107998591732,0.6449308301265121,0.37848403516106816,-0.11395045366313772,0.04043743021178149,0.0008622535431167534,-0.558482269717933,0.36049704391318005,0.09951137581238251,-0.003145420571798938,-0.0373523621479501,-0.2673214274187657,-0.2543207510476513,0.13178726086356285,0.005933552062637681,0.027007480014312833,0.08732287257749549,-0.06858984682888057,-0.07564513990505346,0.028936611464902454
re900_e0.1,phase1_re_estarmap,900,0.1,0,1,B1_Mode2,0.11812695960355624,1.0000000000000002,1,0,1.070837210719942e-16,0.02925302412931102,-0.41586568144567937,0.008177241005640636,0.13804561345837743,-0.01761089267973568,-0.008021457572189217,0.0,0.0,0.0036221173539977,0.15131749911564246,0.0017172254337704269,0.0004819646633764881,3.786151358076572e-05,0.7320270731791219,2.0844764459952037e-06,0.0003697838470296339,2.4365537207496293e-05,1.1492471835644384e-05,0.00028303137018316016,0.01876880908901657,0.002252720875329803,4.4495309919319415e-05,3.1698333823572877e-06,0.08066148260759118,0.005722437474274573,0.0002668377352753905,1.2644654330175034e-05,1.9243859297913107e-05,0.0013127551154200317,2.9965212197752576e-05,0.00030225430224539186,4.791987139874018e-06,2.493840105624021e-06,0.00027235011295632564,0.00040292030190545417,2.450990968180247e-05,1.418236250474036e-06,2.0058148850230016e-07,0.02925302412931102,0.26739241653677953,0.028485127308488446,-0.015090794587564432,-0.004229640876142847,-0.41586568144567937,-0.0009924371313703249,0.013218387429655282,0.003393067538042154,0.002330296767602077,0.008177241005640636,-0.09417223270296016,-0.032625576950495234,0.0045852352948947605,-0.0012238345965165773,0.13804561345837743,0.0519990053888537,-0.01122866517010468,0.0024443195955206175,-0.0030154393311098812,-0.01761089267973568,0.0037628177796943125,0.01195062872845483,0.0015047429963853083,0.001085522453779335,-0.008021457572189217,-0.01379793466090317,-0.003403105117899882,0.000818613306190525,-0.00030785763845993746
re900_e0.1,phase1_re_estarmap,900,0.1,1,1,B1_Mode2,0.12238252286249647,1.0000000000000002,1,0,1.032614036989596e-16,-0.011593254525952957,0.4701603931154637,0.09987673885808349,-0.10494731089685998,-0.03389442354760871,-0.010136006340698929,0.0,0.0,0.0005491125177021335,0.0010755890246878998,4.817761173320662e-05,2.0287851347390328e-05,3.0499463241683797e-06,0.9031142277678413,0.002497071202085713,0.00012800309331955221,7.989063177636065e-06,8.394697876490793e-06,0.040754850985273754,0.000501676791448866,4.9522373187315426e-05,3.1467584824108707e-06,2.691890624373153e-06,0.04499800219373215,0.0008777310619092046,0.00014489514441413086,9.625930373819952e-06,6.9998452843672005e-06,0.004693611149508121,5.242298143912051e-05,2.658104435305471e-05,3.7858752531483767e-07,9.863634993090093e-07,0.00041974385776521946,1.519427890457536e-07,4.847639288801214e-06,3.323209984730339e-08,1.9745090642710857e-07,-0.011593254525952957,0.02294631111133266,0.004856376290774692,0.003151430425284954,0.0012219003654094286,0.4701603931154637,0.03496271576857475,-0.007915893252097421,0.001977596224700052,-0.0020271796218326436,0.09987673885808349,0.0156711800958415,-0.004923686817335851,0.0012411417999832301,-0.0011479379179741163,-0.10494731089685998,0.02072862192729913,0.008422026673889629,0.0021707562221924596,0.001851117203796677,-0.03389442354760871,0.005065829339602113,0.0036072456352440156,0.0004304996932509898,0.0006948774093461864,-0.010136006340698929,0.000272728009959985,0.0015404756747068105,0.00012754651260354197,0.00031089895509657967
re900_e0.1,phase1_re_estarmap,900,0.1,2,1,B1_Mode2,0.12692590831656766,1.0000000000000002,1,0,1.0762906979180742e-16,0.007859449755892168,0.47656643667313364,0.0012082006575982185,-0.15822138174049577,-0.005547560613399012,0.00734677033864277,0.0,0.0,0.00024333467959642116,5.5339754986173554e-05,8.164314191602933e-06,2.0728474011673882e-07,2.206193456252215e-07,0.8946777359153335,0.0034300619441461505,5.232686515120279e-05,4.368126903769289e-05,2.073499043809379e-06,5.7503974105112875e-06,0.0009407999127335631,3.254100531194822e-06,3.381714221710947e-06,9.049855196705138e-07,0.09861661016218227,0.0011971537552555415,0.00015516139875039936,7.242676340100389e-06,1.0828144086083861e-05,0.00012123383305864787,8.655514642639731e-05,1.6545652798638937e-06,3.382432711194148e-07,1.1146049347003671e-07,0.0002126241802191453,0.00012164628092587376,9.161263070066809e-07,5.088338195994235e-07,1.7793759580286987e-07,0.007859449755892168,-0.0053005843706657035,-0.002035940072350899,-0.00032440594272904895,-0.000334677820213339,0.47656643667313364,0.04173074300047111,-0.005154273911493244,0.004709260981950155,-0.0010260229033097457,0.0012082006575982185,0.0218551489098432,-0.0012853476816415518,0.0013103085884748167,-0.0006778380605941835,-0.15822138174049577,0.02465358617162214,0.008875584819506507,0.0019175852242965953,0.0023446722786000305,-0.005547560613399012,-0.0066290544060654665,0.0009165308527611729,-0.0004143999730636998,-0.00023788421027968435,0.00734677033864277,-0.007858769547416157,0.0006819975473549028,-0.0005082684122974607,0.0003005654069978482
re900_e0.1,phase1_re_estarmap,900,0.1,3,2,B2_temporal,0.12292847085738429,1.0000000000000002,0,1,1.114649940082425e-16,-0.026931463917432688,0.02185891882100172,-0.00106059523318141,0.005370320526514145,-0.0012291080852570345,0.001874199942455776,0.0,0.0,0.002950104819807941,0.987539540913261,0.0015214867796671933,5.3098015765619366e-05,1.1471026504474121e-05,0.001943456746393104,0.004671288532268579,0.00012835391033270643,0.0007583810104689404,1.4267086437651403e-05,4.575271459905089e-06,4.476724272527386e-06,0.00013148479208100624,4.5001671728011205e-05,1.2029969053455018e-05,0.00011730538237540734,4.1283190837859923e-07,4.303374058485823e-05,5.893490607474919e-07,6.091332402653044e-06,6.144657436587099e-06,4.275010426755511e-07,7.915391886777355e-06,7.549797576592563e-06,2.9758806646072404e-09,1.4287273728379868e-05,3.1097058276165368e-06,1.8007915259378044e-06,1.1497459576542157e-07,2.19702466502824e-06,-0.026931463917432688,0.6968406580436318,0.02735207803836586,0.005109699749937905,-0.0023749658922683752,0.02185891882100172,0.047926375043619206,0.007944394231347138,0.01931078641011026,-0.002648645781806705,-0.00106059523318141,0.001483666902336138,-0.008040702564208977,0.004704035157840724,-0.002432139552084033,0.005370320526514145,0.00045054986502324906,-0.004600031271793695,-0.0005383225012533839,-0.0017306625063739903,-0.0012291080852570345,0.00045848467571356355,-0.001972842640332458,0.001926743440495708,3.825286705878264e-05,0.001874199942455776,-0.0012365619793689236,-0.0009409963838750285,0.0002377700674592087,-0.0010393784344652885
re900_e0.1,phase1_re_estarmap,900,0.1,4,2,B2_temporal,0.12389170884391987,1.0000000000000002,0,1,1.0784029372603184e-16,-0.004787398113950499,0.13282569178448134,0.002712751155889953,-0.001038550197875809,-0.0019944414525987914,0.001071677652430098,0.0,0.0,9.249683015644989e-05,0.9195790905400678,0.0003048377396047395,0.00017965692849789558,5.9298467658616754e-05,0.07120195759125597,0.00014738007004401786,0.0015847348372747348,0.0010949617904351323,1.486140969762582e-05,2.9699399993962667e-05,0.005145504382198736,1.1606963770551957e-05,0.0002489881442326187,1.100113066933861e-05,4.352940659115037e-06,4.6587735118904734e-05,0.00018804927257411988,1.0293538349713533e-06,1.884078942881865e-06,1.6053522648782126e-05,1.9246340392730253e-05,1.9465151180791462e-06,5.866276858915859e-07,1.198204754837024e-07,4.635068001866734e-06,1.9704175640732607e-06,5.377371981484299e-06,1.6592699994485821e-06,4.2543944396741647e-07,-0.004787398113950499,0.6750651078056004,0.012290950895638473,-0.009435677798071362,-0.005420918184238514,0.13282569178448134,-0.008546149712540724,-0.02802395454281627,0.02329435015928168,-0.00271382051231725,0.002712751155889953,-0.05049694370056388,-0.002398338238049962,0.0111081171529392,-0.002334908030599592,-0.001038550197875809,-0.0048049283512031716,0.009653547684880163,-0.0007142223900708889,-0.0009662748259796079,-0.0019944414525987914,-0.0030883406549453776,0.0009821549455546206,-0.0005391782876202002,-0.000243678176800196,0.001071677652430098,-0.0009881667858192974,0.0016324359759273934,-0.0009067961086487631,0.00045916628675341713
re900_e0.25,phase1_re_estarmap,900,0.25,0,3,B3_mixed,0.24035865209989515,1.0000000000000002,0,1,1.4584116317030269e-16,0.04547821176714771,-0.44875120004885316,-0.014189650447234456,0.13786470226164996,-0.006495948986700244,-0.007770346654232021,0.0,0.0,0.00430246160782667,0.4450985041553935,0.006852039273321562,0.004366349650522531,0.0007919599237580653,0.41891073565679576,7.079677336681703e-05,0.0021642710940583017,0.0009433167813346983,1.6713607169521281e-06,0.00041884529234882667,0.05752498780260312,0.008468682712709414,0.0009022698260425986,8.0701601679776e-05,0.03953815675791452,0.003921736455353435,0.0017152988652506741,0.00021715555422160594,3.8047963425943834e-06,8.777997560968667e-05,0.0014550660031387845,0.001282839323224326,5.10365252212095e-05,5.6298247799836804e-05,0.00012560040297996224,0.0005213606367901743,2.4886747388728304e-05,9.635753012782217e-05,5.028666158213891e-06,0.04547821176714771,0.654165962154773,0.08116518770682701,-0.06479166355624599,-0.02759379783876256,-0.44875120004885316,0.008250240486063397,0.04561584299107576,0.03011540137968077,0.0012676371864209853,-0.014189650447234456,-0.2351733703487416,-0.09023350069433232,0.029452902011041688,0.008808479596855202,0.13786470226164996,0.06140434148493973,-0.04060969949163041,-0.014449251372816642,-0.0019126063059820722,-0.006495948986700244,0.037402550887917795,0.035119312669295834,-0.007004875562073096,-0.007357111106067289,-0.007770346654232021,-0.022388706073985548,0.004891521259283382,0.009625043597033393,-0.0021988027830150197
re900_e0.25,phase1_re_estarmap,900,0.25,1,1,B1_Mode2,0.26583018225242605,1.0,1,0,1.5037214120664448e-16,-0.004499194449202535,0.7095223389391017,0.06156621730118207,-0.11197233238823297,-0.011001610165431094,-0.009794994781535555,0.0,0.0,3.807459055291333e-05,0.014760840104629311,0.00021272892098290238,0.0001951335051967076,9.973385196578982e-06,0.946886364046457,0.003205407468115561,0.00036292559203980374,6.447352246378451e-07,2.3437600904544262e-05,0.007129361836680188,2.727801569614019e-05,4.122795851522594e-05,6.135077775361585e-07,2.163884454652522e-06,0.023582354558511574,0.0027021915954374715,0.0002200035256388834,2.7944232441561033e-05,1.0011380629671056e-05,0.00022765553784480426,0.00013552096541343824,8.121626535539124e-07,1.070792064422348e-06,1.6925553829848133e-08,0.00018045716622050944,9.092588542524202e-06,6.56699179613587e-06,1.3456346238081927e-08,1.1296848162698748e-07,-0.004499194449202535,0.12528171159770335,0.015039915935303213,0.014404495860667322,0.0032565176520204762,0.7095223389391017,0.05838130013771352,-0.019644498087353687,0.00082798570584289,-0.004992162545436447,0.06156621730118207,0.005385654977433844,0.006621068108998116,0.0008076852959308294,0.0015168728344241273,-0.11197233238823297,0.05360313738191514,0.015294911221286728,0.005451025739379453,0.003262714904728187,-0.011001610165431094,0.012004259733091252,0.0009292951010585399,0.001067049857579006,0.0001341539870344788,-0.009794994781535555,-0.003109395098346641,0.002642502318649492,0.00011961777414617055,0.0003465858165573538
re900_e0.25,phase1_re_estarmap,900,0.25,2,1,B1_Mode2,0.2695914499498155,0.9999999999999998,1,0,1.4755883842668695e-16,0.02048704666422642,0.7025777160788651,-0.018302269004646293,-0.19251170368362622,0.0028761887866603775,-0.0009526492801726351,0.0,0.0,0.0007784354457463722,0.00034650829593176584,3.2599972567864796e-05,7.853777995620172e-08,7.22459661111476e-07,0.9154879489362162,0.00364276100974544,0.00045724914025569916,5.564397563988706e-05,2.004960645019384e-05,0.0006212605236197063,0.002401644269006356,1.4556142085237953e-05,9.951849276297212e-06,1.5073984181587509e-06,0.06873503603706863,0.005997603742494102,0.00023864726195731525,2.470472314657664e-05,1.7708003954593896e-05,1.5342589570349534e-05,0.0005058865778334851,2.9477458775999675e-06,1.9773891655294264e-06,1.5025971033113848e-07,1.683177732792302e-06,0.0005403953880748226,4.2564675981437534e-05,1.0878278806801985e-06,3.347037151274639e-06,0.02048704666422642,-0.019330356843047104,-0.005929139523706582,-0.0002910196830060261,-0.0008826527008269903,0.7025777160788651,0.06267558447874028,-0.0222054460626073,0.007746261052592887,-0.004649818264763014,-0.018302269004646293,0.050890579118146734,-0.003961924507324605,0.0032759325243838506,-0.001274961529150548,-0.19251170368362622,0.08042145706621896,0.01604210227839557,0.005161465735116088,0.004369863367125355,0.0028761887866603775,-0.02335660043998522,0.0017829044676883465,-0.0014602564326174137,-0.000402535629117279,-0.0009526492801726351,-0.02414008916448195,0.006774975340022968,-0.0010830865074377201,0.001899823779878576
re900_e0.25,phase1_re_estarmap,900,0.25,3,2,B2_temporal,0.26854842269574297,1.0000000000000004,0,1,1.4683465746511266e-16,-0.04154559788824145,0.011901157834285797,-0.002635294479534648,0.003169473221258294,-0.0006617775508620119,0.0022516001757454285,0.0,0.0,0.003213641485146606,0.9852813569457645,4.5999506967912005e-05,0.00011757693180255321,3.1636594327930584e-06,0.00026370953211118497,0.008801542521029744,0.0006680682333757134,0.0012969853707156152,5.9338716336548335e-06,1.2930213709975887e-05,1.806051402151217e-05,2.244659814225296e-05,0.00011026495241028509,1.432555153443258e-05,1.8703443497143033e-05,5.668841227576516e-05,9.349429829423928e-06,1.2291232892304105e-05,2.1177938262660976e-06,8.1540141332557e-07,3.739608591268188e-09,3.963611240618713e-06,2.014914913077763e-06,9.843510064341461e-10,9.439086069704197e-06,3.0327515890327277e-06,2.5013242178025406e-06,6.47713442658136e-07,2.424273034720191e-06,-0.04154559788824145,1.0287774381649442,-0.007029394011154762,0.011238344999328078,-0.0018434703693014267,0.011901157834285797,0.0972345691883715,0.026788704360321675,0.037325775306891185,-0.002524703442146833,-0.002635294479534648,-0.0044045987574585915,0.004910396532251637,0.010883286093529513,-0.003922807295199931,0.003169473221258294,0.007803482223157231,-0.003169084810349086,-0.0036336159434999745,-0.0015082840470396059,-0.0006617775508620119,6.338031204355249e-05,-0.0020634161449860494,0.0014711930149007143,3.2517435947925356e-05,0.0022516001757454285,-0.0018049273178305516,-0.0016391786642602879,-0.0008341281037938286,-0.0016137344263018366
re900_e0.25,phase1_re_estarmap,900,0.25,4,2,B2_temporal,0.26247647543170216,0.9999999999999998,0,1,1.4614335838197894e-16,-0.0015079269397583986,0.10386176651519674,-0.0006358761317736793,0.0018254069066350363,-0.0033615327148609,0.0009873155762520661,0.0,0.0,4.331518952144714e-06,0.96480847817525,5.664309232708548e-05,0.00020640690595401956,4.9265404078631934e-05,0.02054901591831255,2.9011220944605833e-05,0.002317322846627151,0.0027883494838498763,9.652110307376706e-06,7.702375123226399e-07,0.008041889433273646,6.057402621465264e-06,0.0006434364364245894,4.692318009155338e-05,6.34744574596729e-06,0.00013004250225509488,0.00016428252089061072,1.3108099717130578e-05,2.650452639958258e-05,2.1525552289009595e-05,5.402124120978011e-05,1.5678248148952237e-06,6.163931070611012e-06,8.491427405981472e-07,1.8569131681357011e-06,1.066933913554749e-05,1.6832246488661313e-06,3.329975695253999e-06,4.943936920025091e-07,-0.0015079269397583986,1.0064582034402898,0.007711674067688776,-0.01472099958285087,-0.007191942609136397,0.10386176651519674,-0.005518972013522271,-0.04932515517340229,0.05410641902002835,-0.003183364191517044,-0.0006358761317736793,-0.09188703486906334,0.0025218451105117104,0.02599130069827678,-0.00701889761329454,0.0018254069066350363,-0.011684707552735154,0.013133209365330698,-0.003709753530012325,-0.0052751548498025875,-0.0033615327148609,-0.007531083585033141,-0.0012829920210321796,-0.002543923664120397,-0.0009442033545600605,0.0009873155762520661,-0.003346909339366114,0.001329371089190895,-0.0018698024320911572,0.0007204629449249562
re900_e0.5,phase1_re_estarmap,900,0.5,0,3,B3_mixed,0.46341195719151745,1.0000000000000004,0,1,2.3088016146359704e-16,0.07123054485877857,-0.5784047160030452,-0.007865575264693211,0.1392189853798323,-0.022749224752346794,0.0040065210350263706,0.0,0.0,0.005474384553678645,0.49378616138832243,0.005656405796853165,0.007468601287940297,0.0014886146223362388,0.36096610186981076,0.006173598433551326,0.009330833042515306,0.0025890968593583817,4.088840561414753e-08,6.675191833579013e-05,0.06030174358948528,0.009950744468805126,0.002391136206275135,0.00029701936159361647,0.020912198735281932,0.002935329159327939,0.004328871226341093,0.0012413668464952249,1.419345494433894e-06,0.0005583878650534108,0.0013340001637024783,0.0019593622335378653,9.101949895803596e-05,0.00010134811006894783,1.7319590652550607e-05,0.0003384258124374407,9.8811969258031e-07,0.00023419375844673757,4.535247242519941e-06,0.07123054485877857,0.9567160738339228,0.10239621244927315,-0.11766119394817479,-0.05252967982543766,-0.5784047160030452,0.1069751248282797,0.13151455588579236,0.06927679100402034,-0.0002753047480309247,-0.007865575264693211,-0.33433246338855227,-0.13581301807708493,0.06657570455538447,0.023464213064142835,0.1392189853798323,0.07376358534468053,-0.08957791440815689,-0.04796933353412425,-0.0016220254911764771,-0.022749224752346794,0.049726919339736705,0.060265807469606684,-0.012989153037012802,-0.013706338102456462,0.0040065210350263706,-0.025046402384834736,0.0013533757507479172,0.0208353726113876,-0.002899439808655181
re900_e0.5,phase1_re_estarmap,900,0.5,1,1,B1_Mode2,0.5165765580660007,1.0,1,0,2.1869772546294926e-16,0.01724946580906542,0.9872029451115365,-0.0062399912018056,-0.09135712830117433,-0.004581559382496075,-0.014450768887185371,0.0,0.0,0.0002879961024674498,0.04112948404808099,0.0006134465219237034,0.0006296302584453504,2.27394181792817e-05,0.9432964384655401,0.0016480931238392756,0.0004403002826267924,1.6370098981852565e-05,3.120766119533139e-05,3.768801505858927e-05,1.5811772427185166e-05,0.0004538162277972331,2.7839680379237677e-07,2.5219348726190747e-05,0.008078303942676082,0.0027613798986901167,0.00022184012917004267,3.109626199890636e-05,9.64674097046465e-06,2.0317110840186376e-05,8.496239145034214e-06,1.234111794653403e-06,1.1522621181679878e-06,8.38371420517472e-09,0.00020212369122270943,8.077704838525778e-06,7.699320425319496e-06,9.823785113828956e-08,6.2224516841477936e-09,0.01724946580906542,0.2915237712749213,0.03560292644448802,0.036069501341820936,0.006854677344843237,0.9872029451115365,0.05835636291905574,-0.030162811839404877,-0.005815981219792629,-0.008030229437712021,-0.0062399912018056,-0.005715939459916701,0.030622268038144447,0.0007584543827538785,0.007218787810052819,-0.09135712830117433,0.07553711997628669,0.02141003599880931,0.008015884228733252,0.00446465239277456,-0.004581559382496075,0.004189968006583055,-0.001596888503497611,0.001543025079502026,-0.00013161808732720885,-0.014450768887185371,-0.004085463480467658,0.003988628057244146,0.00045054354290264897,0.00011339087571280251
re900_e0.5,phase1_re_estarmap,900,0.5,2,1,B1_Mode2,0.5225298568913237,1.0,1,0,2.093555790801887e-16,0.035486787021237844,0.9832864549101739,-0.05449836633082514,-0.1860964398497271,-0.011557367117511291,-0.003202986165512845,0.0,0.0,0.0012050144470047072,0.00670868036491874,9.541968096935648e-06,2.311075878157416e-05,5.0702830438910126e-11,0.9251646003176659,0.0004925123669860825,0.0013929008592916783,3.6801385768261826e-05,6.081385904364176e-05,0.0028420116990047267,0.01641446863938248,0.0006287959971694578,3.812360663665833e-05,3.273698229254602e-05,0.03313866611448565,0.008942707109758455,0.0005147293426417661,6.233002171012052e-06,3.502453598707275e-05,0.00012781349517862275,0.001141308969919995,0.00042272671550596774,1.4029343924184493e-05,9.383509425202556e-06,9.816779119092881e-06,0.0005475491298875431,3.68201472133427e-05,1.2203827015052715e-06,1.8581193344108663e-06,0.035486787021237844,-0.11841428614843097,-0.004465854106060054,-0.0069501256042710045,1.0294414550275069e-05,0.9832864549101739,0.03208441469863178,-0.05395673402530893,0.00877036437986296,-0.011274228499207076,-0.05449836633082514,0.1852247278209219,-0.03625270651495107,0.008926527369595457,-0.008271892328210727,-0.1860964398497271,0.1367162238548609,0.03280008839917156,0.0036093931525519565,0.008556019115689291,-0.011557367117511291,-0.04884129452506676,0.02972455753463608,-0.0054150719563024405,0.004428617769503021,-0.003202986165512845,-0.03382961829409884,0.008772599672641044,0.0015971053795791894,0.0019707083294051523
re900_e0.5,phase1_re_estarmap,900,0.5,3,2,B2_temporal,0.5224911835919482,0.9999999999999998,0,1,2.491232229074578e-16,-0.060356457676942143,-0.005116623628297694,0.0038468128903580458,0.001168516347559632,-0.0019853399466334253,0.0013514656345611083,0.0,0.0,0.003486089428595524,0.9895674121231856,6.258322543965588e-05,4.69193849939117e-05,6.762937002358913e-05,2.505289866680317e-05,0.003963209982695263,7.928427298017147e-07,0.0025041528186429108,6.635961547750593e-08,1.416097522612137e-05,1.37325562657807e-05,3.744129598793181e-05,2.629242140503963e-05,8.29322781777106e-05,1.3066540617271615e-06,1.387324179808347e-05,4.227836044950871e-05,1.4159708370318049e-05,1.0046359161607468e-05,3.7719054669989203e-06,1.9328675737197716e-07,2.6829354176885343e-08,4.689499650320984e-06,2.151831375836902e-08,1.747837493489723e-06,9.558566120252011e-07,5.21499669997818e-06,2.357306222348118e-07,3.010253537046725e-06,-0.060356457676942143,1.4381102160881334,-0.011436639984360359,0.009902517861407818,0.011888776150504796,-0.005116623628297694,0.09101081858069122,-0.001287250304014521,0.07234356281267457,-0.0003724100644910051,0.0038468128903580458,-0.005357290201977408,-0.00884595886401264,0.007412842472201181,-0.01316531567157411,0.001168516347559632,0.005384662116544704,-0.00940001501947541,-0.0054399716123245696,-0.0045821977648888524,-0.0019853399466334253,-0.0006355804485096567,-0.0002367961234386104,0.003130637138187841,-0.00021206724616982354,0.0013514656345611083,-0.0014134024940705844,-0.003301387464809124,-0.0007019036168031428,-0.0025082511305556244
re900_e0.5,phase1_re_estarmap,900,0.5,4,2,B2_temporal,0.4966735773359972,1.0000000000000002,0,1,2.0163255067538577e-16,0.010230472940005474,-0.010685917717603082,-0.012007849959854048,0.011947822907491535,-0.004851082033574268,0.0014216982936567466,0.0,0.0,0.000105363543937209,0.9590216783933424,0.02206120668071448,0.0005469906740972555,1.7944725129302245e-05,0.00011495360602818548,0.00031863139707978593,1.3610472905194427e-05,0.0032880468329046513,0.00014977482296923587,0.0001451541487587773,0.010425162068942102,0.002765306804537368,7.813857550999188e-05,1.0853924690907599e-07,0.00014370652954244986,0.00047463155057373975,5.234239866405985e-07,6.46571568238942e-05,5.376812830675983e-05,2.369060683949682e-05,9.294114833993085e-05,5.0137977944630235e-05,2.7024341112685144e-06,1.0697451719186002e-05,2.0347630017160697e-06,1.6146229118905917e-05,3.7988808719870745e-06,8.130044055459515e-06,3.6238866127089693e-07,0.010230472940005474,1.380319858221845,0.20935346610418717,0.032965182533898546,-0.005970819315397749,-0.010685917717603082,0.02515995197445209,-0.005199985487309587,0.08082291712001118,0.017249834447784832,-0.012007849959854048,-0.14391528812588356,-0.0741203028337351,0.012459432704017726,-0.000464364408815688,0.011947822907491535,-0.030707455129983706,-0.001019746760540587,-0.01133375513765815,-0.01033541651464116,-0.004851082033574268,-0.013588438118887547,-0.009980422609519665,-0.002317090949927136,-0.004610050591369785,0.0014216982936567466,-0.00566371093082041,0.0027472195052912047,-0.004018944172254368,-0.0008485019099080905
re900_e1,phase1_re_estarmap,900,1.0,0,3,B3_mixed,0.9613757585869398,1.0000000000000002,2,0,3.094270405519633e-16,0.33997159958113554,-0.608413646487425,-0.8314514845318884,0.07216070457348034,0.131666738504427,0.01984158829337521,0.0,0.0,0.060112129669069286,0.0031241090612274735,0.0030576522397241335,0.00013773340487506646,0.00014097380716063392,0.19251950235161364,0.2527473518922855,0.007173855400728622,5.959260374389996e-05,6.889178867368266e-05,0.3595428556189062,0.03351523554011044,0.022117342238430555,0.00043991792780210897,0.00040309609391775213,0.002708185242882951,0.023247381817772857,0.011682344333726481,0.000912929230379539,7.271219321556885e-05,0.00901631327477736,0.012799470677546295,0.002272943071082876,0.0005839964653672563,7.286724297491255e-07,0.0002047527319507515,0.0005422079711235817,0.0007722495756510365,2.322528259465907e-05,3.1982123017076447e-07,0.33997159958113554,0.10960734863403812,-0.10843528469017535,-0.02301421791802008,-0.023283367522756962,-0.608413646487425,0.985870533399363,0.16609359623860873,0.015138148450912051,0.01627647327851741,-0.8314514845318884,-0.3590027018928612,0.2916372861785553,0.04113035042674677,0.039371401451998696,0.07216070457348034,-0.2989947780829733,-0.21195398223114503,0.059250925103067224,-0.016721691291390072,0.131666738504427,0.2218567180153656,-0.09349122673678485,-0.047389452197911616,0.0016739510266569379,0.01984158829337521,0.04566248348702987,0.05449484458588565,-0.009450549967665674,-0.001108996623561365
re900_e1,phase1_re_estarmap,900,1.0,1,1,B1_Mode2,1.0306545776264404,1.0,1,0,2.7586815282151083e-16,0.0457714324980571,1.413984334311109,-0.043035946388895574,-0.1446698948902239,0.007931489928611868,-0.00938611936520556,0.0,0.0,0.0010163560510005987,0.007458059335290764,0.0009876998659623737,0.0001853846349908802,6.472893454242119e-05,0.969942666087829,0.0031896990536789648,0.00015326765763545662,4.633325728220364e-05,1.521356260697606e-05,0.0008985031075363752,0.0038028382647492527,8.355712872007437e-05,2.196456610615529e-05,1.496451673236709e-06,0.010153439834201297,0.0013959896202050228,0.0001804927693421873,2.3194293415865693e-05,6.445905792548404e-06,3.0518727541358974e-05,0.0001890267106325017,2.0149555775011855e-05,4.874061364979183e-09,1.5836489644973465e-06,4.2739458325977714e-05,8.00744211879132e-05,8.395527681930305e-06,9.525540359448237e-08,8.14378642046181e-08,0.0457714324980571,0.17534746070732857,0.06381151583139652,0.027645435259728318,0.01633562642704939,1.413984334311109,0.11467306450819129,-0.025136906169540073,-0.01382079356827918,-0.007919577752099241,-0.043035946388895574,0.1252104255329692,0.018560014785410743,0.009515856367744841,0.002483807373544221,-0.1446698948902239,0.07586258873471964,0.027278247667399648,0.009778610266059853,0.005154998472177776,0.007931489928611868,-0.027915676212985165,0.009114215686860883,-0.00014175293517169896,0.002555147787986098,-0.00938611936520556,-0.018169102206560497,0.005883158687973993,-0.000626659134644369,0.0005794283649757236
re900_e1,phase1_re_estarmap,900,1.0,2,1,B1_Mode2,1.023683303230914,1.0000000000000002,1,0,2.8358459334318574e-16,0.06544096897235807,1.339768077231905,-0.20432303514286349,-0.20131191414025107,-0.03004885606633792,-0.00829327485007675,0.0,0.0,0.0020917213392681053,0.012283899773580492,1.7557483370556853e-06,3.417682597163897e-05,1.220149727357032e-07,0.8767254946448898,0.002146797190527108,0.0028759243198845084,5.630552627376963e-05,0.00012157143398962816,0.020391024527912357,0.04260460075764464,0.0006162624656525815,4.619376684996285e-05,3.329229481613665e-05,0.019794445531593367,0.008504982892534423,0.0027751129911219564,2.9045279537639513e-06,0.00012451769284203492,0.0004410220172809719,0.006568137461746313,0.001251175595258916,2.3992143157202377e-08,2.2548986459094736e-05,3.359359653607687e-05,0.00024441496159810993,0.00016030821874996154,4.650285314630979e-05,1.1660504649970315e-06,0.06544096897235807,-0.224275037369533,-0.0026812909258932334,-0.011829834505113835,0.0007068371533350934,1.339768077231905,0.09375799569883383,-0.10851793782820413,0.015184074173434153,-0.02231149005557644,-0.20432303514286349,0.417677475746155,-0.05023375743447676,0.01375322330766845,-0.01167574688480702,-0.20131191414025107,0.18661627990453625,0.106599002501726,-0.0034486616360760065,0.02258022879593798,-0.03004885606633792,-0.1639962518219874,0.07157674388449232,0.0003134348822881965,0.009608958516500163,-0.00829327485007675,-0.03163564541764939,-0.02562068280940417,0.013799158571228395,-0.0021851008139141814
re900_e1,phase1_re_estarmap,900,1.0,3,2,B2_temporal,0.9909887789107588,0.9999999999999998,0,1,3.0023669599400534e-16,-0.12185907424628968,-0.4747585189851442,0.14237416145165244,-0.07091056357870112,0.03615683567712061,-0.0032592128337396863,0.0,0.0,0.007492332048645724,0.8295661340097339,0.007242198897246046,0.0007812342412141515,9.861462506671818e-05,0.11372260521290171,0.016981280845858586,0.0005424133681216565,0.0012523143486485688,1.6773028432461474e-05,0.010227361944169197,0.0004128222343433996,0.005637137993651076,0.0006189856365067509,0.0002529245311578238,0.0025370156222030375,0.00011038330995419303,0.0006856629044326907,0.00015049082813458085,5.6463211692476385e-05,0.0006596022043858223,0.0004741227295638394,0.00018872597489807006,0.00018062960898930838,2.8028737928927927e-05,5.359530058094662e-06,6.126613437433502e-05,7.23141568256181e-06,9.838411097740225e-06,4.6410906618196165e-08,-0.12185907424628968,1.8133843830451668,0.16943361935354745,0.055648696902769794,0.01977129099250824,-0.4747585189851442,-0.25944755747378356,0.04636919500443165,0.07045649628471934,0.008153988708581937,0.14237416145165244,-0.04045255007631418,-0.14948365123825044,-0.04953414257197247,-0.03166356722093504,-0.07091056357870112,0.02091780309149444,0.05213383716582375,0.024424145594911375,-0.01496053598084064,0.03615683567712061,-0.043352061303901346,-0.027351440431025272,0.026758319502348613,0.010540619483616313,-0.0032592128337396863,0.015583844415574062,-0.005353971160571577,-0.006244919535165092,0.0004289181165570299
re900_e1,phase1_re_estarmap,900,1.0,4,2,B2_temporal,0.9530052909141087,1.0000000000000007,0,1,3.0447435195168887e-16,0.009812473055817167,0.3224467127920044,0.04739440922488297,-0.033329741578079705,-0.0029185796794433568,-0.004996812016696027,0.0,0.0,5.051631317743424e-05,0.6903970528971023,0.1283986115306785,0.011800241013223474,0.0005580771297312414,0.054549478151711545,0.09299041164194245,0.009728721404143006,0.004768821256903325,0.0005225601812416887,0.0011784981926076829,0.0013293769937021795,0.0014126248374825678,0.00019709623651025697,0.0001010949654284256,0.000582825554198153,0.0011671522931332391,8.818417437639204e-10,1.725742157527442e-05,1.9108315133906425e-06,4.469076628677079e-06,8.062624923052924e-05,5.248737376648953e-05,2.763925943338722e-06,6.185371985448805e-06,1.309968085604685e-05,7.972566705770168e-05,5.14745637763532e-06,2.7444269159599844e-08,3.138026037197992e-06,0.009812473055817167,1.6222848630773157,0.6996129105005479,0.21209141538179835,0.04612376642782037,0.3224467127920044,0.595383420323583,0.19257749579821234,0.13482895667107328,0.044631944503656346,0.04739440922488297,-0.07118717043450087,-0.07338225791559073,0.0274104911458028,0.019630999662581475,-0.033329741578079705,-0.06670239308026397,5.7979301394754316e-05,0.008110835732221882,0.0026989127754017514,-0.0029185796794433568,-0.01753137097927643,-0.01414506909218204,0.0032459427275887483,0.004855797453932615,-0.004996812016696027,-0.0174331847380387,-0.0044296966770360395,0.0003234472675065879,0.0034586444838843556
re900_e2,phase1_re_estarmap,900,2.0,0,3,B3_mixed,1.823635776324285,1.0000000000000002,2,0,3.759534018329601e-16,0.5806235043129637,0.27333437245588554,-1.5875207523212433,-0.08369015294777267,0.39498058564112104,0.055541628385444304,0.0,0.0,0.09243173942336545,0.029554751860430165,0.003601720968438626,0.00042122568628247167,0.00010959343954883927,0.020484265590698547,0.09631967248535181,1.225904266904776e-06,0.00036787374226034705,2.6419497090668032e-06,0.6909883464038963,0.0007302675522534399,0.002277783154670022,2.2429468147058467e-05,0.00011513650566757272,0.0019203510348264027,0.013990739930786414,0.000283577356833829,4.800014005155386e-05,7.480480999186857e-06,0.04277434810690531,0.0004305299347287162,0.001215702197894672,6.966198929504626e-05,5.338445659866871e-05,0.0008458027978384621,0.0008328226783432312,9.146313722453005e-05,7.46000263857176e-06,1.6200489688755786e-09,0.5806235043129637,-0.46431499158681994,-0.1620892003112117,-0.05543147955490508,-0.028274265133629635,0.27333437245588554,0.838217157324104,-0.0029903865164731766,0.051802228429142616,-0.00438996765760467,-1.5875207523212433,0.07298608181230548,0.12890068815277975,0.012791118880989542,0.028980479699021507,-0.08369015294777267,-0.3194621346891106,0.04548150451678786,-0.018712003919045105,0.007386927040178802,0.39498058564112104,0.05604033517922055,-0.09417001691487135,0.02254223555270113,-0.019733606355956664,0.055541628385444304,0.0779426771816552,-0.02582986250505492,-0.007376808985780512,-0.0001087084037053028
re900_e2,phase1_re_estarmap,900,2.0,1,1,B1_Mode2,2.0033937536523254,1.0,1,0,4.560151347181722e-16,0.24344609630297506,1.7209575420576886,-0.44766163177179363,-0.06447882870614426,-0.05323495584663501,-0.03760359935037839,0.0,0.0,0.014791401265255865,0.06286784017363864,0.0005348664857645764,6.18337938527613e-05,3.0140829391750174e-05,0.7391694359049155,0.07620951282671229,0.006672404719226511,4.4986623102813276e-05,0.0003995863866635821,0.05001536422763627,0.03529246685689595,0.0043446370961788255,0.00020599974808501213,6.379138162925223e-05,0.0010376191259798145,0.00012397369487958601,0.004116285131900715,4.066217486615352e-05,0.00015026127074688469,0.0007072899470777208,0.0023681160885207246,1.3105382662161343e-07,0.00025919909454343796,4.010702607939365e-06,0.00035290882821360054,1.0159114145118815e-05,0.00011996549085814458,4.297427507046093e-06,8.525353767574156e-07,0.24344609630297506,-0.7097859911536163,0.0654690209677439,-0.02226004819125489,0.015541421985562675,1.7209575420576886,0.7814797808412504,-0.23123541196225714,-0.018986934425766315,-0.05658723782219179,-0.44766163177179363,0.5318071366654911,0.1865906623641262,0.040629969656275446,0.022609666560380375,-0.06447882870614426,-0.031519398848262443,0.18162092304029107,0.01805129880499135,0.03470057585863207,-0.05323495584663501,-0.13775730804085853,0.0010247973802581176,0.04557533749565272,0.005669220952654012,-0.03760359935037839,-0.009022794649325013,-0.031005684320075378,0.005868369253681922,0.0026137819714455437
re900_e2,phase1_re_estarmap,900,2.0,2,1,B1_Mode2,2.0673072364616156,0.9999999999999996,1,0,4.670639218126283e-16,0.22801812649851225,1.722264785295613,-0.4210735681128843,-0.17207038879142575,-0.034625844715208104,-0.017237942230085877,0.0,0.0,0.012574876412874416,0.10514206066664991,1.6970598626497014e-07,1.6518419699757209e-06,2.032959827998646e-06,0.7174057001189281,0.027609154575756526,0.017897467021282754,0.00025204259483698534,0.0004575313444691681,0.04288258335195159,0.050832805897830506,7.533840515321388e-07,0.00012645196661381536,5.23895942401748e-06,0.007161059124794042,0.0014897949160196122,0.005798587467585073,0.00010128173730841507,0.00013778112014719792,0.00028997845629704646,0.008421758195801751,0.0003092821598083983,0.00016968708454871437,4.7986556735074065e-06,7.186804338680967e-05,3.73991131293366e-05,0.0007763315718249662,3.9768496011128996e-05,1.0305521055465914e-07,0.22801812649851225,-0.9324396878568642,-0.0011846255331984506,-0.003695870591902167,-0.004100123200030634,1.722264785295613,0.4778142109525366,-0.3847054098264331,0.04565301655764109,-0.06150960443147471,-0.4210735681128843,0.6483425868543071,-0.0024959778056442418,-0.03233667055499333,0.006581956769472165,-0.17207038879142575,0.11099304141667747,0.21897453580719614,-0.028939970176839566,0.03375416458620119,-0.034625844715208104,-0.26389665903084775,0.05057197829155508,0.037459062338592045,-0.006299300151327749,-0.017237942230085877,0.017585841715371395,-0.0801228026551087,0.01813435409238519,0.0009231398215540749
re900_e2,phase1_re_estarmap,900,2.0,3,2,B2_temporal,1.9581567903445891,0.9999999999999999,1,1,3.9118041690642457e-16,0.6923068362079839,0.4259419270208673,-0.8244697649729256,0.23295127081446865,-0.12436003131497521,0.007934481655460542,0.0,0.0,0.12238262988531291,0.040759995885620515,0.003053040329041914,0.002166144876141881,0.00029880300417245323,0.046325842263714515,0.42956748865505234,0.02085743641954072,0.0007776584873089937,0.00047156214489212425,0.1735689390926891,0.007068654158340339,0.05613856088712628,0.007622635056582696,0.0001003396119061845,0.013856473302254393,0.046813296140832746,0.005697510898573945,0.0053544431335242676,0.0005735005644653422,0.003948973204015003,0.0069468613913883604,0.0030117575868866607,0.00047581638007094786,0.00040880858990693133,1.607532130503224e-05,0.0007133082613188885,0.0008971728454808699,0.0001099938233332458,1.6277799200453212e-05,0.6923068362079839,0.5650290708197069,-0.15463934365496126,-0.13025592190894605,-0.04837781026857879,0.4259419270208673,1.8342960446134784,0.40418872203021305,-0.07804555714435531,-0.06077475186588497,-0.8244697649729256,-0.23530009042711097,0.6631081486493722,0.24434659478999185,0.02803431414496427,0.23295127081446865,-0.6055337272739936,-0.21124980145888775,0.20479100742390527,0.06702250441677825,-0.12436003131497521,0.23326417474725755,-0.15359028054709645,-0.06104827845543585,0.05658661736762338,0.007934481655460542,-0.07474675686638114,0.0838285178084676,-0.02935201199617896,0.01129149822410351
re900_e2,phase1_re_estarmap,900,2.0,4,2,B2_temporal,1.9040587820136716,0.9999999999999997,0,1,4.737253087009241e-16,0.13805538252985847,0.5714264367634388,0.001755597692140634,-0.007364153276757991,-0.007151836031899214,-0.025740260029757395,0.0,0.0,0.005004910779411193,0.6224017514924325,0.12378543926303075,0.01111144474687499,6.408335313123658e-05,0.08574529728720734,0.12727299664628475,0.015212746915699042,0.0035283261707201694,0.00031589724017110944,8.093561201377317e-07,0.00220744366356193,0.0005204367941934792,0.0008715120896774937,0.0002968645286847774,1.4240829641360319e-05,8.597637871926032e-07,0.0004331438872150567,0.0002978862260827885,3.6303744427314085e-05,1.3431507238730994e-05,5.649485690578994e-05,7.456176742290809e-05,1.115327747308045e-06,5.337189370010389e-06,0.00017398648420371317,0.00045364331795366794,4.770722433008655e-05,1.4958297775207818e-05,3.6369248697681064e-05,0.13805538252985847,2.177236340749306,0.9709680792161886,0.2909078476160243,0.02209239428494923,0.5714264367634388,0.984551201263916,0.3403878045017956,0.16392852626883958,0.04905046031839795,0.001755597692140634,-0.12966267764326828,-0.06295847039015912,0.08147171896999642,0.047549869102263574,-0.007364153276757991,0.0025589378964417328,0.057436275029892674,0.0476316233111509,0.01662822460719211,-0.007151836031899214,-0.020743146186639583,-0.023830231896819556,0.0029145494280148404,0.006375679506135263,-0.025740260029757395,-0.058779708861187864,-0.019061727041503624,0.010673608245173704,0.01664321932536598
